Disbursement Date,Client Name,Client Contact,Client ID,Guarantor Name,Guarantor Contact,Guarantor ID,Amount Disbursed,Repayment Period,Processing Fees,Interest,OLB,Weekly Installment,Total Payments,Total Loan Balance,Loan Officer,Month
24/8/2026,Mary Mwaura,708199244,34585821,Norman Macharia,70509057,28619243,20000,4weeks,500,4000,24000,6000,7000,17000,Cate,August
24/8/2026,Edwin Montana,742033906,32536807,Peter Irungu,790412246,33477371,7000,6weeks,500,3000,10000,1667,8335,1665,Cate,August
25/8/2026,Mary Kimamo,701483016,20360106,James Apere,719699112,160469172,8000,6weeks,500,3000,11000,1834,9170,1830,Cate,August
25/8/2026,Harriet Kibuchi,757601818,,Francis Muchai,76227036,24789825,7000,6weeks,500,3000,10000,1667,0,10000,Cate,August
25/8/2026,Auther Kiarie,706535129,30542910,Hesbon Mwaniki,746332140,1033936,7000,6weeks,500,3000,10000,1667,8335,1665,Damaris,August
25/8/2026,Samuel Macharia,115563126,37192764,Joseph Waithaka,722337146,4668162,7000,6weeks,500,3000,10000,1667,8335,1665,Damaris,August
25/8/2026,Brian Wanyama,114744475,,Lucy Nderitu,744652580,,7000,6weeks,500,3000,10000,1667,0,10000,Cate,August
26/8/2026,Jane Naivest,724024611,13531125,Agnes Lele,795493127,27294159,10000,6weeks,500,3000,13000,2167,10835,2165,Carol,August
26/8/2026,Robinson Kariuki,790082214,38548046,Maryann Maina,712258783,42952535,9000,6weeks,500,3000,12000,2000,5900,6100,Peter,August
26/82026,Metrine Lukuyi,700041662,39703867,Mary Wangui,721778601,27684961,7000,6weeks,700,3000,10000,1667,8335,1665,Peter,August
27/8/2026,Daniel Doya,726784976,,Hannah Njuguna,711962072,,7000,6weeks,700,3000,10000,1667,0,10000,Cate,August
27/8/2026,Ruth Kihara,745242789,20814330,Janet Koech,795884457,27882067,10000,6Weeks,700,3000,13000,2167,10728,2272,Peter,August
27/8/2026,Alice Naserian,758991413,37973587,Patricia wacuka,752560980,25332821,7000,6weeks,500,3000,10000,1667,5001,4999,Cate,August
27/8/2026,Lucy Wachira,707492014,3439701,Esther Njuguna,720311445,46722331,8000,6weeks,500,3000,11000,1834,7337,3663,Cate,August
27/8/2026,Simon Mutunga,723519085,11896471,Grace Mathaga,712989540,21514623,10000,6weeks,500,3000,13000,2167,10835,2165,Peter,August
28/8/2026,Rahab Kagema,710711406,2485400,Beth Gichohi,757956212,30702119,7000,6weeks,700,3000,10000,1667,5832,4168,Carol,August
28/8/2026,John Maingi,724712026,23504299,Leah Karimi,746563025,35148252,14000,6weeks,500,4200,18200,3034,15170,3030,Cate,August
28/8/2026,Joseph Wairimu,740364099,624110398,Silvia Wambui,1133391643,42913894,7000,6weeks,700,3000,10000,1667,8335,1665,Damaris,August
31/8/2026,Josphat Kamanu,724701702,20149301,Jane Wanjiku,710576285,26579611,12000,6weeks,500,3600,15600,2600,10400,5200,Cate,August
31/8/2026,Rabecca Echom,794400120,28512556,Faith Nyambura,7200886677,28512556,7000,6weeks,500,3000,10000,1667,5001,4999,Damaris,August
31/8/2026,Francis Njuguna,119173109,21539425,Mary Wanjiku,728845042,28295153,7000,6weeks,500,3000,10000,1667,6668,3332,Peter,August
31/8/2026,Margaret Wamai,721142486,25159522,Joseph Maina,721794032,23048858,30000,6weeks,500,10500,40500,6750,27000,13500,Cate,August
31/8/2026,Grace Njuguna,724544938,20781055,Rabecca Njuguna,740441273,32594819,10000,6weeks,500,3000,13000,2167,8668,4332,Carol,August
2/10/2026 0:00,Simon Loter,791933445,31131940,Charles Wambugu,726765939,6835432,7000,4weeks,700,2000,9000,2250,0,9000,Damaris,October
2/10/2026 0:00,Alice Wairimu,715068622,31732986,John Mucheru,790275139,37173662,7000,6weeks,700,3000,10000,1667,0,10000,Damaris,October
2/10/2026 0:00,Serah Muthura,725818764,124778336,Mary Kariuki,720847355,12487050,8000,4weeks,700,2000,10000,2500,0,10000,Damaris,October
2/10/2026 0:00,Peter Mbugua,721356359,14625359,Duncan Njeri,721401919,813198,7000,4weeks,700,2000,9000,2250,0,9000,Joseph,October
2/10/2026 0:00,James Njuguna,718886595,32820266,Joseph Njoroge,726547536,22136798,7000,6weeks,700,3000,10000,1667,0,10000,Peter,October
2/10/2026 0:00,Lucy Munene,720813561,22860388,Cecilia  Mumbua,715426487,36275179,19000,6weeks,1330,5800,24800,4134,0,24800,Carol,October
2/10/2026 0:00,George Njuguna,710733293,35138415,Peter Ndungu,742259071,348261322,7000,6weeks,700,3000,10000,1667,0,10000,Carol,October
2/10/2026 0:00,Josphat Gitonga,748310063,27436412,Simon Mwangi,721425519,9812519,10000,6weeks,700,3000,13000,2167,0,13000,Carol,October
2/10/2026 0:00,Margaret Muchemi,700430558,27744743,Miriam Maina,724225761,,7000,6weeks,700,3000,10000,1667,0,10000,Damaris,October
2/10/2026 0:00,Esther kimani,719700664,13212790,peter kimani ,107748401,28519319,7000,6weeks,700,3000,10000,1667,0,10000,Joseph,October
2/10/2026 0:00,Pierra Makena,740854760,23647701,James Manyara,744847721,21148395,12000,6weeks,840,3600,15600,2600,0,15600,Damaris,October
2/10/2026 0:00,Diana Kageha,769409406,39337572,Tabitha Wandaka,700469416,36041808,12000,4weeks,840,2400,14400,3600,0,14400,Peter,October
2/10/2026 0:00,Janet Koech,795884457,27882067,Regina Lorei,724263450,22958472,7000,6weeks,700,3000,10000,1667,0,10000,Damaris,October
3/10/2026 0:00,Beatrice  Achoto,795314749,34385557,Jedidah Kamais,726271471,31757130,7000,6weeks,700,3000,10000,1667,0,10000,Carol,October
3/10/2026 0:00,Rodah Ngarari,725559308,14707425,Susan Wanjiku,705102133,24215977,7000,6weeks,700,3000,10000,1667,0,10000,Peter,October
3/10/2026 0:00,Naomi Mbuthia,790058345,108881495,Peter Kabata,11510784,784799938,8000,4weeks,700,2000,10000,2500,0,10000,Joseph,October
3/10/2026 0:00,Marion Karunge,791046162,13394529,Ann Waruru,714388690,23986067,7000,6weeks,700,3000,10000,1667,0,10000,Peter,October
6/10/2026 0:00,Daniel Wambui,728981668,21198347,Sabina Akope,769325233,32435433,7000,6weeks,500,3000,10000,1667,0,10000,Damaris,October
6/10/2026 0:00,Jecinta Nduta,769621536,13668008,Grace Njuguna ,724544938,20781055,10000,6weeks,700,3000,13000,2167,0,13000,Carol,October
6/10/2026 0:00,Fatuma Duba,116140156,27198409,Stephen Kipkurui,798372422,39235403,17000,6weeks,1190,5100,22100,3684,0,22100,Carol,October
,,,,,,,,,,,,,,,,September
14/9/2026,Joyce Mwangi,711686002,13844502,David Mwangi,757069418,31192802,12000,6weeks,840,3600,15600,2600,4600,11000,Joseph,September
14/9/2026,Joseph Munene,714716360,33092811,Richard Kamau,758589148,37064402,10000,6weeks,700,3000,13000,2167,4334,8666,Joseph,September
14/9/2026,Ann Wangari,705304253,28687504,Naomi Bosibori,706841567,39970328,10000,6weeks,700,3000,13000,2167,4334,8666,Joseph,September
14/9/2026,Susan Mburu,113300495,20606674,Charles Nganga,721920114,,7000,6weeks,700,3000,10000,1667,3334,6666,Joseph,September
14/9/2026,Jennifer Samuel,725709459,4356631,Kenneth kuria,722416830,13685946,8000,6weeks,700,3000,11000,1834,3668,7332,Carol,September
14/9/2026,Mary Mwangi,714885607,22023123,Simon Mwangi,796216948,7665674,12000,6weeks,840,3600,15600,2600,5200,10400,Joseph,September
14/9/2026+A55:A62,Esther Ngugi,710540080,22039462,Joyce Njoroge,724066021,7337600,12000,6weeks,840,3600,15600,2600,5200,10400,Joseph,September
15/9/2026,Mercy Njuguna,746828913,37703695,Grace Mwenda ,718529941,,8000,6weeks,700,3000,11000,1834,3334,7666,Carol,September
15/9/2026,Simon Mwago,796216948,7665674,Peris Gathoni,720001026,28461332,10000,6weeks,700,3000,13000,2167,4334,8666,Damaris,September
16/9/2026,Milfridah Manyibe,742982500,2620781,Peter Onyari,723791251,9149045,9000,6weeks,700,3000,12000,2000,4000,8000,Carol,September
16/9/2026,Daniel Ekadeli,7922579608,,Paulina Isaka,743748162,40090371,10000,6weeks,700,3000,13000,2167,2167,10833,Damaris,September
16/9/2026,Agnes Machua,724446422,8620840,Mercy Busianei,726768133,5768677,7000,6weeks,700,3000,10000,1667,3334,6666,Peter,September
16/9/2026,Hannah Muraguri,746405759,20640527,Sara Migwi,718102970,13210485,8000,6Weeks,700,3000,11000,1834,3668,7332,Joseph,September
16/9/2026,Hannah Kuria,799871943,13395242,Sarah Kuria,742728359,30667729,12000,6weeks,840,3600,15600,2600,2600,13000,Carol,September
16/9/2026,Sarah Ndungu,706439225,22580679,Alex Mwiti,10660229,42319022,10000,4weeks,700,2000,12000,3000,6000,6000,Carol,September
16/9/2026,Patricia Waithera,721111140,,Charity  Wangui,712561516,2134179,7000,6weeks,700,3000,10000,1667,3334,6666,Joseph,September
16/9/2026,Edwin Gaka,797064363,29299181,Wilson Mutonga,717892112,21341790,7000,6weeks,700,3000,10000,1667,3067,6933,Damaris,September
17/9/2026,Sarah Nderitu,715706681,28779840,Samuel Maina ,722948117,41866707,25000,6weeks,1400,9050,34050,5675,11350,22700,Joseph,September
17/9/2026,Susyline Mukomunene,723495587,23411441,Joyce Macharia,729417206,13211850,12000,6weeks,840,3600,15600,2600,4100,11500,Carol,September
17/9/2026,Francis Njinju,704424647,20252308,Peter Mwaura,711767396,20396292,10000,6weeks,700,3000,13000,2167,3867,9133,Carol,September
17/9/2026,Zipporah Mureiithi,700480519,23593717,Teresiah Maina,715873084,12975899,8000,6weeks,700,3000,11000,1834,3668,7332,Joseph,September
17/9/2026,Peter Waihenja,712833328,11707589,Elizabeth Wangari,792402413,13646276,12000,6weeks,840,3600,15600,2600,5200,10400,Joseph,September
18/9/2026,Godfrey Maina,715365131,10119342,Philis Maina,713543764,10119342,12000,6weeks,840,3600,15600,2600,5200,10400,Joseph,September
18/9/2026,Samwel Gichia,702028822,8207591,Paul Mwangi,713501528,11434262,10000,6weeks,700,3000,13000,2167,4334,8666,Peter,September
18/9/2026,Boniface Wanjiru,758394044,40455673,kelvin Mwangi,746652412,236659287,7000,6weeks,700,3000,10000,1667,3334,6666,Carol,September
18/9/2026,Pauline Kamau,708448209,614340,Ann Mugambi,116691166,33895909,10000,6weeks,700,3000,13000,2167,4334,8666,Joseph,September
18/9/2026,James Kaboro,703915750,6091456,Rose Kamuri,720024027,27839855,7000,6weeks,700,3000,10000,1667,1866,8134,Peter,September
18/9/2026,Mary Wambui,757091865,31280903,Gladys Wahito,725084524,21662095,7000,6weeks,700,3000,10000,1667,1667,8333,Peter,September
1/9/2026 0:00,Gladwel Thindi,727387416,9056128,Susan Wanjohi,710954164,21944614,10000,6weeks,700,3000,13000,2167,8668,4332,Carol,September
1/9/2026 0:00,Catherine Mbuni,727865456,10892446,Hannah Macharia ,726503829,3447165,30000,6weeks,1500,10500,40500,6750,15500,25000,Carol,September
2/9/2026 0:00,Racheal Mwangi,741590773,23494763,Alice Irungu,791282933,5216122,7000,6weeks,700,3000,10000,1667,6668,3332,Carol,September
2/9/2026 0:00,Jane Theuri,795544079,35917647,John Theuri,713472309,13396551,10000,6weeks,700,3000,13000,2167,6501,6499,Carol,September
2/9/2026 0:00,Mary Karuri,721994091,1032563,Catherine Karuri,715747740,21173728,10000,6weeks,700,3000,13000,2167,8668,4332,Carol,September
4/9/2026 0:00,Esther Gachingiri,795157747,3723880,Rose Muchoki,757630138,37238880,7000,6weeks,700,3000,10000,1667,6668,3332,Peter,September
4/9/2026 0:00,Jane Njoroge,720552419,871989,Samwel Njoroge,756240295,34335563,9000,6weeks,700,3000,12000,2000,8000,4000,Peter,September
4/9/2026 0:00,Elizabeth Mathaga,706607577,5173672,Moses Mathaga,743458451,5173672,10000,6weeks,700,3000,13000,2167,6501,6499,Carol,September
7/9/2026 0:00,Esther Jairus,112149690,21334655,Lukas Ngugi,759900772,21944614,20000,6weeks,1400,6000,26000,4334,13002,12998,Carol,September
7/9/2026 0:00,Jeddy Wachira,707593937,10512633,Everline   Wachira,704452061,35310663,10000,6weeks,700,3000,10000,1667,5001,4999,Joseph,September
7/9/2026 0:00,Serah Nganga,724164082,10316527,Rachel Njoroge,727992553,13164375,10000,4weeks,700,2000,12000,3000,9000,3000,Joseph,September
7/9/2026 0:00,Mercy Macharia,715228494,30049769,Mercy Njoiki,727816849,23072036,7000,6weeks,700,3000,10000,1667,3934,6066,Peter,September
8/9/2026 0:00,Alloys Mathenge,799332321,213687386,Cicily Wambui,717004382,28614982,7000,6weeks,700,3000,10000,1667,5001,4999,Damaris,September
8/9/2026 0:00,Mary Remoi,701169467,24095273,Agnes Barno,712438585,26336575,8000,6weeks,700,3000,11000,1834,5802,5198,Peter,September
8/9/2026 0:00,Martin Kiarie,718846710,13068688,Paul Kimani,708382465,27390615,12000,6weeks,840,3600,15600,2600,7800,7800,Joseph,September
8/9/2026 0:00,Jesika Kangala,797775990,8077101,Jane Nyambura,748608288,39372680,14000,6weeks,980,4200,18200,3034,9102,9098,Peter,September
8/9/2026 0:00,virginia wairimu,718871498,24134466,Rahab Nyambura,700144012,22972792,7000,6weeks,700,3000,10000,1667,3134,6866,Peter,September
8/9/2026 0:00,Maureen Waweru,727877025,27653272,Sarah Chege,726297808,14428668,7000,6weeks,700,3000,10000,1667,5001,4999,Carol,September
8/9/2026 0:00,Lukas Kabui,759900772,39410076,Micheal Gatimu,710625385,20633409,9000,4weeks,700,2000,11000,2750,8250,2750,Peter,September
8/9/2026 0:00,Magdaline Karuri,727364504,27206497,Jane Njogu,792519004,10512975,12000,6weeks,840,3600,15600,2600,7800,7800,Carol,September
9/9/2026 0:00,Daniel Gitau,794416300,7436666,Glady Njeri,728397868,20496931,7000,6weeks,700,3000,10000,1667,5001,4999,Peter,September
9/9/2026 0:00,Joyce Macharia,729417206,8678387,Joseph Gachoki,745945541,8678387,10000,6weeks,700,3000,13000,2167,6501,6499,Carol,September
9/9/2026 0:00,Teresia Kinyua,705400456,14476495,Francis Njoroge,746322882,13210626,8000,6weeks,700,3000,11000,1834,5502,5498,Joseph,September
9/9/2026 0:00,Catherine Nduta,720340478,23255554,Esther Mwaniki,720132021,23255554,7000,4 weeks,700,3000,9000,2250,6750,2250,Carol,September
10/9/2026 0:00,Joseph Mwangi,799835033,28269341,Esther Wambui,726683825,26757694,10000,6weeks,700,3000,13000,2167,6501,3499,Carol,September
10/9/2026 0:00,Jane Njogu,746811444,7038285,John Nderitu,115403692,2266044,9000,6weeks,700,3000,12000,2000,6000,6000,Carol,September
10/9/2026 0:00,Lucia Macharia,715390575,7038431,Daniel Maina,759859581,30815397,10000,6weeks,700,3000,13000,2167,6501,3499,Carol,September
10/9/2026 0:00,Charity Mwangi,724210636,1392706,Rosemary Njeri,740491220,45276895,10000,6weeks,700,3000,13000,2167,6501,3499,Joseph,September
10/9/2026 0:00,Winnie Mwangi,715616331,36728923,kelvin Mwangi,704690718,42135111,12000,6weeks,840,3600,15600,2600,7800,7800,Joseph,September
10/9/2026 0:00,Joyce Munyiri,740300218,,Neema Loliam,722117246,23148113,7000,6weeks,700,3000,10000,1667,5001,4999,Damaris,September
10/9/2026 0:00,Martha Kariuki,742751846,39662989,Diana Wangari,750608040,31039209,7000,6weeks,700,3000,10000,1667,5001,4999,Peter,September
10/9/2026 0:00,Salome Kibunja,719105265,11306416,Daniel Gitau,726580019,24920191,10000,6weeks,700,3000,13000,2167,6501,3499,Peter,September
10/9/2026 0:00,Caroline Ngari,740605836,36868661,Monica Ngige,703215864,36155479,7000,6weeks,700,3000,10000,1667,5007,4993,Joseph,September
11/9/2026 0:00,Mary Kingori,792149332,34566066,Mary Wangui,721786012,27684961,7000,6weeks,700,3000,10000,1667,1967,8033,Peter,September
11/9/2026 0:00,Jedidah Wambui,705102985,27791326,Joy Kamwere,714203055,39676862,7000,6weeks,700,3000,10000,1667,3334,6666,Peter,September
11/9/2026 0:00,Naomi Gituria,794029149,26365817,Esther Gweche,717512042,23646125,7000,6weeks,700,3000,10000,1667,5001,4999,Peter,September
11/9/2026 0:00,Kelvin Njau,796250750,2944535,Julius Njau ,741199155,35392700,12000,4weeks,840,2400,14400,3600,10800,3600,Peter,September
11/9/2026 0:00,Susan Mwaura,724350985,24061793,Rachel Kiambati,796102762,29036048,10000,4weeks,700,2000,12000,3000,5100,6900,Peter,September
9/9/2029 0:00,Catherine Muchoki,792612031,22845586,Mary Wanjiku,716523140,29104668,7000,6weeks,700,3000,10000,1667,4600,5400,Carol,September
21/9/2026,Samuel Muya,725380367,7440363,Hellen Muiruri,728534959,21617097,10000,6weeks,700,3000,13000,2167,2167,10833,Joseph,September
21/9/2026,Tabitha Macharia,704244146,25716147,Christine Makena,725385232,25716147,10000,6weeks,700,3000,13000,2167,2167,10833,Damaris,September
21/9/2026,Anthony Munene,714076538,20957763,Ibrahim Kingori,798654955,31231207,10000,4weeks,700,2000,12000,3000,3000,9000,Joseph,September
21/9/2026,Patricia Githinji,727828552,21703988,Jane Wanjiku,726657229,21703988,7000,6weeks,700,3000,10000,1667,1667,8333,Damaris,September
21/9/2026,Esther Lomelo,725995376,26558864,Mercy Nabei,741508090,41854695,7000,4weeks,700,2000,10000,2250,2250,6750,Carol,September
21/9/2026,Faith Muturi,721318231,22136772,Eunice Nyambura,705850703,20281492,12000,6weeks,700,3600,15600,2600,2600,13000,Carol,September
21/9/2026,Grace Wangui,705191158,304074763,Grace Cherotich,762070095,37056737,7000,6weeks,700,3000,10000,1667,2903,7097,Damaris,September
22/9/2026,Anthony Muthoni,724479261,28463770,Joyce Ndunge,728649729,30552467,10000,4weeks,700,2000,12000,3000,3000,9000,Peter,September
22/9/2026,Agnes Mwihaki,713101470,20043507,Mary Maina,110724989,28402966,7000,6weeks,700,3000,10000,1667,1050,8950,Carol,September
22/9/2026,Martha Mwinga,711869409,13132580,Ann Mwangi,710686602,21867011,7000,6weeks,700,3000,10000,1667,1667,8333,Carol,September
22/9/2026,Tabitha Muiga,729828281,24015096,Susan Muchiri,713328411,2887671,7000,6weeks,700,3000,10000,1667,1650,8350,Carol,September
22/9/2026,Rahab Kabui,711227118,27071216,Benson Mwaniki,724382862,22358560,30000,6weeks,1500,10500,40500,6750,6750,33750,Joseph,September
22/9/2026,Hillary Kirwa,729518016,31331138,Norman Ngige,711063122,37156638,8000,6weeks,700,3000,11000,1834,1834,9166,Peter,September
22/9/2026,Alice Ngugi,729144308,23118891,Margaret Macharia,700570661,42101696,10000,6weeks,700,3000,13000,2167,2167,10833,Carol,September
22/9/2026,Jane Kuuti,768824476,27008294,Diana Okeyo,768094794,40206258,8000,6weeks,700,3000,11000,1834,1834,9166,Carol,September
22/9/2026,Teresa Gatheru,724836941,22843423,Grace Njeri,743320897,26354738,10000,4weeks,700,2000,12000,3000,3000,9000,Peter,September
23/9/2026,Florence Wandaka,714359854,13065475,James  Karika,715778506,564306086,30000,6weeks,1500,10500,40500,6750,6750,33750,Carol,September
23/9/2026,Bancy Waweru,711973607,13844462,Peter Njoroge,742103835,4671412,20000,4weeks,1400,4000,20000,6000,6000,18000,Carol,September
23/9/2026,Leonard Kamwaro,723849109,10877984,Alfred Etale,711237285,25788317,10000,6weeks,700,3000,13000,2167,2167,10833,Carol,September
24/9/2026,Micheal Ndege,729823193,25321156,Charles Kirugo,717722011,34914370,30000,6weeks,1500,10500,40500,6750,6750,33750,Joseph,September
24/9/2026,Harun Nguchita,707029040,25234394,Magdaline Maina,707029040,35298496,20000,6weeks,1400,6000,26000,4334,4334,26000,Peter,September
24/9/2026,Esther Kimari,726683825,26757694,Rahab Njambi,746194202,25284182,10000,6weeks,700,3000,13000,2167,2167,10833,Carol,September
24/9/2026,Jane Ndirangu,758091413,36004000,Winnie ndirangu,759607572,32416632,10000,4weeks,700,2000,12000,3000,3000,9000,Carol,September
24/9/2026,Selina  Ekitela,745464053,34005439,Susan Lomonyang,792049791,10316935,7000,6weeks,700,3000,10000,1667,1667,8333,Carol,September
24/9/2026,Keziah Wangechi,115006398,29484668,Beatrice Wangu,794894574,33115042,7000,4weeks,700,2000,9000,2250,2250,6750,Damaris,September
25/9/2026,Mercy Njuguna,794817796,21424507,Zipporah Njuki,702282198,14477349,7000,4weeks,700,2000,9000,2250,2250,6750,Peter,September
25/9/2026,Mary Kariuki,707655312,31021311,Janet Matanu,711346285,30546397,10000,6weeks,700,3000,13000,2167,2167,10833,Joseph,September
25/9/2026,Leah Kanyango,721950008,20220180,Alice Wachira,727258550,220473378,7000,4weeks,700,2000,9000,2250,2250,6750,Peter,September
25/9/2026,Susan Mburu,791542906,13219284,Esther Njoroge,710467216,13219284,10000,6weeks,700,3000,13000,2167,2167,10833,Carol,September
25/9/2026,Caroline Kimuhu,758849257,31047277,Stephen Kinyanjui,748300019,25418158,8000,4weeks,700,2000,10000,2500,2500,7500,Peter,September
25/9/2026,Papeshwa Githinji,716339627,3919278,Magdaline Wambui,740182164,2950661,10000,4weeks,700,2000,12000,3000,3000,9000,Damaris,September
25/9/2026,Molly Atieno,703832288,34273373,Jerusha Chege,725544551,21867011,7000,6weeks,700,3000,10000,1667,1670,8330,Carol,September
25/9/2026,Faith Nduta,715024838,,Alice wanjiru,705729772,11468072,7000,4weeks,700,2000,9000,2250,2250,6750,Damaris,September
25/9/2026,Elizabeth Lesurment,113811503,38594534,Serah Mugure,705287823,38594534,7000,4weeks,700,2000,9000,2250,2250,6750,Damaris,September
25/9/2026,Doreen Kipchirchir,791981144,25262744,Naomi Muthoni,714584701,21153191,7000,6weeks,700,3000,10000,1667,1667,8333,Joseph,September
25/9/2026,Damaris Kimathi,728290725,29150143,Elizabeth Wangui,714592685,2850183,12000,6weeks,840,3600,15600,2600,2600,13000,Carol,September
25/9/2026,Jane Ngata,743647697,31385905,Charles Munene,741796731,42702516,7000,4weeks,700,2000,9000,2250,2250,6750,Peter,September
25/9/2026,Kelvin Kimaru,700677627,37384637,Charity Karia,724348241,11532499,7000,6weeks,700,3000,10000,1667,1667,8333,Peter,September
28/9/2026,Benson Wahome,748485559,28086482,David Kamau,791470552,20275960,7000,6weeks,700,3000,10000,1667,0,10000,Peter,September
28/9/2026,Simon Mtikiugu,798632927,28111307,Peter  waititu,720323599,20664400,10000,4weeks,700,2000,12000,3000,0,12000,Peter,September
28/9/2026,Judy Gitau,722527858,8443023,Penina maina,722706813,21684972,7000,6weeks,700,3000,10000,1667,0,10000,Joseph,September
28/9/2026,John  Mwangi,720241837,23912762,Monica Njeri,794326731,37000834,10000,4weeks,700,2000,12000,3000,0,12000,Peter,September
28/9/2026,Beth Wairimu,720630896,2219045,Martha Wairimu,113244500,37183640,8000,6weeks,700,3000,11000,1834,0,11000,Carol,September
28/9/2026,Esther Kahihia,722655548,6828057,Mary Wanjiru,701481316,20360116,8000,6weeks,700,3000,11000,1834,0,11000,Carol,September
28/9/2026,Agnes Muburi,704163771,22008964,Teresiah Gichohi,727306592,21631981,20000,4weeks,1400,4000,24000,6000,0,24000,Carol,September
28/9/2026,James Wanyiri,714503794,22285121,Joyce Kiboi,745128614,35237828,7000,6weeks,700,3000,10000,1667,0,10000,Carol,September
29/9/2026,Gladys Waweru,717622386,12949818,Milka Wanjiku,1088117449,33334072,12000,4weeks,840,2400,14400,3600,0,14400,Peter,September
29/9/2026,Grace Gachuhi,726949202,10810897,Tabitha Ndegwa,728773170,24148229,7000,4weeks,700,2000,9000,2250,0,9000,Peter,September
29/9/2026,Edwin Wanjohi,742033906,32536807,Peter Irungu,790412246,33477371,7000,6weeks,700,3000,10000,1667,0,10000,Joseph,September
29/9/2026,Lydiah Kamau,701035799,2308800,Ann Mwangi,703322932,12949818,15000,6weeks,1050,4500,19500,3250,0,19500,Peter,September
