"id_number","first_name","last_name","phone","email","gender","address","branch","loan_officer_employee_number","next_of_kin_name","next_of_kin_contact","client_status","notes"
"27882067","Janet","Koech","254795884457","","","Rumuruti","Nyahururu","Damaris","Regina Lorei","254724263450","active","Active client from Nyahururu"
"13844502","Joyce","Mwangi","254711686002","","","","Nyahururu","Joseph","David Mwangi","254757069418","active","Active client from Nyahururu"
"","Patricia","Waithera","254721111140","","","","Nyahururu","Joseph","Charity  Wangui","254712561516","active","Active client from Nyahururu"
"13645220","Lucy","Nyoro","254717796794","","","","Nyahururu","Carol","Susan Mburu","","active","Active client from Nyahururu"
"20814330","Ruth","Kihara","254745242789","","","Rumuruti","Nyahururu","Peter","Janet Koech","254795884457","active","Active client from Nyahururu"
"25321156","Micheal","Ndege","254729823193","","","Thome","Nyahururu","Joseph","Charles Kirugo","254717722011","active","Active client from Nyahururu"
"28779840","Sarah","Nderitu","254715706681","","","","Nyahururu","Joseph","Samuel Maina ","254722948117","active","Active client from Nyahururu"
"213687386","Alloys","Mathenge","254799332321","","","Ndogino","Nyahururu","Damaris","Cicily Wambui","254717004382","active","Active client from Nyahururu"
"","Boniface","Wanjiru","254758394044","","","","Nyahururu","Carol","kelvin Mwangi","254746652412","active","Active client from Nyahururu"
"","Harriet","Kibuchi","254757601818","","","","Nyahururu","Cate","Francis Muchai","25476227036","active","Active client from Nyahururu"
"22845586","Catherine","Muchoki","254792612031","","","Rumuruti","Nyahururu","Carol","Mary Wanjiku","254716523140","active","Active client from Nyahururu"
"22136772","Faith","Muturi","254721318231","","","Subukia","Nyahururu","Carol","Eunice Nyambura","254705850703","active","Active client from Nyahururu"
"12949818","Glagys","Waweru","254717622386","","","","Nyahururu","Peter","Milka Wanjiku","2541088117449","active","Active client from Nyahururu"
"27206497","Magdaline","Karuri","254727364504","","","Subukia","Nyahururu","Carol","Jane Njogu","254792519004","active","Active client from Nyahururu"
"10877984","Leonard","Mwai","254723849109","","","","Nyahururu","Carol","Alfred Etale","254711237285","active","Active client from Nyahururu"
"","Martha","Kariuki","254742751846","","","","Nyahururu","Peter","Janet Matanu","254711346285","active","Active client from Nyahururu"
"8207591","Samuel","Gichia","254702028822","","","","Nyahururu","Peter","Paul Mwangi","254713501528","active","Active client from Nyahururu"
"32416632","Winnie","Ndirangu","254758091413","","","Makutano","Nyahururu","Carol","Winnie ndirangu","254759607572","active","Active client from Nyahururu"
"36868661","Caroline","Ngari","254740605836","","","","Nyahururu","Joseph","Monica Ngige","254703215864","active","Active client from Nyahururu"
"7440363","Samuel","Muya","254725380367","","","","Nyahururu","Joseph","Hellen Muiruri","254728534959","active","Active client from Nyahururu"
"33092811","Joseph","Munene","254714716360","","","Chemichemi","Nyahururu","Joseph","Richard Kamau","254758589148","active","Active client from Nyahururu"
"31047277","Caroline","kimuhu","254758849257","","","Mailinne","Nyahururu","Peter","Stephen Kinyanjui","254748300019","active","Active client from Nyahururu"
"8620840","Agnes","Machua","254724446422","","","Simbara","Nyahururu","Peter","Mercy Busianei","254726768133","active","Active client from Nyahururu"
"10316527","Serah","Nganga","254724164082","","","","Nyahururu","Joseph","Rachel Njoroge","254727992553","active","Active client from Nyahururu"
"23255554","Catherine","Nduta","254720340478","","","Baari","Nyahururu","Carol","Esther Mwaniki","254720132021","active","Active client from Nyahururu"
"31385905","Jane","Ngata","254743647697","","","Kirima","Nyahururu","Peter","Charles Munene","254741796731","active","Active client from Nyahururu"
"21334655","Esther","Jairus","254112149690","","","","Nyahururu","Carol","Lukas Ngugi","254759900772","active","Active client from Nyahururu"
"26757694","Esther","Kimari","254726683825","","","Shamata","Nyahururu","Carol","Rahab Njambi","254746194202","active","Active client from Nyahururu"
"4356631","Jennifer","Samuel","254725709459","","","Rumuruti","Nyahururu","Carol","Kenneth kuria","254722416830","active","Active client from Nyahururu"
"27786956","Penina","Mathenge","254748261697","","","Rumuruti","Nyahururu","Carol","Ruth Ndungu","","active","Active client from Nyahururu"
"8678387","Joyce","Macharia","254729417206","","","","Nyahururu","Carol","Joseph Gachoki","254745945541","active","Active client from Nyahururu"
"29150143","Damaris","Kimathi","254728290725","","","","Nyahururu","Carol","Elizabeth Wangui","254714592685","active","Active client from Nyahururu"
"8719789","Jane","Njoroge","254720552419","","","Bahati","Nyahururu","Peter","Samwel Njoroge","254756240295","active","Active client from Nyahururu"
"24532013","Mary","Chege","254727833081","","","Kianjata","Nyahururu","Nancy","Damaris King'ori","254721760596","active","Active client from Nyahururu"
"","Faith","Nduta","254715024838","","","","Nyahururu","Damaris","Alice wanjiru","254705729772","active","Active client from Nyahururu"
"31021311","Mary","Kariuki","254707655312","","","","Nyahururu","Joseph","Janet Matanu","254711346285","active","Active client from Nyahururu"
"1032563","Mary","Karuri","254721994091","","","Subukia","Nyahururu","Carol","Catherine Karuri","254715747740","active","Active client from Nyahururu"
"10810897","Grace","Gachuhi","254726949202","","","","Nyahururu","Peter","Tabitha Ndegwa","254728773170","active","Active client from Nyahururu"
"20149301","Josphat","Kamanu","254724701702","","","Asian","Nyahururu","Cate","Jane Wanjiku","254710576285","active","Active client from Nyahururu"
"22843423","Teresa","Gatheru","254724836941","","","","Nyahururu","Peter","Grace Njeri","254743320897","active","Active client from Nyahururu"
"27653272","Serah","Chege","254727877025","","","Ndogino","Nyahururu","Carol","Sarah Chege","254726297808","active","Active client from Nyahururu"
"3439701","Lucy","Wachira","254707492014","","","","Nyahururu","Cate","Esther Njuguna","254720311445","active","Active client from Nyahururu"
"29299181","Edwin","Macharia Gaka","254797064363","","","Mailinne","Nyahururu","Damaris","Wilson Mutonga","254717892112","active","Active client from Nyahururu"
"","Esther","Wanjohi","254759831343","","","","Nyahururu","Carol","Frida Mahiga","254722715234","active","Active client from Nyahururu"
"30542910","Auther","Kiarie","254706535129","","","Boiman","Nyahururu","Damaris","Hesbon Mwaniki","254746332140","active","Active client from Nyahururu"
"13212790","Esther","kimani","254719700664","","","","Nyahururu","Joseph","peter kimani ","254107748401","active","Active client from Nyahururu"
"14707425","Rodah","Ngarari","254725559308","","","Mailinne","Nyahururu","Peter","Susan Wanjiku","254705102133","active","Active client from Nyahururu"
"2308800","Lydia","Kamau","254701035799","","","","Nyahururu","Peter","Ann Mwangi","254703322932","active","Active client from Nyahururu"
"13394529","Marion","Karunge","254791046162","","","Rurii","Nyahururu","Peter","Ann Waruru","254714388690","active","Active client from Nyahururu"
"20640527","Hannah","Muraguri","254746405759","","","","Nyahururu","Joseph","Sara Migwi","254718102970","active","Active client from Nyahururu"
"32536807","Edwin","Montana","254742033906","","","","Nyahururu","Joseph","Peter Irungu","254790412246","active","Active client from Nyahururu"
"","Mercy","Njuguna","254794817796","","","","Nyahururu","Peter","Zipporah Njuki","254702282198","active","Active client from Nyahururu"
"13531125","Jane","Naivest","254724024611","","","","Nyahururu","Carol","Agnes Lele","254795493127","active","Active client from Nyahururu"
"37192764","Samuel","Macharia","254115563126","","","Boiman","Nyahururu","Damaris","Joseph Waithaka","254722337146","active","Active client from Nyahururu"
"","Joyce","Munyiri","254740300218","","","","Nyahururu","Damaris","Neema Loliam","254722117246","active","Active client from Nyahururu"
"5173672","Elizabeth","Mathaga","254706607577","","","","Nyahururu","Carol","Moses Mathaga","254743458451","active","Active client from Nyahururu"
"34385557","Beatrice","Achoto","254795314749","","","","Nyahururu","Carol","Jedidah Kamais","254726271471","active","Active client from Nyahururu"
"20220180","Leah","Kanyango","254721950008","","","Kiwanja","Nyahururu","Peter","Alice Wachira","254727258550","active","Active client from Nyahururu"
"20252308","Francis","Njinju","254704424647","","","Madaraka","Nyahururu","Carol","Peter Mwaura","254711767396","active","Active client from Nyahururu"
"27791326","Jedidah","Wambui","254705102985","","","Mailinne","Nyahururu","Peter","Joy Kamwere","254714203055","active","Active client from Nyahururu"
"7038285","Jane","Njogu","254746811444","","","","Nyahururu","Carol","John Nderitu","254115403692","active","Active client from Nyahururu"
"25284182","Rahab","Njambi","254746194202","","","","Nyahururu","Peter","Catherine Maina","","active","Active client from Nyahururu"
"27071216","Rahab","Kabui","254711227118","","","","Nyahururu","Joseph","Benson Mwaniki","254724382862","active","Active client from Nyahururu"
"27744743","Margaret","Muchemi","254700430558","","","","Nyahururu","Damaris","Miriam Maina","254724225761","active","Active client from Nyahururu"
"10119342","Godfrey","Mugo","254715365131","","","","Nyahururu","Joseph","Philis Maina","254713543764","active","Active client from Nyahururu"
"","Grace","Muraya","2547011257897","","","","Nyahururu","PETER","Tabitha Kibuu","254704781632","active","Active client from Nyahururu"
"3723880","Esther","Gachigiri","254795157747","","","Rumuruti","Nyahururu","Peter","Rose Muchoki","254757630138","active","Active client from Nyahururu"
"22860388","Lucy","Munene","254720813561","","","","Nyahururu","Carol","Cecilia  Mumbua","254715426487","active","Active client from Nyahururu"
"34273373","Molly","Atieno","254703832288","","","Kibathi","Nyahururu","Carol","Jerusha Chege","254725544551","active","Active client from Nyahururu"
"22023123","Mary","Mwangi","254714885607","","","","Nyahururu","Joseph","Simon Mwangi","254796216948","active","Active client from Nyahururu"
"23647701","Pierra","Makena","254740854760","","","","Nyahururu","Damaris","James Manyara","254744847721","active","Active client from Nyahururu"
"21198347","Daniel","Wambui","254728981668","","","Mailinne","Nyahururu","Damaris","Sabina Akope","254769325233","active","Active client from Nyahururu"
"37973587","Alice","Naserian","254758991413","","","","Nyahururu","Cate","Patricia wacuka","254752560980","active","Active client from Nyahururu"
"24061793","Susan","Mwaura","254724350985","","","","Nyahururu","Peter","Rachel Kiambati","254796102762","active","Active client from Nyahururu"
"23912762","John","Mwangi","254720241837","","","","Nyahururu","Peter","Monica Njeri","254794326731","active","Active client from Nyahururu"
"36728923","Winnie","Mwangi","254715616331","","","","Nyahururu","Joseph","kelvin Mwangi","254704690718","active","Active client from Nyahururu"
"21539425","Francis","Njuguna","254119173109","","","Mukoe","Nyahururu","Peter","Mary Wanjiku","254728845042","active","Active client from Nyahururu"
"35138415","George","Njuguna","254710733293","","","Muthaiga","Nyahururu","Carol","Peter Ndungu","254742259071","active","Active client from Nyahururu"
"35917647","Jane","Theuri","254795544079","","","","Nyahururu","Carol","John Theuri","254713472309","active","Active client from Nyahururu"
"13844462","Bancy","Waweru","254711973607","","","","Nyahururu","Carol","Peter Njoroge","254742103835","active","Active client from Nyahururu"
"11896471","Simon","Mutunga","254723519085","","","","Nyahururu","Peter","Grace Mathaga","254712989540","active","Active client from Nyahururu"
"11625633","Beth","Kiarie","254705757348","","","Canary","Nyahururu","Peter","Margaret Maina","","active","Active client from Nyahururu"
"31131940","Simon","Loter","254791933445","","","","Nyahururu","Damaris","Charles Wambugu","254726765939","active","Active client from Nyahururu"
"25234394","Harun","Nguchita","254707029040","","","","Nyahururu","Peter","Magdaline Maina","254707029040","active","Active client from Nyahururu"
"22580679","Sarah","Ndungu","254706439225","","","Imenti","Nyahururu","Carol","Alex Mwiti","25410660229","active","Active client from Nyahururu"
"13538979","Justus","Ndungu","254725718918","","","Muhotetu","Nyahururu","Nancy","Beatrice Wambugu","254711856758","active","Active client from Nyahururu"
"8443023","Judy","Gitau","254722527858","","","","Nyahururu","Joseph","Penina maina","254722706813","active","Active client from Nyahururu"
"11707589","Peter","Waihenya","254712833328","","","","Nyahururu","Joseph","Elizabeth Wangari","254792402413","active","Active client from Nyahururu"
"7436666","Daniel","Gitau","254794416300","","","Mailisaba","Nyahururu","Peter","Glady Njeri","254728397868","active","Active client from Nyahururu"
"2485400","Rahab","Kagema","254710711406","","","Kandutura","Nyahururu","Carol","Beth Gichohi","254757956212","active","Active client from Nyahururu"
"25159522","Margaret","Wamai","254721142486","","","","Nyahururu","Cate","Joseph Maina","254721794032","active","Active client from Nyahururu"
"8077101","Jesika","Kangala","254797775990","","","","Nyahururu","Peter","Jane Nyambura","254748608288","active","Active client from Nyahururu"
"32820266","James","Njuguna","254718886595","","","","Nyahururu","Peter","Joseph Njoroge","254726547536","active","Active client from Nyahururu"
"14476495","Teresia","Kinyua","254705400456","","","Muchemi","Nyahururu","Joseph","Francis Njoroge","254746322882","active","Active client from Nyahururu"
"23494763","Racheal","Mwangi","254741590773","","","Maili nne","Nyahururu","Carol","Alice Irungu","254791282933","active","Active client from Nyahururu"
"108881495","Naomi","Mbuthia","254790058345","","","Charagita","Nyahururu","Joseph","Peter Kabata","25411510784","active","Active client from Nyahururu"
"11306416","Salome","Kibunja","254719105265","","","","Nyahururu","Peter","Daniel Gitau","254726580019","active","Active client from Nyahururu"
"23504299","John","Maingi","254724712026","","","Marmanet","Nyahururu","Cate","Leah Karimi","254746563025","active","Active client from Nyahururu"
"35466125","Monica","Gatheca","254741227923","","","Pesi","Nyahururu","Carol","Benson Wacihi","254757960463","active","Active client from Nyahururu"
"23118891","Alice","Ngugi","254729144308","","","","Nyahururu","Carol","Margaret Macharia","254700570661","active","Active client from Nyahururu"
"39337572","Diana","Kageha","254769409406","","","","Nyahururu","Peter","Tabitha Wandaka","254700469416","active","Active client from Nyahururu"
"","Doreen","Kipchirchir","254791981144","","","","Nyahururu","Joseph","Naomi Muthoni","254714584701","active","Active client from Nyahururu"
"34260988","Daniel","Ekadeli","2547922579608","","","","Nyahururu","Damaris","Paulina Isaka","254743748162","active","Active client from Nyahururu"
"20957763","Anthony","Munene","254714076538","","","","Nyahururu","Joseph","Ibrahim Kingori","254798654955","active","Active client from Nyahururu"
"24134466","Virginia","wairimu","254718871498","","","","Nyahururu","Peter","Rahab Nyambura","254700144012","active","Active client from Nyahururu"
"13065475","Florence","Wandaka","254714359854","","","Kasuku","Nyahururu","Carol","James  Karika","254715778506","active","Active client from Nyahururu"
"","Daisy","Rotich","254705557044","","","","Nyahururu","Cate","Sharon Amolo","","active","Active client from Nyahururu"
"","Monicah","Amondi","254711124852","","","","Nyahururu","Peter","Mary Maina","254110723989","active","Active client from Nyahururu"
"37703695","Mercy","Njuguna","254746828913","","","Maili nne","Nyahururu","Carol","Grace Mwenda ","254718529941","active","Active client from Nyahururu"
"2485509","Purity","Mwangi","254746999243","","","Shamata","Nyahururu","Carol","Jane Nyambura","","active","Active client from Nyahururu"
"24095273","Mary","Remoi","254701169467","","","Co site","Nyahururu","Peter","Agnes Barno","254712438585","active","Active client from Nyahururu"
"20360106","Mary","Kimamo","254701483016","","","","Nyahururu","Cate","James Apere","254719699112","active","Active client from Nyahururu"
"20492583","Alice","Wanjiru","254758372505","","","","Nyahururu","Carol","Margaret Wangari","254","active","Active client from Nyahururu"
"","Tabitha","Njenga","254796291816","","","","Nyahururu","Carol","Douglas Njenga","254759522005","active","Active client from Nyahururu"
"31331138","Hillary","Kirwa","254729518016","","","Muchemi","Nyahururu","Peter","Norman Ngige","254711063122","active","Active client from Nyahururu"
"6091456","James","Kaboro","254703915750","","","","Nyahururu","Peter","Rose Kamuri","254720024027","active","Active client from Nyahururu"
"","fredrick","Kihomge","254794206919","","","","Nyahururu","Carol","Henry Maina","254745034146","active","Active client from Nyahururu"
"3558521","Mary","Mwaura","254708199244","","","Stadium road","Nyahururu","Cate","Norman Macharia","25470509057","active","Active client from Nyahururu"
"304074763","Grace","Wambui","254705191158","","","Charity","Nyahururu","Damaris","Grace Cherotich","254762070095","active","Active client from Nyahururu"
"38548046","Robinson","Kariuki","254790082214","","","","Nyahururu","Peter","Maryann Maina","254712258783","active","Active client from Nyahururu"
"10892446","Catherine","Mbuni","254727865456","","","Subukia","Nyahururu","Carol","Hannah Macharia ","254726503829","active","Active client from Nyahururu"
"28111307","Simon","Mtigiugu","254798632927","","","","Nyahururu","Peter","Peter  waititu","254720323599","active","Active client from Nyahururu"
"22285121","James","Wanyiri","254714503794","","","","Nyahururu","Carol","Joyce Kiboi","254745128614","active","Active client from Nyahururu"
"","Lucy","Nanbaiyaiye","254716331062","","","","Nyahururu","Carol","Beth Wachera","","active","Active client from Nyahururu"
"34566066","Mary","Kingori","254792149332","","","Leshau","Nyahururu","Peter","Mary Wangui","254721786012","active","Active client from Nyahururu"
"","Fridah","Nairia","254740326857","","","","Nyahururu","Peter","Jeniffer Anana","254718825740","active","Active client from Nyahururu"
"14625359","Peter","Mbugua","254721356359","","","Nyahururu","Nyahururu","Joseph","Duncan Njeri","254721401919","active","Active client from Nyahururu"
"2219045","Beth","Muiruri","254720630896","","","Mathenge","Nyahururu","Carol","Martha Wairimu","254113244500","active","Active client from Nyahururu"
"13219284","Susan","Mburu","254791542906","","","","Nyahururu","Carol","Esther Njoroge","254710467216","active","Active client from Nyahururu"
"13068688","Martin","Kiarie","254718846710","","","","Nyahururu","Joseph","Paul Kimani","254708382465","active","Active client from Nyahururu"
"29484668","Keziah","Wangechi","254115006398","","","","Nyahururu","Damaris","Beatrice Wangu","","active","Active client from Nyahururu"
"23593717","Zipporah","Muriithi","254700480519","","","","Nyahururu","Joseph","Teresiah Maina","254715873084","active","Active client from Nyahururu"
"36327164","Nancy","Gatwiri","254715924520","","","Makutano","Nyahururu","Peter","Eunice Kendi","254114625557","active","Active client from Nyahururu"
"","Brian","Wanyama","254114744475","","","","Nyahururu","Cate","Lucy Nderitu","254744652580","active","Active client from Nyahururu"
"36003117","Caroline","Ngugi","254743725400","","","","Nyahururu","Peter","Nancy Mukami","","active","Active client from Nyahururu"
"","Harriet","Kibuchi","254757723589","","","","Nyahururu","Cate","Francis Muchai","","active","Active client from Nyahururu"
"22039462","Esther","Ngugi","254710540080","","","","Nyahururu","Joseph","Joyce Njoroge","254724066021","active","Active client from Nyahururu"
"23515773","Mary","Muchiri","254713944872","","","","Nyahururu","Carol","Jecinta Wambui","","active","Active client from Nyahururu"
"28687504","Ann","Wangari","254705304253","","","","Nyahururu","Joseph","Naomi Bosibori","254706841567","active","Active client from Nyahururu"
"39410076","Lukas","kabui","254759900772","","","Gatero","Nyahururu","Peter","Micheal Gatimu","254710625385","active","Active client from Nyahururu"
"28269341","Joseph","Mwangi","254799835033","","","Shamata","Nyahururu","Carol","Esther Wambui","254726683825","active","Active client from Nyahururu"
"31732986","Alice","Wairimu","254715068622","","","Rumuruti","Nyahururu","Damaris","John Mucheru","254790275139","active","Active client from Nyahururu"
"20347847","Susan","Modo","254721991675","","","Rumuruti","Nyahururu","Carol","Lucy Nambayaiye","254716331062","active","Active client from Nyahururu"
"7038431","Lucia","Macharia","254715390575","","","","Nyahururu","Carol","Daniel Maina","254759859581","active","Active client from Nyahururu"
"24015096","Tabitha","Muiga","254729828281","","","Njaus","Nyahururu","Carol","Susan Muchiri","254713328411","active","Active client from Nyahururu"
"10245914","Elizabeth","Gachathi","254114732234","","","","Nyahururu","Cate","Rose Gachathi","","active","Active client from Nyahururu"
"35919921","Faith","Njogu","254710918080","","","Ndaragwa","Nyahururu","Cate","Lilian Gathigia","","active","Active client from Nyahururu"
"28463770","Anthony","Muthoni","254724479261","","","","Nyahururu","Peter","Joyce Ndunge","254728649729","active","Active client from Nyahururu"
"10512633","Jeddy","Wachira","254707593937","","","Gatero","Nyahururu","Joseph","Everline   Wachira","254704452061","active","Active client from Nyahururu"
"6828057","Esther","Kahihia","254722655548","","","Co site","Nyahururu","Carol","Mary Wanjiru","254701481316","active","Active client from Nyahururu"
"37384637","Kelvin","Kimaru","254700677627","","","Gachanji","Nyahururu","Peter","Charity Karia","254724348241","active","Active client from Nyahururu"
"614340","Pauline","Kamau","254708448209","","","","Nyahururu","Joseph","Ann Mugambi","254116691166","active","Active client from Nyahururu"
"37839074","Samuel","Chege","254793568159","","","Weru","Nyahururu","Peter","Veronica Nyokabi","254748306569","active","Active client from Nyahururu"
"21320154","Lucy","Gathondu","254705851219","","","Mailisaba","Nyahururu","Peter","milka wangai","254742242993","active","Active client from Nyahururu"
"","Daniel","Doya","254726784976","","","","Nyahururu","Cate","Hannah Njuguna","254711962072","active","Active client from Nyahururu"
"13132580","Martha","Mwinga","254711869409","","","Muhindi","Nyahururu","Carol","Ann Mwangi","254710686602","active","Active client from Nyahururu"
"7665674","Simon","Mwago","254796216948","","","Magitu","Nyahururu","Damaris","Peris Gathoni","254720001026","active","Active client from Nyahururu"
"22008964","Agnes","Muburi","254704163771","","","Kisima","Nyahururu","Carol","Teresiah Gichohi","254727306592","active","Active client from Nyahururu"
"2944535","Kelvin","Njau","254796250750","","","","Nyahururu","Peter","Julius Njau ","254741199155","active","Active client from Nyahururu"
"27008294","Jane","Kuuti","254768824476","","","","Nyahururu","Carol","Diana Okeyo","254768094794","active","Active client from Nyahururu"
"35393189","Magdaline","Wacera","254707143090","","","Mailinne","Nyahururu","Peter","Veronica Muchiri","","active","Active client from Nyahururu"
"27436412","Josphat","Gitonga","254748310063","","","","Nyahururu","Carol","Simon Mwangi","254721425519","active","Active client from Nyahururu"
"28512556","Rabecca","Echom","254794400120","","","Rumuruti","Nyahururu","Damaris","Faith Nyambura","2547200886677","active","Active client from Nyahururu"
"20781055","Grace","Njuguna","254724544938","","","Muruai","Nyahururu","Carol","Rabecca Njuguna","254740441273","active","Active client from Nyahururu"
"26365817","Naomi","Gituria","254794029149","","","","Nyahururu","Peter","Esther Gweche","254717512042","active","Active client from Nyahururu"
"38594534","Elizabeth","Lesurment","254113811503","","","","Nyahururu","Damaris","Serah Mugure","254705287823","active","Active client from Nyahururu"
"25716147","Tabitha","Macharia","254704244146","","","Rumuruti","Nyahururu","Damaris","Christine Makena","254725385232","active","Active client from Nyahururu"
"20043507","Agnes","Mwihaki","254713101470","","","Rumuruti","Nyahururu","Carol","Mary Maina","254110724989","active","Active client from Nyahururu"
"9056128","Gladwel","Thindi","254727387416","","","","Nyahururu","Carol","Susan Wanjohi","254710954164","active","Active client from Nyahururu"
"124778336","Serah","Muthura","254725818764","","","","Nyahururu","Damaris","Mary Kariuki","254720847355","active","Active client from Nyahururu"
"28086482","Benson","Wahome","254748485559","","","","Nyahururu","Peter","David Kamau","254791470552","active","Active client from Nyahururu"
"20606674","Susan","Mburu","254113300495","","","","Nyahururu","Joseph","Charles Nganga","254721920114","active","Active client from Nyahururu"
"26558864","Esther","Lomelo","254725995376","","","Kandutura","Nyahururu","Carol","Mercy Nabei","254741508090","active","Active client from Nyahururu"
"3919278","Papeshwa","Githinji","254716339627","","","Mailinne","Nyahururu","Damaris","Magdaline Wambui","254740182164","active","Active client from Nyahururu"
"2620781","Milfridah","Manyibe","254742982500","","","Subukia","Nyahururu","Carol","Peter Onyari","254723791251","active","Active client from Nyahururu"
"1392706","Charity","Mwangi","254724210636","","","","Nyahururu","Joseph","Rosemary Njeri","254740491220","active","Active client from Nyahururu"
"34005439","Selina","Ekitela","254745464053","","","Moonlight","Nyahururu","Carol","Susan Lomonyang","254792049791","active","Active client from Nyahururu"
"21703988","Patricia","Githinji","254727828552","","","Gatundia","Nyahururu","Damaris","Jane Wanjiku","254726657229","active","Active client from Nyahururu"
"23411441","Susyline","Mukomunene","254723495587","","","","Nyahururu","Carol","Joyce Macharia","254729417206","active","Active client from Nyahururu"
"31280903","Mary","Wambui","254757091865","","","Nyahururu","Nyahururu","Peter","Gladys Wahito","254725084524","active","Active client from Nyahururu"
"30049769","Mercy","Macharia","254715228494","","","Maili nne","Nyahururu","Peter","Mercy Njoiki","254727816849","active","Active client from Nyahururu"
"13668008","Jecinta","Nduta","254769621536","","","Subukia","Nyahururu","Carol","Grace Njuguna ","254724544938","active","Active client from Nyahururu"
"13395242","Hannah","Kuria","254799871943","","","","Nyahururu","Carol","Sarah Kuria","254742728359","active","Active client from Nyahururu"
