,Active clients from  All Branches,,,,,,,,,,,
No,Client,Contact,Id Number,Active Loan,OLB,Loan Cycles,Branch,Loan officer,Residential address,Business type,Business location,Status
1,Agnes Konaria  Esther,715368475,24244638,9000,11700,1,Naromoru,David Wambugu,Castle,Greengrocery,Castle,Active
2,Agnes Muthoni Ndiritu,724590343,27221760,10000,13000,1,Naromoru,David Wambugu,Naromoru,Grocery,Naromoru,Active
3,Agnes Waithera Ndege,703367645,27526334,,,1,Naromoru,David Wambugu,Castle,Mtumba,Castle,Active
4,Agnes Wanjiku Muiyuro,722675172,13392320,10000,10830,1,Naromoru,Naftaly  Kinyua,New centre,Cereals,New centre,Active
5,Agnes Wanjugu Maina,724342004,27091490,7000,1000,1,Karatina,Simon Gichigi,Kabiruini,Green grocery,Kabiruini,Active
6,Alice Muthoni Wachira,720233892,23742451,7000,7433,1,Karatina,Simon Gichigi,Ihwagi,Salon,Ihwagi,Active
7,Alice Wachira Kariuki,723279066,24290358,8000,2170,1,Naromoru,Silvester Muthomi,Chaka,Grocery,Chaka,Active
8,Alice Wachuka Gitonga,720653621,237570,10000,10000,1,Naromoru,Mercy  Karimi,Burguret,Poultry farming,Burguret,Active
9,Alice Wambui  Maina,723834640,27972897,10000,8660,1,Naromoru,David Wambugu,Village 3,Grocery,Village 3,Active
10,Alice Wanjiku Kireru,715690487,22091500,7000,5633,1,Karatina,Simon Gichigi,Ihwagi,Salon,Ihwagi,Active
11,Alice Wanjiru Kihuko,748947116,9553092,7000,1810,1,Naromoru,David Wambugu,Chaka,Grocery,Chaka,Active
12,Alice Wanjiru Mucheru,700705976,11630922,10000,3490,1,Naromoru,Naftaly  Kinyua,Naromoru,Green grocery,Naromoru,Active
13,Ann Wangui Maina,728562926,25226013,7000,8330,1,Naromoru,Silvester Muthomi,Castle,School uniforms,Castle,Active
14,Ann Wanjiku Njoroge,724260510,25089546,7000,9055,1,Naromoru,Naftaly  Kinyua,Matanya,Salon,Matanya,Active
15,Annah Wangui Wachania,702029942,22112936,10000,3840,1,Naromoru,David Wambugu,Castle,Shop,Castle,Active
16,Anne Mukami Maina,720871643,27380882,8000,1835,1,Naromoru,David Wambugu,Matanya,Shop,Matanya,Active
17,Beatrice Makena Ngeera,729148650,11257845,12000,15600,1,Naromoru,David Wambugu,Naromoru,Banana vendor,Naromoru,Active
18,Beatrice Mumbi Karombu,795381249,35988036,10000,6399,1,Karatina,Sharlet Sally,Kaiyaba,Farmer,Kaiyaba,Active
19,Beatrice Wairimu Mukumbu,704064377,24285285,10000,2170,1,Naromoru,David Wambugu,Mureru,Pub,Mureru,Active
20,Beatrice Waithira Mucheru,729659614,11179541,10000,6310,1,Naromoru,David Wambugu,Naromoru,Grocery,Naromoru,Active
21,Beatrice Wangeci Kariamwere,745736789,24924431,7000,9100,1,Naromoru,David Wambugu,Naromoru,Farming,Naromoru,Active
22,Beth Wangui Muthigani,725727216,5552874,9000,4000,1,Naromoru,Silvester Muthomi,Chaka,Grocery,Chaka,Active
23,Brian Mugo Wachira,712556511,36786253,7000,1500,1,Karatina,Evaline Muthoni,Muthinga,Farming,Muthinga,Active
24,Brigit Kamba,794955639,33844184,15000,6500,1,Nyahururu,Nancy Wamboi,20300,Barbar and spa,Transchem,Active
25,Caroline Gatwiri Bundi,716171095,27072016,10000,3240,1,Naromoru,Naftaly  Kinyua,Mukeru,Hotel,Mukeru,Active
26,Caroline Ngari,797584851,36868661,5000,1000,1,Nyahururu,Nancy Wamboi,20300,Hotel,Boyman stage,Active
27,Caroline Wairimu Wambui,746421447,23133717,9000,500,1,Karatina,Sharlet Sally,Jambo,Salon/cosmetics,Jambo,Active
28,Catherine Nyambura Kagunyu,712046450,3614276,9000,2800,1,Karatina,Caroline Mureithi,Chaka,Green grocery,Chaka,Active
29,Catherine Wangari Murithi,790512348,26084088,8000,4540,1,Naromoru,Naftaly  Kinyua,Burguret,Farming,Burguret,Active
30,Cecilia Muthoni Maina,724202982,22307659,10000,8230,1,Naromoru,Mercy  Karimi,Naromoru,Shop and cyber,Naromoru,Active
31,Charity Wanjiru Kinyua,716207585,28763662,15000,9750,1,Naromoru,Silvester Muthomi,Chaka,Green grocery,Chaka,Active
32,Christine Nyokabi Bisonga,724974652,21985939,7000,9100,1,Naromoru,Naftaly  Kinyua,Burguret,Poultry farmer,Burguret,Active
33,Consolata Wangeci Murigu,710601342,10134255,7000,265,1,Karatina,Sharlet Sally,Kiawarigi,Dairy farmer,Kiawarigi,Active
34,Damaris Wakarima,703913312,41434940,7000,4096,1,Karatina,Evaline Muthoni,Muthinga,Clothing,Muthinga,Active
35,Damaris Wetende Abucheri,757865424,33197117,,,1,Naromoru,David Wambugu,Naromoru,Hotel,Naromoru,Active
36,Edith Gathigia,724137855,29308215,7000,6680,1,Naromoru,Mercy  Karimi,Chaka,Grocery,Chaka,Active
37,Elizabeth Akinyi Osio,713874511,24337107,8000,2070,1,Naromoru,Silvester Muthomi,Kambura-ini,Second hand clothes,Castle,Active
38,Elizabeth Njambi Chege,726541516,22162392,7000,9100,1,Naromoru,Naftaly  Kinyua,Castle,Charcoal vendor,Castle,Active
39,Erick Mwaki Mutiria,796787883,40305051,9000,1350,1,Karatina,Evaline Muthoni,Muthua,Malimali seller,Karatina,Active
40,Esther Gathoni Mureithi,748495658,28566026,10000,8660,1,Naromoru,David Wambugu,Chaka,Shoe vendor,Chaka,Active
41,Esther Wairimu Warutere,723665882,27844702,,,1,Naromoru,Naftaly  Kinyua,Chaka,Grocery,Chaka,Active
42,Esther Wanjira Mwangi,712780643,26365335,8000,7340,1,Naromoru,Silvester Muthomi,Giachuma,Restaurant,Giachuma,Active
43,Eunice Nancy Nyaguthii Mwangi,111221071,23383011,8000,4085,1,Naromoru,Silvester Muthomi,Naromoru,Grocery,Naromoru,Active
44,Eunice Wambui Githumbi,702941499,22588986,8000,7330,1,Naromoru,David Wambugu,Naromoru,Plastic seller,Naromoru,Active
45,Eva Wamuyu Waruguru,719412237,28522352,12000,7800,1,Naromoru,David Wambugu,Soweto,Salon,Soweto,Active
46,Evaline Aleyo,741213695,23071138,7000,2510,1,Nyahururu,Nancy Wamboi,20300,Green grocery,Ndaragwa,Active
47,Evalyne  Wangui Wanjiru,745967398,36501682,10000,4340,1,Naromoru,Mercy  Karimi,Soweto,Hotel,Soweto,Active
48,Evan Wangombe Murani,740132792,39367266,10000,10830,1,Naromoru,Mercy  Karimi,Chaka,Food kiosk and plastic,Chaka,Active
49,Evangeline Nyawira Nkuru,768513332,22336265,,,1,Naromoru,David Wambugu,Naromoru,Green grocery,Naromoru,Active
50,Evergerine Wamuyu Warutere,706515204,759386,7000,1256,1,Karatina,Simon Gichigi,Kiawarigi,Farming,Kiawarigi,Active
51,Faith Njoki Ndiangui,724988443,25424867,15000,13050,1,Karatina,Evaline Muthoni,Kiandu,Electronics,Kiandu,Active
52,Faith Wanjeri Gacharira,759780337,24079916,7000,1412,1,Karatina,Simon Gichigi,Kiawarigi,Malimali/soap sales,Kiawarigi,Active
53,Faith Wanjiru Maina,758335400,22028297,7000,6660,1,Naromoru,Silvester Muthomi,Chaka,Mtumba clothes,Chaka,Active
54,Fatuma Alimo Mohammed,706826637,26699359,7000,6680,1,Naromoru,Naftaly  Kinyua,Burguret,Hotel,Burguret,Active
55,Florence Mwarania Kinyua,702258262,23768278,7000,6630,1,Naromoru,Naftaly  Kinyua,Matanya,Green grocery,Matanya,Active
56,Florence Nyambura Mwangi,758796378,23888450,10000,8450,1,Karatina,Peter Mathenge,Kanyange,Green grocery,Kanyange,Active
57,Francis Waweru,716034398,267551,9000,6300,2,Naromoru,Naftaly  Kinyua,Village 3,Shop,Village 3,Active
58,Fredrick Karanja,727176910,24056745,30000,10370,2,Nyahururu,Caroline Nyakio,0,Land & properties,Nyahururu,Active
59,Geddidah Wairimu Mathenge,717523158,26402244,10000,13000,1,Naromoru,Naftaly  Kinyua,Karundas,Farming,Karundas,Active
60,George Njoroge Kamande,718668200,22326151,10000,9350,1,Naromoru,Charles Kingori,10105,Farming,Kwa j,Active
61,Gladys Nyaguthii Waiguru,711755150,27168046,10000,2170,1,Naromoru,Naftaly  Kinyua,Castle,Butchery,Castle,Active
62,Gladys Waruguru Wamaitha,743374206,25753930,,,1,Naromoru,Naftaly  Kinyua,Gakuya,Food kiosk,Gakuya,Active
63,Gladys Watetu Wakahu,796890432,23666488,9000,1200,1,Karatina,Evaline Muthoni,Mahiga,Clothing/farming,Mahiga,Active
64,Gladys Wothaya Gachau,725853279,22831199,9000,7000,1,Naromoru,Mercy  Karimi,Burguret,Farmer,Burguret,Active
65,Godfrey Kiamenyi,791381569,42647083,7000,8330,1,Naromoru,Mercy  Karimi,Gakuya,Muguka base,Gakuya,Active
66,Godfrey Mwai Gatimu,725555578,21322670,7000,2893,1,Karatina,Simon Gichigi,Karatina,Carpentry,Karatina,Active
67,Grace Gathoni Gatheru,712650572,13453617,10000,8660,1,Naromoru,Naftaly  Kinyua,Soweto,Farmer,Soweto,Active
68,Grace Muthoni Mburu,745517475,21459847,7000,7830,1,Naromoru,David Wambugu,Chaka,Cereals,Chaka,Active
69,Grace Wairimu Wangui,719385074,38005321,,,1,Naromoru,Mercy  Karimi,Chaka,Farming,Chaka,Active
70,Grace Wanjiru Ngunyi,727516887,24661407,7000,2620,1,Naromoru,David Wambugu,Burguret,Soup vendor,Burguret,Active
71,Grace Wanjiru Wangui,793010635,29225000,7000,5010,1,Naromoru,Naftaly  Kinyua,Village 3,Farmer,Village 3,Active
72,Hellen Wainana,727059976,25765046,10000,143,1,Nyahururu,Nancy Wamboi,20300,Saloon,Nyahururu,Active
73,Jacinter Waithira Chege,748865530,34743497,7000,3743,1,Nyahururu,Caroline Nyakio,00200,Grocery,Kinamba,Active
74,Jackline Mwende Ireri,113487083,330468290,10000,2170,1,Naromoru,Silvester Muthomi,Burguret,Butchery,Burguret,Active
75,Jackline Wanjiru Ndambiri,759433215,498459500,9000,6000,1,Naromoru,Naftaly  Kinyua,Kambi,Mtumba clothes,Kambi,Active
76,Jackson Maina Gatia,724836345,24549006,10000,1510,1,Naromoru,Silvester Muthomi,Naromoru,Green grocery,Naromoru,Active
77,Jackson Mutinda Mutunga,702744779,12956509,10000,240,1,Naromoru,Silvester Muthomi,Gakuya,Muguka base,Gakuya,Active
78,James Gachimba Wothaya,799205142,31179068,8000,10400,1,Naromoru,Naftaly  Kinyua,Warazo jet,Butchery,Warazo jet,Active
79,James Kariuki Gikonyo,703637510,21968498,10000,13000,1,Naromoru,Naftaly  Kinyua,Chaka,Grocery,Naromoru,Active
80,Jane Mukami Nyiha,721730653,34602461,7000,2412,1,Karatina,Peter Mathenge,Ndunyu,Salon,Ndunyu,Active
81,Jane Muthoni Mwaniki,721086504,9322781,10000,4340,1,Naromoru,Mercy  Karimi,Naromoru,Beauty shop,Naromoru,Active
82,Jane Njoki Kibuchi,721975281,28173197,,,1,Naromoru,Mercy  Karimi,Swans,Second hand clothes,Swans,Active
83,Jane Waithera,700083991,28514706,7000,5450,1,Nyahururu,Peter Nderitu Machira,20300,Clothss,Kasuku,Active
84,Jane Wakuthi Gichamba,727583414,11818728,10000,13000,1,Naromoru,Silvester Muthomi,Burguret,Farming,Burguret,Active
85,Jane Wangui Wangi,792517330,29963123,9000,8000,1,Naromoru,Charles Kingori,10105,Grocery,Chaka market,Active
86,Jane Wanjiru Muriithi,702661812,9581815,10000,10830,1,Naromoru,Mercy  Karimi,Kiganjo,Fast food kiosk,Kiganjo,Active
87,Janet Muthoni Kinyua,790544260,34963158,7000,3434,1,Karatina,Sharlet Sally,Karatina,Fruit vendor,Karatina,Active
88,Jannifer Wambui Wangui,768845384,23728337,10000,10830,1,Naromoru,Mercy  Karimi,Chaka,Grocery,Chaka,Active
89,Jecinta Wambui Mwangi,759307772,28125008,,,1,Naromoru,Naftaly  Kinyua,Kiganjo,Salon,Kiganjo,Active
90,Jeresa Muthoni Gaceru,791526649,34668382,8000,10000,1,Naromoru,David Wambugu,Naromoru,Grocery,Naromoru,Active
91,Jesse Mwangi Kitheka,719335155,27743539,10000,6520,1,Naromoru,Silvester Muthomi,Naromoru,Beverage kiosk,Naromoru,Active
92,Joseph Mwangi Wangeci,117734053,531038092,8000,5440,1,Naromoru,Mercy  Karimi,Soweto,Hotel,Soweto,Active
93,Joseph Wachira Mbugua,700644064,34975876,,,1,Naromoru,Silvester Muthomi,Castle,Farming,Castle,Active
94,Joyce Macharia,729417206,8678387,10000,3794,2,Nyahururu,Caroline Nyakio,00200,Dairy farming,Imenti,Active
95,Joyce Wambui Gathigia,705763601,24907842,7000,1920,1,Naromoru,Silvester Muthomi,Burguret,Hotel,Burguret,Active
96,Judy Wanjiku Warui,715902352,24188580,7000,5963,1,Karatina,Caroline Mureithi,Kiarage,Farming,Kiarage,Active
97,Julia Kathina Mbuki,720887990,7721375,7000,9100,1,Naromoru,Silvester Muthomi,Naromoru,Hotel,Naromoru,Active
98,Julia Wanjugu Ngatia,703438648,27665673,8000,7330,1,Naromoru,David Wambugu,Kirichu,Shop,Kirichu,Active
99,Kelvin Karuga Kanabu,705738790,108171433,7000,3216,1,Karatina,Evaline Muthoni,Mbiriri,Mbiriri,Karatina,Active
100,Kenneth Mwirigi,726022867,26395273,7000,5433,1,Nyahururu,Nancy Wamboi,Imenti,Mixed farming,Imenti,Active
101,Leah Nyambura Kabiro,792850882,13453034,8000,10400,2,Naromoru,David Wambugu,Naromoru,Hotel,Naromoru,Active
102,Leah Wangechi Mwaniki,725986031,22919746,10000,6496,1,Karatina,Simon Gichigi,Ndima,Timber sales,Ndima,Active
103,Loise Njoki Ngamau,705311814,27452274,7000,5563,1,Nyahururu,Nancy Wamboi,47936,Onion wholeseller,Ndaragwa,Active
104,Loise Wanjiku,729298620,21549876,10000,5730,1,Nyahururu,Caroline Nyakio,0,Farming,Kariguini,Active
105,Lucy Kanario Lincoro,716570064,14518946,,,1,Naromoru,David Wambugu,Naromoru,Grocery,Naromoru,Active
106,Lucy Njoki Muchina,794113332,32309143,7000,765,1,Nyahururu,Nancy Wamboi,1403,Onions dealer,Imenti,Active
107,Lucy Nyacomba Mwangi,710339502,11129479,10000,5340,1,Naromoru,Silvester Muthomi,Village 7,Restaurant,Village 7,Active
108,Lucy Waceke Wanjau,712184728,31114208,7000,6660,1,Naromoru,Naftaly  Kinyua,Naromoro,Green grocery,Naromoro,Active
109,Lucy Wakiuru Kanja,708742365,30920237,9000,7000,1,Naromoru,Naftaly  Kinyua,Kariminu,Dairy farming,Kariminu,Active
110,Lucy Wambura Ngacha,711452040,5558524,8000,10400,1,Naromoru,David Wambugu,New centre,Mtumba,New centre,Active
111,Lucy Wamjira Gachara,100000000,34167443,10000,4340,1,Naromoru,Naftaly  Kinyua,Burguret,Pub,Burguret,Active
112,Lucy Wanjiku Ndirangu,721386523,11032880,8000,7340,1,Naromoru,Naftaly  Kinyua,Karundas,Tailoring,Karundas,Active
113,Lucy Wanjiru Wangondu,708356421,26381267,7000,9100,1,Naromoru,Silvester Muthomi,Burguret,Butchery,Burguret,Active
114,Margaret Wambui Mwangi,742578283,26304922,8000,3670,1,Naromoru,Mercy  Karimi,Matanya,Farmer,Matanya,Active
115,Martha Wanjugu Maina,714532944,29541202,,,1,Naromoru,Mercy  Karimi,Naromoru,Poultry farming,Naromoru,Active
116,Martin Kimathi Kariuki,117422497,30353004,7000,9100,1,Naromoru,Silvester Muthomi,Kabaru,Bike repair,Kabaru,Active
117,Mary Chege,727833081,24532013,15000,19500,1,Nyahururu,Nancy Wamboi,Kianjata,Farming and furnitures,Kianjata,Active
118,Mary Kathure Muriuki,113720913,11773533,10000,13000,1,Naromoru,Mercy  Karimi,Naromoru,Farming,Naromoru,Active
119,Mary Muthoni Kanja,799113717,29844329,7000,2183,1,Karatina,Caroline Mureithi,Kiamariga,Green grocery,Kiamariga,Active
120,Mary Mwikali Mang'uru,798433762,38579424,8000,10400,1,Naromoru,David Wambugu,New centre,Gas refilling point,New centre,Active
121,Mary Nanjala,742459392,29119763,7000,4458,1,Nyahururu,Caroline Nyakio,Nyahururu,Ujipower cafe,Nyahururu,Active
122,Mary Njeri Kamundiga,790791661,22695670,7000,7330,1,Naromoru,David Wambugu,Chaka,Shop,Chaka,Active
123,Mary Njeri Kaniaru,729294832,7113828,7000,4210,1,Naromoru,David Wambugu,Chaka,Grocery,Chaka,Active
124,Mary Nyaira Muriithi,726518607,24667218,10000,13000,1,Naromoru,Mercy  Karimi,Chaka,Fruits,Chaka,Active
125,Mary Wangari Ngenyi,746365638,39779366,7000,8100,1,Karatina,Peter Mathenge,Othaya,Green grocery,Othaya,Active
126,Mary Wanjiku Wachira,726543934,23293606,,,1,Naromoru,David Wambugu,Mureru,Second hand clothes,Mureru,Active
127,Mary Wanjira Kamanga,708710644,708710644,10000,4616,1,Karatina,Simon Gichigi,Karatina,Furnitures,Karatina,Active
128,Mary Wanjiru Ngatia,726151673,23469396,7000,3830,1,Naromoru,Mercy  Karimi,Chaka,Fast food kiosk,Chaka,Active
129,Maryann Mukami Wagura,708341205,31017569,10000,6510,1,Naromoru,Naftaly  Kinyua,Matanya,Hotel,Matanya,Active
130,Mercy Karimi Kirangi,141204839,32753371,,,1,Naromoru,David Wambugu,Naromoru,Food kiosk,Naromoru,Active
131,Mercy Wambui Nduati,790554705,24993751,10000,10833,1,Nyahururu,Peter Nderitu Machira,20300,Farming,Muchemi,Active
132,Mercy Wanjiru Maina,701187397,24272958,10000,2170,1,Naromoru,Mercy  Karimi,Soweto,Farmer,Soweto,Active
133,Michael Muthii Muriuki,716645885,10952883,10000,2170,1,Naromoru,Mercy  Karimi,Njoguini,Farming,Njoguini,Active
134,Milka Wairimu Karume,729500609,12472746,10000,10830,1,Naromoru,David Wambugu,Kirichu,Mtumba,Kirichu,Active
135,Millicent Wawira Wambugu,795543318,24309632,8000,8660,1,Naromoru,David Wambugu,Naromoru,Grocery,Naromoru,Active
136,Mirriam Rotich,726281613,20935810,20000,8668,1,Nyahururu,Nancy Wamboi,20300,Retail shop,Karandi,Active
137,Mirriam Wamuyu Kiama,717735348,28500793,10000,500,1,Naromoru,Mercy  Karimi,Naromoru,Carwash,Naromoru,Active
138,Monica Nyambura Gatimu,723553746,13454318,9000,800,1,Karatina,Evaline Muthoni,Kangaita,Farming,Kangaita,Active
139,Monicah Wamucii Njoroge,720637112,24827208,9000,11700,1,Naromoru,Silvester Muthomi,Naromoru,Cattle farming,Blueline,Active
140,Monicah Wangui Njenga,719624262,24635706,8000,2000,1,Naromoru,Mercy  Karimi,Matanya,Second hand clothes,Matanya,Active
141,Nahashon Mwangi Irungu,707949553,20166024,,,1,Naromoru,Naftaly  Kinyua,Naromoru,Green grocery,Naromoru,Active
142,Nancy Njoki Njuguna,714920292,10595380,,,1,Naromoru,Naftaly  Kinyua,Kibunja,Hotel,Kibunja,Active
143,Nancy Nyaguthii Ndegwa,724633563,9075851,7000,9100,1,Naromoru,David Wambugu,New centre,Food kiosk,New centre,Active
144,Nancy Wangeci Gathigia,704709046,27841566,7000,5010,1,Naromoru,Silvester Muthomi,Chaka,Kilimo biashara,Chaka,Active
145,Nancy Wanjiku Kiguta,721841322,23797035,10000,12000,2,Naromoru,David Wambugu,Naromoru,Club,Mureru,Active
146,Naomi Nyaguthi Munjari,793551785,42056759,7000,9100,1,Naromoru,Naftaly  Kinyua,Meeting,Salon,Meeting,Active
147,Naomi Wangui,711962072,2178940,7000,5260,1,Nyahururu,Nancy Wamboi,20301,Farming,Ahiti centre,Active
148,Patience Mumo Ngonzi,743534921,31855559,7000,8330,1,Naromoru,Naftaly  Kinyua,Naromoru,Salon,Naromoru,Active
149,Patricia Wamuyu Gakui,715363435,23725649,6999,4062,1,Karatina,Simon Gichigi,Gachika,Farming,Gachika,Active
150,Patricia Wanjiru Kario,721996908,31156525,6999,245,1,Karatina,Simon Gichigi,Kaiyaba,Salon/farmer,Kaiyaba,Active
151,Patrick Kinya Kariuki,117665073,36996924,7000,5733,1,Karatina,Simon Gichigi,Karatina,Scrap metal,Karatina,Active
152,Pauline Wanjiku Kimani,711154802,25362649,7000,9100,1,Naromoru,Mercy  Karimi,Ha gituku,Green grocery,Ha gituku,Active
153,Peter Gichohi Kihara,720709061,14519083,8000,6320,1,Naromoru,David Wambugu,Naromoru,Shoes vendor,Naromoru,Active
154,Philis Wanjiru Onyango,723117536,35079381,7000,2260,1,Karatina,Simon Gichigi,Muthua,Green grocery,Muthua,Active
155,Poline Muthoni,714226124,20368523,7000,9100,1,Naromoru,David Wambugu,Mucuiri,Greengrocery,Naromoru,Active
156,Priscah Nyangweso Mbatia,758659128,31246744,8000,5506,1,Naromoru,Silvester Muthomi,Naromoru,Hotel,Naromoru,Active
157,Priscilla Wangui Mwangi,725880687,23800798,,,1,Naromoru,David Wambugu,Mureru,Pub,Mureru,Active
158,Purity Kanana,721919217,27443997,10000,8660,1,Naromoru,Silvester Muthomi,Burguret,Butchery,Burguret,Active
159,Purity Njoki Macharia,713978869,28263106,10000,4340,1,Naromoru,Mercy  Karimi,Chaka,Salon,Chaka,Active
160,Purity Njoki Mwangi,143178817,31867824,10000,13000,1,Naromoru,Mercy  Karimi,Chaka,Plastic vendor,Chaka,Active
161,Purity Nyaguthii Wanjohi,714680432,21701047,10000,10830,1,Naromoru,David Wambugu,Naromoru,Shop,Naromoru,Active
162,Purity Wairimu Kamau,729374373,25395294,8000,3670,1,Naromoru,Mercy  Karimi,Naromoru,Plastic seller,Naromoru,Active
163,Purity Wanjiru,713290488,12477096,10000,13000,1,Naromoru,David Wambugu,Naromoru,Bar,Naromoru,Active
164,Racheal Keru Wanjiku,115746322,24960498,7000,9100,1,Naromoru,David Wambugu,Chaka,Shop,Chaka,Active
165,Rachel Mwangi,707670443,37132889,10000,3313,2,Nyahururu,Caroline Nyakio,Imenti,Pub,Imenti,Active
166,Raphael Gikandi Maina,708320978,24189307,10000,2170,1,Naromoru,Silvester Muthomi,Wasanet,Hotel,Wasanet,Active
167,Rebecca Nyaguthii Thamaini,758011823,24346337,8000,2832,1,Karatina,Sharlet Sally,Giakaibei,Mini boutique,Giakabei,Active
168,Rhoda Wanjiru Mundia,742279176,21594721,8000,8568,1,Naromoru,Silvester Muthomi,Chaka,Grocery,Chaka,Active
169,Richard Sike,722340765,40145313,15000,5500,1,Nyahururu,Nancy Wamboi,Thome road,Car wash,Rumuruti,Active
170,Rosaline Wanja Nyaga,710602129,25308011,7000,8330,1,Naromoru,David Wambugu,Chaka,Clothes,Chaka,Active
171,Rose Ikua,706241487,29235850,7000,6680,1,Naromoru,Silvester Muthomi,Castle,Green grocery,Castle,Active
172,Rose Wanja Wangui,712872335,25586166,10000,13000,1,Naromoru,David Wambugu,Naromoru,Grocery,Naromoru,Active
173,Rose Wanjiku Githinji,713146035,24960584,8000,3670,1,Naromoru,David Wambugu,Kiganjo,Shop,Kiganjo,Active
174,Salome Njoki Kaharu,743662912,20905006,7000,5090,1,Karatina,Peter Mathenge,Othaya,Clothes seller,Othaya,Active
175,Salome Wanjiru Wachira,745707906,31204394,10000,4620,1,Naromoru,David Wambugu,Naromoru,Kuku vendor,Naromoru,Active
176,Samuel Mwenda Mwiti,743333421,23497949,10000,3640,1,Naromoru,Mercy  Karimi,Kiamathaga,Farming,Njoguini,Active
177,Selina Ekiela,745464053,34005439,7000,1932,1,Nyahururu,Caroline Nyakio,Moonlight,Salon,Rumuruti road,Active
178,Serah Kimani,726145455,21626553,7000,2350,1,Nyahururu,Peter Nderitu Machira,Nyahururu,Grocery,Nyahururu,Active
179,Serah Wairimu Kinyua,715368458,24713898,10000,2170,1,Naromoru,Silvester Muthomi,Mwichwiri,Scrap metals,Mucwiri,Active
180,Sheila Langat,707451706,26914983,10000,6409,1,Nyahururu,Nancy Wamboi,1222,Boutique,Ngane,Active
181,Shelmith Gathoni Gichohi,746399541,25132565,10000,4340,1,Naromoru,Mercy  Karimi,Naromoru,Salon,Naromoru,Active
182,Stella Wangui Nyawira,790351484,28426847,8000,835,1,Naromoru,Naftaly  Kinyua,Naromoru,Hotel,Noromoru,Active
183,Susan Kananu Kaberia,793873983,28576880,10000,6490,1,Naromoru,David Wambugu,Naromoru,Hotel,Naromoru,Active
184,Susan Modo,721991675,20347847,5000,833,1,Nyahururu,Caroline Nyakio,Rumuruti,Farming,Rumuruti -road,Active
185,Susan Ndinda Kinyua,110688130,28498632,9000,2200,1,Karatina,Caroline Mureithi,Njatheini,Farming,Njatheini,Active
186,Susan Njiri Watiri,723512549,2353086,10000,12500,1,Naromoru,Naftaly  Kinyua,Chaka,Soup vendor,Chaka,Active
187,Susan Njoki Maina,725250520,24309052,9000,6600,1,Karatina,Sharlet Sally,Kaiyaba,Green grocery,Kaiyaba,Active
188,Susan Waguthii Maina,724057954,11413712,10000,2170,1,Naromoru,Mercy  Karimi,Kiganjo,Second hand clothes,Msafiri,Active
189,Susan Wangari,113300495,20606674,5000,1660,1,Nyahururu,Nancy Wamboi,20301,Dairy farm,Charagita,Active
190,Susan Wanjiku Kirugo,114231644,28182575,10000,2170,1,Naromoru,Silvester Muthomi,Chaka,Mtumba seller,Chaka,Active
191,Sylvester Njuguna Kamau,727149758,36239339,10000,2170,1,Naromoru,Naftaly  Kinyua,Gataka,Tour guide,Gataka,Active
192,Tabitha Nyokabi Njenga,796291816,21543280,7000,4256,1,Nyahururu,Peter Nderitu Machira,20300,Milk farming,Umoja mbuyu,Active
193,Teresa Nderitu Gathoni,710199397,12780142,8000,2170,2,Naromoru,David Wambugu,Chaka,Grocery,Chaka,Active
194,Teresa Wangari Wachinga,797396128,35815888,8000,7330,1,Naromoru,David Wambugu,Naromoru,Grocery,Naromoru,Active
195,Teresia Muthoni Waithaka,704159480,21114950,7000,1052,1,Karatina,Caroline Mureithi,Karatina,Clothes seller,Karatina,Active
196,Veronica Mbaika  Mutua,112720895,32724484,8000,5505,1,Naromoru,Mercy  Karimi,Jowiny,Plastics utensils,Njoguini,Active
197,Virginia Wangui Kabaiku,715010933,27960445,7000,2610,1,Naromoru,Silvester Muthomi,Matanya,Pub,Matanya,Active
198,Winrose Njoki Muturi,759419495,37578315,,,1,Naromoru,Naftaly  Kinyua,Kibunja,Salon,Kibunja,Active
199,Zipporah Rotich,720853132,485452,10000,7500,1,Nyahururu,Caroline Nyakio,20300,Mtumba seller,Kaburua,Active
