All Clients from  All Branches,,,,,,,,,,,
Client,Contact,Id Number,Active Loan,OLB,Loan Cycles,Branch,Loan officer,Residential address,Business type,Business location,Status
Agatha Wangui Muhia,705886960,23950856,,,0,Karatina,Joseph Ngondi,Nyeri,Salon,Nyeri,Dormant
Agnes Kioni,769694106,22259541,,,1,Nyahururu,Nancy Wamboi,Rumuruti,Hotel,Rumuruti,Dormant
Agnes Konaria  Esther,715368475,24244638,9000,11700,1,Naromoru,David Wambugu,Castle,Greengrocery,Castle,Active
Agnes Muburi,704163771,22008964,,,1,Nyahururu,Caroline Nyakio,Kisima,Shop,Nyahururu-olkalao road,Dormant
Agnes Muthoni Ndiritu,724590343,27221760,10000,13000,1,Naromoru,David Wambugu,Naromoru,Grocery,Naromoru,Active
Agnes Mwihaki Nduta,713101470,20043507,,,0,Nyahururu,Caroline Nyakio,Rumuruti,Hotel,Rumuruti,Dormant
Agnes Nungari  Machua,724446422,8620840,,,0,Nyahururu,Peter Nderitu Machira,Simbara,Dairy farming,Simbara,Dormant
Agnes Waithera Ndege,703367645,27526334,,,1,Naromoru,David Wambugu,Castle,Mtumba,Castle,Active
Agnes Wamuyu Kinyua,711935848,12475853,,,1,Karatina,Caroline Mureithi,Kabiruini,Farming,Kabiruini,Dormant
Agnes Wanjiku Muiyuro,722675172,13392320,10000,10830,1,Naromoru,Naftaly  Kinyua,New centre,Cereals,New centre,Active
Agnes Wanjugu Maina,724342004,27091490,7000,1000,1,Karatina,Simon Gichigi,Kabiruini,Green grocery,Kabiruini,Active
Alice Johnson,758991413,37973587,,,1,Nyahururu,Nancy Wamboi,20300,Cereals,Chanti opposite,Dormant
Alice Kirigo Karuthi,790253853,32552183,,,1,Karatina,Evaline Muthoni,Mahiga,Shop,Mahiga,Dormant
Alice Muthoni Wachira,720233892,23742451,7000,7433,1,Karatina,Simon Gichigi,Ihwagi,Salon,Ihwagi,Active
Alice Nduta,702512871,13531432,,,1,Karatina,Sharlet Sally,Hiriga,Selling farm products,Hiriga,Dormant
Alice Njanja Wanjiru,701808741,25535258,,,0,Karatina,Sharlet Sally,Karatina,Farming,Karatina,Dormant
Alice Njoki,729144308,23118891,,,2,Nyahururu,Caroline Nyakio,0,Cereals  retail,Imenti,Dormant
Alice Wachira Kariuki,723279066,24290358,8000,2170,1,Naromoru,Silvester Muthomi,Chaka,Grocery,Chaka,Active
Alice Wachuka Gitonga,720653621,237570,10000,10000,1,Naromoru,Mercy  Karimi,Burguret,Poultry farming,Burguret,Active
Alice Wainuku,716558849,29029703,,,0,Karatina,Caroline Mureithi,Gitunduti,Farming,Gitunduti,Dormant
Alice Wairimu Wangari,715068622,31732986,,,0,Nyahururu,Damaris Ruguru,Rumuruti,Bakery,Rumuruti,Dormant
Alice Wambui  Maina,723834640,27972897,10000,8660,1,Naromoru,David Wambugu,Village 3,Grocery,Village 3,Active
Alice Wangari Gatheru,726500517,10317281,,,0,Naromoru,Silvester Muthomi,Matanya,Groceries,Matanya,Dormant
Alice Wangeci Wangombe,713789992,26449623,,,0,Karatina,Sharlet Sally,Kagochi/karatina,Farming,Karatina,Dormant
Alice Wanjiku Kariuki,703637040,34744183,,,1,Karatina,Sharlet Sally,Kiawarigi,Selling farm products,Kiawarigi,Dormant
Alice Wanjiku Kireru,715690487,22091500,7000,5633,1,Karatina,Simon Gichigi,Ihwagi,Salon,Ihwagi,Active
Alice Wanjiru,758372505,20492583,,,1,Nyahururu,Caroline Nyakio,0,Farming,Pasenga,Dormant
Alice Wanjiru Kihuko,748947116,9553092,7000,1810,1,Naromoru,David Wambugu,Chaka,Grocery,Chaka,Active
Alice Wanjiru Mucheru,700705976,11630922,10000,3490,1,Naromoru,Naftaly  Kinyua,Naromoru,Green grocery,Naromoru,Active
Alice Wanjugu Wanduma,705907139,24267777,,,1,Karatina,Sharlet Sally,Maganjo,Farming,Maganjo,Dormant
Alison Wanja M'imwitha,710738744,35775792,,,0,Naromoru,Naftaly  Kinyua,Matanya,Day care,Matanya,Dormant
Alloys Kimaru Mathenge,799332321,213687386,,,0,Nyahururu,Damaris Ruguru,Ndogino,Electronics /electronics repair,Ndogina,Dormant
Angelica Nyawira Gikunju,719628630,9552402,,,1,Karatina,Sharlet Sally,Mukuruweini,Selling farm products,Mukurweini,Dormant
Ann Dorothy Wanjiru Nduta,703965738,23134564,,,1,Karatina,Caroline Mureithi,Giakaibei,Farming,Giakaibei,Dormant
Ann Nyaguthii Wachira,713420550,12975630,,,0,Naromoru,Naftaly  Kinyua,Sirima,Hotel,Karimeno,Dormant
Ann Nyawira Wanjogu,725996100,25926695,,,0,Karatina,Caroline Mureithi,Kanjuri,Farming,Kanjuri,Dormant
Ann Wamucii Kariuki,727719755,12477857,,,1,Karatina,Simon Gichigi,Gachika,Farming,Gachika,Dormant
Ann Wangari,705304253,28687504,,,1,Nyahururu,Nancy Wamboi,20300,Green grocery,Bypass brookside,Dormant
Ann Wangechi Wachira,724132256,22250921,,,1,Karatina,Simon Gichigi,Muthiga,Green grocery,Muthiga,Dormant
Ann Wangui Maina,728562926,25226013,7000,8330,1,Naromoru,Silvester Muthomi,Castle,School uniforms,Castle,Active
Ann Wangui Mwangi,728542276,22936583,,,0,Karatina,Caroline Mureithi,Hiriga,Green grocery,Hiriga,Dormant
Ann Wanjiku Njoroge,715747806,31577513,,,0,Nyahururu,Peter Nderitu Machira,Maili nne,Selling mitumba,Maili nne,Dormant
Ann Wanjiku Njoroge,724260510,25089546,7000,9055,1,Naromoru,Naftaly  Kinyua,Matanya,Salon,Matanya,Active
Ann Wanjiru Buburu,726020218,12777308,,,1,Karatina,Evaline Muthoni,Chaka,Bookshop,Chaka,Dormant
Annah Wangui Wachania,702029942,22112936,10000,3840,1,Naromoru,David Wambugu,Castle,Shop,Castle,Active
Annah Wanjira Muriuki,726399801,1408385,,,1,Karatina,Simon Gichigi,Karatina,Farm products,Karatina,Dormant
Anne Akech,715577248,3365016,,,0,Nyahururu,Caroline Nyakio,Nyahururu,Chips processing,Nuclear stage,Dormant
Anne Karua,714734249,28334732,,,0,Nyahururu,Peter Nderitu Machira,Kwa njora,Mobile business,Kwanjora,Dormant
Anne Mukami Maina,720871643,27380882,8000,1835,1,Naromoru,David Wambugu,Matanya,Shop,Matanya,Active
Anne Wangechi Maina,725214493,14648317,,,0,Karatina,Caroline Nyakio,Gitunduti/karatina,Farming,Gitunduti/karatina,Dormant
Anthony Wachira Munene,714076538,20957763,,,0,Nyahururu,Nancy Wamboi,Nyahururu,Leather works,Nairobi road,Dormant
Anthony Wainaina Muthoni,724479261,28463770,,,0,Nyahururu,Caroline Nyakio,Huhoini,Selling mitumba,Nyahururu,Dormant
Auther Kiarie,706535129,30542910,,,0,Nyahururu,Damaris Ruguru,Boiman,Wholesaler,Boiman,Dormant
Bancy Njeri,711973607,13844462,,,2,Nyahururu,Caroline Nyakio,0,Club,Ng'arua,Dormant
Bancy Wanjiru Kimani,795450709,38165338,,,1,Naromoru,Naftaly  Kinyua,Mukeru,Muguka base,Mukeru,Dormant
Beatrice Makena Ngeera,729148650,11257845,12000,15600,1,Naromoru,David Wambugu,Naromoru,Banana vendor,Naromoru,Active
Beatrice Mumbi Karombu,795381249,35988036,10000,6399,1,Karatina,Sharlet Sally,Kaiyaba,Farmer,Kaiyaba,Active
Beatrice Nyawira Murage,757231363,37638237,,,0,Karatina,Caroline Mureithi,Kiamariga,Hotel,Kiamariga,Dormant
Beatrice Nyawira Mwangi,793696199,24744527,,,0,Karatina,Joseph Ngondi,Gikumbo/karatina,Farming,Gikumbo,Dormant
Beatrice Wairimu Kahoro,705161515,1408287,,,1,Karatina,Sharlet Sally,Kiawarigi,Mtumba/farming,Kiawarigi,Dormant
Beatrice Wairimu Kinyua,769836382,27003178,,,0,Karatina,Joseph Ngondi,Kigengi,Farming,Karatina,Dormant
Beatrice Wairimu Mukumbu,704064377,24285285,10000,2170,1,Naromoru,David Wambugu,Mureru,Pub,Mureru,Active
Beatrice Waithira Mucheru,729659614,11179541,10000,6310,1,Naromoru,David Wambugu,Naromoru,Grocery,Naromoru,Active
Beatrice Wangeci Kariamwere,745736789,24924431,7000,9100,1,Naromoru,David Wambugu,Naromoru,Farming,Naromoru,Active
Beatrice Wanjiru Njaramba,799173612,29011872,,,0,Nyahururu,Peter Nderitu Machira,Ngamini,General shop,Ngamini,Dormant
Benadetta Njoki  Muthinji,721803096,9271970,,,0,Karatina,Evaline Muthoni,Nyeri,Clothing,Nyeri,Dormant
Benard Thiongo Kambo,115060915,27301870,,,0,Karatina,Caroline Mureithi,Karatina,Photography,Karatina,Dormant
Benson Ndirangu Wahome,748485559,28086482,,,1,Nyahururu,Peter Nderitu Machira,20300,Butchery,Ngomongo,Dormant
Beth Muiruri,720630896,2219045,,,1,Nyahururu,Caroline Nyakio,Mathenge,Shop,Rumuruti-maralal road,Dormant
Beth Muthoni Kiarie,705757348,11625633,,,0,Nyahururu,Peter Nderitu Machira,Canary,Farming,Shamata,Dormant
Beth Njeri Chege,713333573,24918299,,,0,Naromoru,Silvester Muthomi,Matanya,Second hand clothes,Matanya,Dormant
Beth Nyyawira Mukungu,116086845,12977489,,,0,Karatina,Caroline Mureithi,Giakaibei,Farming,Giakaibei,Dormant
Beth Wangui Muthigani,725727216,5552874,9000,4000,1,Naromoru,Silvester Muthomi,Chaka,Grocery,Chaka,Active
Beth Wanjiku Gitau,795366039,25846660,,,0,Karatina,Shyrine Njue,Kiamariga,Mtumba,Kiamariga,Dormant
Brian Mugo Wachira,712556511,36786253,7000,1500,1,Karatina,Evaline Muthoni,Muthinga,Farming,Muthinga,Active
Brigit Kamba,794955639,33844184,15000,6500,1,Nyahururu,Nancy Wamboi,20300,Barbar and spa,Transchem,Active
Caroline Gatwiri Bundi,716171095,27072016,10000,3240,1,Naromoru,Naftaly  Kinyua,Mukeru,Hotel,Mukeru,Active
Caroline Kinya,111680642,32121779,,,0,Karatina,Simon Gichigi,Karatina,Scrap metals,Karatina,Dormant
Caroline Kirigo Githungo,769048062,11775253,,,1,Karatina,Caroline Mureithi,Kiamariga,Salon,Kiamariga,Dormant
Caroline Ngari,797584851,36868661,5000,1000,1,Nyahururu,Nancy Wamboi,20300,Hotel,Boyman stage,Active
Caroline Ngugi,743725400,36003117,,,1,Nyahururu,Peter Nderitu Machira,20300,Fruit selling,Jikaze,Dormant
Caroline Njeri Wamai,708744863,22149439,,,1,Karatina,Evaline Muthoni,Karatina,Shoeseller,Karatina,Dormant
Caroline Owino Omondi,713546819,21344563,,,0,Karatina,Joseph Ngondi,Mukuruweini,Fish vendor,Mukurweini,Dormant
Caroline Wagicugu Njine,713951282,11289767,,,0,Naromoru,Silvester Muthomi,Chaka,Green grocery,Chaka,Dormant
Caroline Wairimu Wambui,746421447,23133717,9000,500,1,Karatina,Sharlet Sally,Jambo,Salon/cosmetics,Jambo,Active
Caroline Wairimu Wanjiru,728137953,26581544,,,1,Karatina,Evaline Muthoni,Karatina,Salon,Karatina,Dormant
Caroline Wangeci Ndiritu,798217104,39264187,,,0,Naromoru,Naftaly  Kinyua,Ngaringiro,Pub,Ngobit,Dormant
Caroline Wanjiku Kimuhu,758849257,31047277,,,0,Nyahururu,Peter Nderitu Machira,Mailinne,Selling mitumba,Mailinne,Dormant
Caroline Wanjiru Mwangi,768932840,31538490,,,0,Karatina,Simon Gichigi,Karatina,Onion sales,Karatina,Dormant
Catherine  Ngima Njeru,712197021,27473984,,,1,Karatina,Caroline Mureithi,Kiamariga,Salon,Kiamariga,Dormant
Catherine Mbuni,727865456,10892446,,,1,Nyahururu,Caroline Nyakio,Subukia,Agrovet,Subukia,Dormant
Catherine Muchoki Njoki,792612031,22845586,,,0,Nyahururu,Caroline Nyakio,Rumuruti,Kibanda,Rumuruti,Dormant
Catherine Mueni,705108040,31310078,,,0,Karatina,Peter Mathenge,Muthua,Green grocery,Muthua,Dormant
Catherine Njeri Muriuki,704506325,27004118,,,0,Karatina,Caroline Mureithi,Kabiruini,Retail shop,Kabiruini,Dormant
Catherine Nyambura Kagunyu,712046450,3614276,9000,2800,1,Karatina,Caroline Mureithi,Chaka,Green grocery,Chaka,Active
Catherine Wangari Murithi,790512348,26084088,8000,4540,1,Naromoru,Naftaly  Kinyua,Burguret,Farming,Burguret,Active
Catherine Wangechi Maina,728586678,9935640,,,0,Nyahururu,Nancy Wamboi,Nyahururu,Cereals,Nhr market,Dormant
Catherine Wangui Macharia,721964881,9857089,,,1,Karatina,Evaline Muthoni,Mahiga,Farming,Mahiga,Dormant
Catherine Wanjiru Nduta,720340478,23255554,,,0,Nyahururu,Caroline Nyakio,Baari,Salon,Baari,Dormant
Cecilia Muraya,721961454,27994393,,,1,Nyahururu,Nancy Wamboi,20300,Farming,Mutara,Dormant
Cecilia Muthoni Maina,724202982,22307659,10000,8230,1,Naromoru,Mercy  Karimi,Naromoru,Shop and cyber,Naromoru,Active
Cecilia Muthoni Murage,795468749,35787001,,,0,Karatina,Caroline Mureithi,Jambo,Retail shop,Karatina,Dormant
Cecilia Wangeci Muriithi,745488891,28338306,,,0,Naromoru,David Wambugu,Matanya,Salon,Matanya,Dormant
Charity Njeri,724210636,1392706,,,1,Nyahururu,Nancy Wamboi,20300,Farming,Ahiti,Dormant
Charity Wanjiku Wachira,711714744,14648525,,,0,Karatina,Sharlet Sally,Karatina,Farming,Karatina,Dormant
Charity Wanjiru Kinyua,716207585,28763662,15000,9750,1,Naromoru,Silvester Muthomi,Chaka,Green grocery,Chaka,Active
Charity Wanjiru Njagi,794404111,35612620,,,1,Karatina,Simon Gichigi,Karatina,Scrap metals,Karatina,Dormant
Charles Kiarie,722591581,9266988,,,1,Nyahururu,Caroline Nyakio,Madaraka,Furnitures,Madaraka,Dormant
Christine Nyokabi Bisonga,724974652,21985939,7000,9100,1,Naromoru,Naftaly  Kinyua,Burguret,Poultry farmer,Burguret,Active
Christine Wangui Matu,704370725,29363204,,,0,Karatina,Joseph Ngondi,Gitunduti/karatina,Tailor/vetenary,Gitunduti,Dormant
Clara Mwikali Muli,704108834,29122459,,,0,Karatina,Lisper Gatwiri,Hiriga,Farming,Hiriga,Dormant
Consolata Gathoni Nyokabi,707038745,32404900,,,1,Karatina,Caroline Mureithi,Kiamariga,Grocery,Kiamariga,Dormant
Consolata Wangeci Murigu,710601342,10134255,7000,265,1,Karatina,Sharlet Sally,Kiawarigi,Dairy farmer,Kiawarigi,Active
Daina Kajuju,742282927,26714636,,,1,Nyahururu,Caroline Nyakio,Pesi,Electronics,Pesi,Dormant
Daisy Chepchumba,705557044,22557992,,,0,Nyahururu,Catherine Luyudi,Igwamiti,Kibanda,Igwamiti,Dormant
Damaris Kimathi,728290725,29150143,,,2,Nyahururu,Caroline Nyakio,00200,Malimali shop,Imenti,Dormant
Damaris Nderitu,724051213,29717655,,,0,Nyahururu,Peter Nderitu Machira,Leshau,Kiosk,Leshau,Dormant
Damaris Wairimu Mwangi,706440137,10751603,,,0,Karatina,Caroline Mureithi,Mukuruweini,Farming,Mukurweini,Dormant
Damaris Wakarima,703913312,41434940,7000,4096,1,Karatina,Evaline Muthoni,Muthinga,Clothing,Muthinga,Active
Damaris Wangari Wachiuri,711780780,12780232,,,0,Karatina,Evaline Muthoni,Mahiga,Mutumba/shoes,Mahiga,Dormant
Damaris Wetende Abucheri,757865424,33197117,,,1,Naromoru,David Wambugu,Naromoru,Hotel,Naromoru,Active
Daniel Ekadeli Rengei,792579608,34260988,,,0,Nyahururu,Damaris Ruguru,Rumuruti,Selling fast foods,Rumuruti,Dormant
Daniel Maina Gitau,794416300,7436666,,,0,Nyahururu,Peter Nderitu Machira,Mailisaba,Selling onions/tomatoes,Mailisaba,Dormant
Daniel Muraba Wambui,728981668,21198347,,,0,Nyahururu,Damaris Ruguru,Mailinne,Photography,Thomson falls,Dormant
David Gitonga Kiiniki,704964590,37115552,,,0,Karatina,Simon Gichigi,Karatina,Mechanic /fabricactor,Karatina,Dormant
David Maina Wamiti,729050969,5510557,,,0,Karatina,Caroline Mureithi,Kiamariga,Hotel,Kiamariga,Dormant
David Ngata Ngugi,723113511,26748172,,,0,Nyahururu,Catherine Luyudi,Rumuruti,Milk supplier,Oljabet,Dormant
Delfino Njeru Gatwiki,701516807,10593160,,,1,Karatina,Evaline Muthoni,Karatina,Malimali,Karatina,Dormant
Dennis Muthomi Mwithi,759377654,39458018,,,0,Karatina,Evaline Muthoni,Jambo,Malimali,Jambo,Dormant
Diana Kangea,769409406,39337572,,,1,Nyahururu,Peter Nderitu Machira,20300,Cereal shop,Kasuku,Dormant
Dorcas Nyandia Matimu,718244577,20956950,,,1,Karatina,Sharlet Sally,Mukurweini,Gabage collection,Mukurweini,Dormant
Doreen Gakii Charles,712269657,37680894,,,1,Karatina,Simon Gichigi,Kiawarigi,Green grocery,Kiawarigi,Dormant
Dorica Kagendo,713028996,27202976,,,1,Karatina,Simon Gichigi,Karatina,Retail shop,Karatina,Dormant
Dorica Nyanchama Kimonge,708218811,27208549,,,0,Karatina,Joseph Ngondi,Gikumbo/karatina,Farming,Gikumbo,Dormant
Doris Gaigugi Mwiti,704746868,26497652,,,0,Nyahururu,Peter Nderitu Machira,Rumuruti,Restaurant,Rumuruti,Dormant
Dorothy Gacheri Ndereva,729166674,31282625,,,0,Karatina,Sharlet Sally,Kiamariga,Hotel,Kiamariga,Dormant
Eddah Wambui Wahome,791202562,22788146,,,0,Karatina,Simon Gichigi,Ihwagi,Farming,Ihwagi,Dormant
Edith Gathigia,724137855,29308215,7000,6680,1,Naromoru,Mercy  Karimi,Chaka,Grocery,Chaka,Active
Edwin Macharia Gaka,716728358,29299181,,,0,Nyahururu,Damaris Ruguru,Mailinne,Boutique,Mailinne,Dormant
Edwin Montana,742033906,32536807,,,1,Nyahururu,Nancy Wamboi,20300,Barber and spa,Nyahururu,Dormant
Elizabeth Akieli Romero,792049781,103169935,,,0,Nyahururu,Caroline Nyakio,Rumuruti,Boutique,Rumuruti,Dormant
Elizabeth Akinyi Osio,713874511,24337107,8000,2070,1,Naromoru,Silvester Muthomi,Kambura-ini,Second hand clothes,Castle,Active
Elizabeth Gachathi,114732234,10245914,,,1,Nyahururu,Nancy Wamboi,201917,Hotel,Behind nuclear,Dormant
Elizabeth Mathaga,706607577,5173672,,,1,Nyahururu,Caroline Nyakio,47936,Dairy farming,Mukunga,Dormant
Elizabeth Njambi Chege,726541516,22162392,7000,9100,1,Naromoru,Naftaly  Kinyua,Castle,Charcoal vendor,Castle,Active
Elizabeth Njambi Karugu,721722718,23758416,,,1,Naromoru,David Wambugu,Chaka,Grocery,Chaka,Dormant
Elizabeth Njeri Wanjau,725757048,13101861,,,0,Karatina,Peter Mathenge,Othaya,Food vendor,Othaya,Dormant
Elizabeth Njoki Kariuki,746202511,34847308,,,0,Karatina,Caroline Mureithi,Kibingoti,Hotel,Kibingoti,Dormant
Elizabeth Nyakihu Mungai,706689932,28551082,,,0,Karatina,Joseph Ngondi,Kabiruini,Farming,Kabiruini,Dormant
Elizabeth Nyawira Ndirangu,715853386,30054336,,,0,Naromoru,Mercy  Karimi,Burguret,Fast foods,Burguret,Dormant
Elizabeth Waceke Wachira,721430825,24367565,,,0,Karatina,Simon Gichigi,Ngandu,Farming[poultry],Ngandu,Dormant
Elizabeth Wambui Mwangi,701396006,9013110,,,0,Naromoru,Silvester Muthomi,Burguret,Second hand clothes,Burguret,Dormant
Elizabeth Wangui Mwangi,716324250,21831722,,,0,Karatina,Sharlet Sally,Tetu,Boutique,Tetu,Dormant
Elizabeth Wanjugu Wachira,794238426,28509780,,,1,Karatina,Caroline Mureithi,Maganjo,Bar/restaurant,Maganjo,Dormant
Elose Wacuka Kagwanja,714386392,11808021,,,1,Karatina,Caroline Mureithi,Gathare,Farming,Gathare,Dormant
Emma Wangeci Maina,793567785,29740351,,,1,Naromoru,Naftaly  Kinyua,Kirichu,Cereals shop,Kirichu,Dormant
Emmaculate Wanjiku Wanjiru,769026005,37690275,,,0,Naromoru,Naftaly  Kinyua,Karundas,Saloon,Karundas,Dormant
Ephraim Irimu Gichuki,727827800,13321938,,,1,Karatina,Simon Gichigi,Karatina,Saw miller,Karatina,Dormant
Erick Mwaki Mutiria,796787883,40305051,9000,1350,1,Karatina,Evaline Muthoni,Muthua,Malimali seller,Karatina,Active
Esther  Wambui Kimani,719700664,13212790,,,1,Nyahururu,Nancy Wamboi,7013,Dairy farming,Mitindiri,Dormant
Esther Akai Lomelo,725995376,26558864,,,0,Nyahururu,Caroline Nyakio,Kandutura,Grocery,Rumuruti,Dormant
Esther Gachingiri,795157747,3723880,,,0,Nyahururu,Peter Nderitu Machira,Rumuruti,Agri business,Rumuruti,Dormant
Esther Gathoni Maina,768232799,23882498,,,0,Karatina,Lisper Gatwiri,Kiawarigi,Farming,Karatina,Dormant
Esther Gathoni Mureithi,748495658,28566026,10000,8660,1,Naromoru,David Wambugu,Chaka,Shoe vendor,Chaka,Active
Esther Jairus,112149690,21334655,,,2,Nyahururu,Caroline Nyakio,0,Shop,Kwa wanjiku,Dormant
Esther Kawira Micheni,718784722,13872827,,,1,Karatina,Simon Gichigi,Njaithaini,Groceries/farming,Njathaini,Dormant
Esther Kimari,726683825,26757694,,,1,Nyahururu,Caroline Nyakio,Shamata,Shop,Shamata,Dormant
Esther Muthoni Hinga,714472831,29174318,,,0,Naromoru,Naftaly  Kinyua,Chaka,Poultry farming,Chaka,Dormant
Esther Muthoni Kagwe,798043246,28030279,,,0,Karatina,Simon Gichigi,Karatina,Malimali vendor,Karatina,Dormant
Esther Muthoni Rexona,758744027,13133349,,,0,Karatina,Sharlet Sally,Kibingoti,Farming,Kibingoti,Dormant
Esther Ngima Nguyo,728585471,13537821,,,1,Karatina,Sharlet Sally,Kiawarigi,Green grocery,Kiawarigi,Dormant
Esther Ngugi,710540080,22039462,,,1,Nyahururu,Nancy Wamboi,Transchem,Cereals,Nyahururu,Dormant
Esther Nyaguthii Maina,790347176,38266727,,,0,Karatina,Caroline Mureithi,Kabiruini,Green grocery,Kabiruini,Dormant
Esther Nyambura Wanjohi,759831343,25384115,,,0,Nyahururu,Caroline Nyakio,Rumuruti,Grocery /beverage,Rumuruti,Dormant
Esther Nyawira,722655548,6828057,,,1,Nyahururu,Caroline Nyakio,Co site,Tea leaves seller,Nakuru road,Dormant
Esther Nyawira Maina,742633092,32774775,,,0,Karatina,Peter Mathenge,Kiawarigi,Farming,Kiawarigi,Dormant
Esther Wacuka Ngatia,715508081,11565747,,,0,Karatina,Joseph Ngondi,Gitunduti,Dairy farming,Gitunduti,Dormant
Esther Wairimu Mutugi,729581037,9303301,,,1,Karatina,Caroline Mureithi,Ntatheini,Farming,Ntatheini,Dormant
Esther Wairimu Warutere,723665882,27844702,,,1,Naromoru,Naftaly  Kinyua,Chaka,Grocery,Chaka,Active
Esther Wambui Kimani,723826235,31983269,,,0,Karatina,Joseph Ngondi,Josca,Green grocery,Kngemi,Dormant
Esther Wanja Wairimu,758055939,26622514,,,1,Karatina,Simon Gichigi,Gatitu,Food service,Gatitu,Dormant
Esther Wanjira Mwangi,712780643,26365335,8000,7340,1,Naromoru,Silvester Muthomi,Giachuma,Restaurant,Giachuma,Active
Esther Wanjiru Muriithi,706271012,25567675,,,0,Karatina,Caroline Mureithi,Nyeri/kangemi,Hotel,Nyeri/kangemi,Dormant
Esther Wanjiru Wambui,729948691,36050644,,,1,Karatina,Peter Mathenge,Karatina,Green grocery,Karatina,Dormant
Eunice Nancy Nyaguthii Mwangi,111221071,23383011,8000,4085,1,Naromoru,Silvester Muthomi,Naromoru,Grocery,Naromoru,Active
Eunice Nyambura Githaiga,706222670,2783982,,,1,Karatina,Simon Gichigi,Karatina,Food services,Muthua,Dormant
Eunice Wambui Githumbi,702941499,22588986,8000,7330,1,Naromoru,David Wambugu,Naromoru,Plastic seller,Naromoru,Active
Eunice Wambui Kinyua,142290902,26778518,,,1,Karatina,Simon Gichigi,Karatina,Fruit vendor,Karatina,Dormant
Eunice Wambui Maina,727590270,23054945,,,0,Karatina,Lisper Gatwiri,Karidundu/karatina,Green grocery,Karidundu,Dormant
Eunice Wambui Ndirangu,721641355,21263940,,,1,Karatina,Simon Gichigi,Ngandu,Retail shop,Ngandu,Dormant
Eunice Wangari Gichuki,769513802,23124386,,,0,Karatina,Caroline Mureithi,Kangemi/nyeri,Hotel,Kangemi/nyeri,Dormant
Eunice Wangari Njogu,700386317,10502162,,,1,Karatina,Caroline Mureithi,Karidundu,Green grocery,Karidundu,Dormant
Eunice Wangui Gatura,721719100,11777065,,,1,Karatina,Caroline Mureithi,Gaikuyu,Farming,Gaikuyu,Dormant
Eunice Wanjiku Muchira,742124667,24236588,,,1,Karatina,Caroline Mureithi,Njatheini,Farming,Njatheini,Dormant
Eunice Wanjiku Mwangi,726710813,12779019,,,0,Karatina,Evaline Muthoni,Mukuruweini,Groceries/transportation,Othaya,Dormant
Eva Wamuyu Waruguru,719412237,28522352,12000,7800,1,Naromoru,David Wambugu,Soweto,Salon,Soweto,Active
Evaline Aleyo,741213695,23071138,7000,2510,1,Nyahururu,Nancy Wamboi,20300,Green grocery,Ndaragwa,Active
Evaline Wanja Njeru,742421765,34495563,,,0,Karatina,Evaline Muthoni,Nyeri,Malimali,Nyeri,Dormant
Evalyne  Wangui Wanjiru,745967398,36501682,10000,4340,1,Naromoru,Mercy  Karimi,Soweto,Hotel,Soweto,Active
Evan Wangombe Murani,740132792,39367266,10000,10830,1,Naromoru,Mercy  Karimi,Chaka,Food kiosk and plastic,Chaka,Active
Evangeline Nyawira Nkuru,768513332,22336265,,,1,Naromoru,David Wambugu,Naromoru,Green grocery,Naromoru,Active
Evans Omwenga,701944642,36640035,,,0,Karatina,Caroline Mureithi,Mukuruweini,Hotel,Mukurweini,Dormant
Evelyn Wagaki  Kiama,701198711,25770307,,,1,Karatina,Evaline Muthoni,Othaya,Food kiosk,Othaya,Dormant
Evergerine Wamuyu Warutere,706515204,759386,7000,1256,1,Karatina,Simon Gichigi,Kiawarigi,Farming,Kiawarigi,Active
Everlyn Karimi,727708861,32230232,,,0,Embu,Dennis Mutwiri,Majimbo,Hotel,Majimbo,Dormant
Faith Gathigia Njogu,712978176,24764098,,,1,Karatina,Sharlet Sally,Kagochi,Farming,Kagochi,Dormant
Faith Kagwiria Magiri,717954165,21893433,,,0,Naromoru,David Wambugu,Naromoru,Green grocery,Naromoru,Dormant
Faith Maretu Lebene,792670390,29970164,,,1,Karatina,Simon Gichigi,Karatina,Mutumba,Karatina,Dormant
Faith Mwende Wambua,113835351,25801641,,,0,Karatina,Simon Gichigi,Muthua,Retail shop,Muthua,Dormant
Faith Njambi Muturi,721318231,22136772,,,0,Nyahururu,Caroline Nyakio,Subukia,Selling mitumba,Subukia,Dormant
Faith Njoki Ndiangui,724988443,25424867,15000,13050,1,Karatina,Evaline Muthoni,Kiandu,Electronics,Kiandu,Active
Faith Njoki Njogu,710918080,35919921,,,0,Nyahururu,Nancy Wamboi,Ndaragwa,Kiosk,Ndaragwa,Dormant
Faith Wangechi Ndereba,796489357,23730160,,,0,Karatina,Caroline Mureithi,Mukuruweini,Clothes seller,Mukurweini,Dormant
Faith Wangui Maina,701385607,28747182,,,1,Karatina,Sharlet Sally,Hiriga,Farmer,Hiriga,Dormant
Faith Wanjeri Gacharira,759780337,24079916,7000,1412,1,Karatina,Simon Gichigi,Kiawarigi,Malimali/soap sales,Kiawarigi,Active
Faith Wanjiru Maina,758335400,22028297,7000,6660,1,Naromoru,Silvester Muthomi,Chaka,Mtumba clothes,Chaka,Active
Fatuma Alimo Mohammed,706826637,26699359,7000,6680,1,Naromoru,Naftaly  Kinyua,Burguret,Hotel,Burguret,Active
Fatuma Duba,116140156,27198409,,,1,Nyahururu,Caroline Nyakio,Moonlight,Milk bar,Rumuruti,Dormant
Florence Muthoni Wachira,743387066,34581019,,,1,Karatina,Sharlet Sally,Muthinga,Fast food,Muthinga,Dormant
Florence Mwarania Kinyua,702258262,23768278,7000,6630,1,Naromoru,Naftaly  Kinyua,Matanya,Green grocery,Matanya,Active
Florence Njeri Wangui,725132375,145191168,,,0,Karatina,Caroline Mureithi,Tetu,Boutique/farming,Tetu,Dormant
Florence Nyambura Mwangi,758796378,23888450,10000,8450,1,Karatina,Peter Mathenge,Kanyange,Green grocery,Kanyange,Active
Florence Wandaka,714359854,13065475,,,2,Nyahururu,Caroline Nyakio,Kasuku,Cereals,Kasuku,Dormant
Francis  Njinju,704424647,20252308,,,1,Nyahururu,Caroline Nyakio,Madaraka,Farming,Madaraka,Dormant
Francis Njuguna Kiarii,119173109,21539425,,,0,Nyahururu,Peter Nderitu Machira,Mukoe,Maize farming,Mukoe,Dormant
Francis Waweru,716034398,267551,9000,6300,2,Naromoru,Naftaly  Kinyua,Village 3,Shop,Village 3,Active
Fredrick Karanja,727176910,24056745,30000,10370,2,Nyahururu,Caroline Nyakio,0,Land & properties,Nyahururu,Active
Fredrick Kihonge,794206919,27639453,,,1,Nyahururu,Caroline Nyakio,Shamata,Farming,Shamata,Dormant
Fredrick Mutahi Mwangi,711264913,25402684,,,1,Naromoru,Naftaly  Kinyua,10105,Green grocery,Naru-moru,Dormant
Fridah Kanini,711312215,32938142,,,2,Nyahururu,Caroline Nyakio,0,Farming,Imenti,Dormant
Fridah Nduku Musyoka,743955527,34595667,,,1,Karatina,Evaline Muthoni,Charaini,Fruit vendor,Charaini,Dormant
Gabriel Kamenju Muriithi,759787946,38239291,,,0,Karatina,Joseph Ngondi,Ngandu,Farming,Ngandu,Dormant
Gearge Ngari Njaramba,742533588,41025664,,,0,Karatina,Shyrine Njue,Muthinga,Car was,Muthinga,Dormant
Geddidah Wairimu Mathenge,717523158,26402244,10000,13000,1,Naromoru,Naftaly  Kinyua,Karundas,Farming,Karundas,Active
George Kariuki Njuguna,710733293,35138415,,,0,Nyahururu,Caroline Nyakio,Muthaiga,Electronics /phone repair,Rumuruti,Dormant
George Ndirangu Waiganjo,711382851,28298191,,,0,Nyahururu,Nancy Wamboi,Nyahururu,Food kiosk,Shepherd road,Dormant
George Njoroge Kamande,718668200,22326151,10000,9350,1,Naromoru,Charles Kingori,10105,Farming,Kwa j,Active
Gilbert Wandeto Macharia,708963113,21937332,,,1,Karatina,Caroline Mureithi,Jambo,Juakali,Jambo,Dormant
Gladwell Thindi,727387416,9056128,,,1,Nyahururu,Caroline Nyakio,0,Mutumba,Olkalao,Dormant
Gladys Mumbi Mwangi,712638929,20184908,,,1,Karatina,Sharlet Sally,Kiamwangi,Farmer,Kiamwangi,Dormant
Gladys Nyaguthii Waiguru,711755150,27168046,10000,2170,1,Naromoru,Naftaly  Kinyua,Castle,Butchery,Castle,Active
Gladys Wairimu Waweru,717622386,12949818,,,1,Nyahururu,Peter Nderitu Machira,20300,Mtumba,Ndagito,Dormant
Gladys Wambui Maina,710612226,28306095,,,0,Karatina,Caroline Mureithi,Kibirigwi,Green grocery,Kibirigwi,Dormant
Gladys Wangari Ruzara,723116772,20428444,,,0,Naromoru,Mercy  Karimi,Naromoru,Second-hand clothes,Naromoru,Dormant
Gladys Wangui Mwangi,717765125,30667893,,,0,Karatina,Caroline Mureithi,Muthua,Retail shop,Muthua,Dormant
Gladys Waruguru Hiuko,715709400,20822377,,,0,Nyahururu,Caroline Nyakio,Rumuruti,Knitting and mitumba,Rumuruti,Dormant
Gladys Waruguru Wamaitha,743374206,25753930,,,1,Naromoru,Naftaly  Kinyua,Gakuya,Food kiosk,Gakuya,Active
Gladys Watetu Wakahu,796890432,23666488,9000,1200,1,Karatina,Evaline Muthoni,Mahiga,Clothing/farming,Mahiga,Active
Gladys Wothaya Gachau,725853279,22831199,9000,7000,1,Naromoru,Mercy  Karimi,Burguret,Farmer,Burguret,Active
Godfrey Kebu Muriuki,725041652,1683977,,,0,Karatina,Caroline Mureithi,Karatina,Farming,Karatina,Dormant
Godfrey Kiamenyi,791381569,42647083,7000,8330,1,Naromoru,Mercy  Karimi,Gakuya,Muguka base,Gakuya,Active
Godfrey Maina,715365131,10119342,,,1,Nyahururu,Nancy Wamboi,20300,Poultry farming,Charagita,Dormant
Godfrey Mwai Gatimu,725555578,21322670,7000,2893,1,Karatina,Simon Gichigi,Karatina,Carpentry,Karatina,Active
Grace Gachuhi,726949202,10810897,,,1,Nyahururu,Peter Nderitu Machira,20300,Dairy farming,Kwa wanjiku,Dormant
Grace Gathoni Gatheru,712650572,13453617,10000,8660,1,Naromoru,Naftaly  Kinyua,Soweto,Farmer,Soweto,Active
Grace Keru Nduru,115484048,26673845,,,1,Karatina,Sharlet Sally,Saigon,Farming,Saigon,Dormant
Grace Mbuki Macharia,790473403,19594792,,,1,Karatina,Peter Mathenge,Kihuri,Poutry and livestock farming,Kihuri,Dormant
Grace Mumbi Kariuki,712868309,21047438,,,1,Karatina,Simon Gichigi,Kiamabara,Farming/scrapmetals,Kiamabara,Dormant
Grace Muringi Maina,721601785,32117338,,,1,Karatina,Peter Mathenge,Othaya,Spare parts,Othaya,Dormant
Grace Muthoni Githui,710633308,20817589,,,1,Karatina,Sharlet Sally,Gatei,Farming,Gatei,Dormant
Grace Muthoni Mburu,745517475,21459847,7000,7830,1,Naromoru,David Wambugu,Chaka,Cereals,Chaka,Active
Grace Muthoni Muraya,701257897,26484537,,,0,Nyahururu,Peter Nderitu Machira,Ndaragwa,Selling clothes,Jikaze,Dormant
Grace Muthoni Nyawira,141317495,26859177,,,0,Karatina,Sharlet Sally,Kanjuri/karatina,Farming,Kanjuri,Dormant
Grace Ngima Macharia,726004456,21492344,,,0,Karatina,Caroline Nyakio,Kiarithaini,Farming,Kiarithaini,Dormant
Grace Njeri Kimotho,115047745,33308709,,,0,Naromoru,Mercy  Karimi,Chaka,Salon,Chaka,Dormant
Grace Njeri Wanjohi,799832907,23797085,,,0,Naromoru,David Wambugu,Naromoru,Grocery,Naromoru,Dormant
Grace Njuguna,724544938,20781055,,,1,Nyahururu,Caroline Nyakio,Muruai,Farming &shoping,Muruai,Dormant
Grace Wairimu Gatuguta,706099951,35106674,,,0,Nyahururu,Peter Nderitu Machira,Mailinne,Salon,Mailinne,Dormant
Grace Wairimu Wangui,719385074,38005321,,,1,Naromoru,Mercy  Karimi,Chaka,Farming,Chaka,Active
Grace Wambui Kimondo,728200800,11808084,,,1,Karatina,Sharlet Sally,Karatina,Green grocery,Ngandu,Dormant
Grace Wamucii Wanyiri,700552955,26759747,,,0,Karatina,Caroline Mureithi,Kangemi,Green grocery,Kangemi,Dormant
Grace Wamuyu Waruru,700092313,22624409,,,0,Nyahururu,Damaris Ruguru,Rumuruti,Selling mitumba,Rumuruti,Dormant
Grace Wangari Ndonga,790207895,20402508,,,1,Karatina,Simon Gichigi,Gachika,Farming/fruitvendor,Chaka,Dormant
Grace Wangui  Wambui,705191158,304074763,,,0,Nyahururu,Damaris Ruguru,Charity,Boutique,Charity,Dormant
Grace Wangui Ngunjiri,723704356,14519310,,,0,Karatina,Sharlet Sally,Karatina,Green grocery,Trppledreams/karatina,Dormant
Grace Wanjiku Maina,700068496,39879009,,,0,Karatina,Caroline Mureithi,Giakabei,Grocery,Giakabei,Dormant
Grace Wanjiru Gachemi,796048054,26752759,,,0,Karatina,Sharlet Sally,Karatina,Green grocery,Karatina,Dormant
Grace Wanjiru Ngunyi,727516887,24661407,7000,2620,1,Naromoru,David Wambugu,Burguret,Soup vendor,Burguret,Active
Grace Wanjiru Wangui,793010635,29225000,7000,5010,1,Naromoru,Naftaly  Kinyua,Village 3,Farmer,Village 3,Active
Hanna Wambui,758997263,9392109,,,1,Nyahururu,Caroline Nyakio,0,Dairy farming,Karaguini,Dormant
Hannah  Wanja Kimomo,700174536,1429473,,,0,Karatina,Evaline Muthoni,Gaturuturu,Food kiosk,Gaturuturu,Dormant
Hannah Kuria,799871943,13395242,,,2,Nyahururu,Caroline Nyakio,0,Bakery,Siberia,Dormant
Hannah Muthoni Mugambi,740880703,31528500,,,0,Karatina,Peter Mathenge,Ndunyu,Green grocery,Ndunyu,Dormant
Hannah Nyaguthii Kimomo,745282586,25372766,,,1,Karatina,Peter Mathenge,Mukuruweini,Farming,Mukurweini,Dormant
Hannah Wambui Muraguri,746405759,20640527,,,1,Nyahururu,Nancy Wamboi,20300,Retail shop,Suera manyatta,Dormant
Hannah Wambui Mwathi,726871366,13397727,,,0,Karatina,Sharlet Sally,Ndimaini,Green grocery/fruit vendor,Karatina,Dormant
Hannah Wanjiku Kabuku,729238210,38654091,,,0,Nyahururu,Caroline Nyakio,Mailinne,General shop,Mailinne,Dormant
Haron Murungu Ngunjita,707029040,25234394,,,0,Nyahururu,Catherine Luyudi,Rumuruti,Selling pineapple,Rumuruti,Dormant
Harriet Wanjiru Kabuchi,757604818,23164624,,,0,Nyahururu,Catherine Luyudi,Nyahururu town,Salon,Nyahururu,Dormant
Harry Thuku,705436184,28018123,,,1,Nyahururu,Nancy Wamboi,20300,Accountant graceland,Ziwani,Dormant
Hellen Kimei,790244173,12789359,,,1,Nyahururu,Nancy Wamboi,Kinundu,Farming,Kinundu,Dormant
Hellen Wainana,727059976,25765046,10000,143,1,Nyahururu,Nancy Wamboi,20300,Saloon,Nyahururu,Active
Hellen Wamucii Maina,712876987,26415421,,,0,Nyahururu,Catherine Luyudi,Nyahururu,Selling mitumba,Nyahururu town,Dormant
Hilda Mukami Wamucii,714896824,35921236,,,1,Karatina,Caroline Mureithi,Jambo,Green grocery,Jambo,Dormant
Hillary Kirwa,729518016,31331138,,,1,Nyahururu,Peter Nderitu Machira,Muchemi,Farming,Charagita,Dormant
Irene Gathoni Muriuki,714796246,4842728,,,1,Karatina,Caroline Mureithi,Ragati,Farming,Ragati,Dormant
Irene Muinde,701676104,303131093,,,0,Nyahururu,Caroline Nyakio,Maili nne,Shop,Maili nne,Dormant
Irene Njeri Ngari,719393454,6452343,,,0,Naromoru,Naftaly  Kinyua,Karemeno,Hotel,Karemeno,Dormant
Irene Wanjira,711668710,8978386,,,0,Karatina,Caroline Mureithi,Kabiruini,Farming,Kabiruini,Dormant
Jacinta Wairimu Ndiritu,719539477,21395966,,,1,Karatina,Sharlet Sally,Hiriga,Farmer,Hiriga,Dormant
Jacinter Waithira Chege,748865530,34743497,7000,3743,1,Nyahururu,Caroline Nyakio,00200,Grocery,Kinamba,Active
Jackline Lesemante,118525881,193372772,,,0,Nyahururu,Peter Nderitu Machira,Rumuruti,Selling shoes,Rumuruti,Dormant
Jackline Mwende Ireri,113487083,330468290,10000,2170,1,Naromoru,Silvester Muthomi,Burguret,Butchery,Burguret,Active
Jackline Wanjiru Ndambiri,759433215,498459500,9000,6000,1,Naromoru,Naftaly  Kinyua,Kambi,Mtumba clothes,Kambi,Active
Jackson Maina Gatia,724836345,24549006,10000,1510,1,Naromoru,Silvester Muthomi,Naromoru,Green grocery,Naromoru,Active
Jackson Maingi Muchomba,768762404,31506203,,,0,Karatina,Evaline Muthoni,Karatina,Malimali,Karatina,Dormant
Jackson Mutinda Mutunga,702744779,12956509,10000,240,1,Naromoru,Silvester Muthomi,Gakuya,Muguka base,Gakuya,Active
Jackson Waigwa Mwangi,703189093,31341510,,,1,Karatina,Caroline Mureithi,Karatina,Spareparts,Karatina,Dormant
Jacob Koech Maina,724442266,22923118,,,1,Nyahururu,Nancy Wamboi,20300,Hotel,Rumuruti,Dormant
James Gachimba Wothaya,799205142,31179068,8000,10400,1,Naromoru,Naftaly  Kinyua,Warazo jet,Butchery,Warazo jet,Active
James Gikonyo Muraya,722645059,12840352,,,0,Naromoru,Silvester Muthomi,Village 7,Grocery,Village 7,Dormant
James Kariuki Gikonyo,703637510,21968498,10000,13000,1,Naromoru,Naftaly  Kinyua,Chaka,Grocery,Naromoru,Active
James Maina Njoroge,745501491,10967932,,,0,Naromoru,Naftaly  Kinyua,Karimeno,Query,Karimeno,Dormant
James Njuguna,718886595,32820266,,,1,Nyahururu,Peter Nderitu Machira,20300,Movie show roo.,Shamata,Dormant
James Njuki Kaboro,703915750,6091456,,,0,Nyahururu,Peter Nderitu Machira,Ngobet,Farming/selling farming products,Ngobet,Dormant
James Wanyiri,714503794,22285121,,,2,Nyahururu,Caroline Nyakio,0,Farming,Karagoine,Dormant
Jane Asiri Kuuti,768824476,27008294,,,0,Nyahururu,Caroline Nyakio,Rumuruti,Kibanda,Moonlight,Dormant
Jane Mukami Nyiha,721730653,34602461,7000,2412,1,Karatina,Peter Mathenge,Ndunyu,Salon,Ndunyu,Active
Jane Muthoni Mwaniki,721086504,9322781,10000,4340,1,Naromoru,Mercy  Karimi,Naromoru,Beauty shop,Naromoru,Active
Jane Mweru Murimi,728106198,26656524,,,0,Karatina,Simon Gichigi,Ihiga,Scrap metals,Ihiga,Dormant
Jane Naivest,724024611,13531125,,,1,Nyahururu,Caroline Nyakio,00200,Thome road,Duka mbili,Dormant
Jane Nduta Mwangi,720970169,5795173,,,0,Karatina,Joseph Ngondi,Mukuruweini,Pub/butchery,Mukurweini,Dormant
Jane Njeri Gachuhi,720010794,23234452,,,0,Karatina,Peter Mathenge,Othaya,Green grocery,Othaya,Dormant
Jane Njeri Wanjau,714773995,31025932,,,1,Karatina,Sharlet Sally,Gatei,General shop,Gatei,Dormant
Jane Njogu,746811444,7038285,,,0,Nyahururu,Caroline Nyakio,Rumuruti,Retail shop,Rumuruti,Dormant
Jane Njoki Kibuchi,721975281,28173197,,,1,Naromoru,Mercy  Karimi,Swans,Second hand clothes,Swans,Active
Jane Njoki Kimondo,714370930,27789422,,,0,Karatina,Shyrine Njue,Kamuyu/nyeri,Farming/fishpond,Kamuyu/nyeri,Dormant
Jane Njoroge,720552419,8719789,,,0,Nyahururu,Peter Nderitu Machira,Bahati,Selling curtains,Maili nne,Dormant
Jane Nyambia Mureithi,745075176,9857180,,,1,Karatina,Caroline Mureithi,Magano,Farming,Magano,Dormant
Jane Theuri,795544079,35917647,,,2,Nyahururu,Caroline Nyakio,00200,Shop,Maringine,Dormant
Jane Wacera Kariuki,793026895,11806791,,,0,Karatina,Simon Gichigi,Kirichu,Mutumba,Kirichu,Dormant
Jane Wairimu Kairu,794848933,31395002,,,1,Karatina,Sharlet Sally,Factory,Woodseller/farm products,Factory,Dormant
Jane Wairimu Muhoro,725564232,24125451,,,0,Karatina,Lisper Gatwiri,Karura,Farming,Karura,Dormant
Jane Wairimu Mwai,742528465,3712878,,,1,Karatina,Sharlet Sally,Mathaithi,Farmer,Mathaithi,Dormant
Jane Waithera,700083991,28514706,7000,5450,1,Nyahururu,Peter Nderitu Machira,20300,Clothss,Kasuku,Active
Jane Wakuthi Gichamba,727583414,11818728,10000,13000,1,Naromoru,Silvester Muthomi,Burguret,Farming,Burguret,Active
Jane Wambui Kabugi,729374146,24900467,,,0,Karatina,Caroline Mureithi,Mumlock/karatina,Salon,Karatina,Dormant
Jane Wambui Munyeki,721623715,8653090,,,0,Karatina,Lisper Gatwiri,Gachika/karatina,Farming,Gachika,Dormant
Jane Wamwirua Karuri,712856847,21611020,,,0,Karatina,Sharlet Sally,Riverbank,Farming,Karatina,Dormant
Jane Wangui Kiriba,712390484,31543967,,,1,Karatina,Sharlet Sally,Kiawarigi,Fast food,Kiawarigi,Dormant
Jane Wangui Muturi,757230450,31641149,,,0,Karatina,Joseph Ngondi,Mukuruweini,Farming,Mukurweini,Dormant
Jane Wangui Wangi,792517330,29963123,9000,8000,1,Naromoru,Charles Kingori,10105,Grocery,Chaka market,Active
Jane Wanja Muriuki,706901280,21859615,,,0,Naromoru,Mercy  Karimi,Mwichuiri,Farming,Soweto,Dormant
Jane Wanjiku Mbuthia,799544006,25144548,,,0,Karatina,Sharlet Sally,Mukuruweini,Farming,Maganjo,Dormant
Jane Wanjiku Mwangi,713668747,20765795,,,0,Karatina,Sharlet Sally,Muthuthuini,Farming,Mukurweini,Dormant
Jane Wanjiru Muriithi,702661812,9581815,10000,10830,1,Naromoru,Mercy  Karimi,Kiganjo,Fast food kiosk,Kiganjo,Active
Jane Wanjiru Ngata,743647697,31385905,,,0,Nyahururu,Peter Nderitu Machira,Kirima,Farming,Kirima,Dormant
Jane Wanjiru Wambigi,729592533,23930971,,,1,Karatina,Simon Gichigi,Njaithaini,Farming,Njathaini,Dormant
Jane Watiri Murage,708784519,27154234,,,0,Karatina,Caroline Mureithi,Karatina,Green grocery,Karatina,Dormant
Janeffer Wahito Gakuru,715297665,37077130,,,0,Karatina,Caroline Mureithi,Maganjo,Farming/scrapmetals,Maganjo,Dormant
Janeffer Wangari Kinyua,799581825,20191032,,,0,Karatina,Simon Gichigi,Muthua,Green grocery,Muthua,Dormant
Janet Chepkoske Koech,795884457,27882067,,,0,Nyahururu,Damaris Ruguru,Rumuruti,Electronics /barber shop,Rumuruti,Dormant
Janet Muthoni Kinyua,790544260,34963158,7000,3434,1,Karatina,Sharlet Sally,Karatina,Fruit vendor,Karatina,Active
Janet Nyanthira Gitau,704620544,23387210,,,0,Nyahururu,Damaris Ruguru,Nyahururu,Salon,Stadium road,Dormant
Jannifer Wambui Wangui,768845384,23728337,10000,10830,1,Naromoru,Mercy  Karimi,Chaka,Grocery,Chaka,Active
Jecinta Cubucu Jecinini,792910729,38828895,,,0,Karatina,Caroline Mureithi,Karura,Hotel,Karura,Dormant
Jecinta Nduta,769621536,13668008,,,2,Nyahururu,Caroline Nyakio,Subukia,Scrap metals,Subukia,Dormant
Jecinta Nyambura Njuguna,723204844,31195228,,,0,Nyahururu,Damaris Ruguru,Nyahururu,Boutique,Charity,Dormant
Jecinta Wachuka Muriithi,113180442,39312806,,,0,Nyahururu,Damaris Ruguru,Nyahururu,Spare parts shop,Nyahururu,Dormant
Jecinta Wambui Mwangi,759307772,28125008,,,1,Naromoru,Naftaly  Kinyua,Kiganjo,Salon,Kiganjo,Active
Jeddy Wacira,707593937,10512633,,,0,Nyahururu,Nancy Wamboi,Gatero,Dairy farming,Gatero,Dormant
Jedidah Wangechi Wambui,705102985,27791326,,,0,Nyahururu,Peter Nderitu Machira,Mailinne,Selling mitumba,Mailinne,Dormant
Jemaritha Njeri Murage,790324514,37869148,,,0,Karatina,Sharlet Sally,Mukuruweini,Retail shop,Mukurweini,Dormant
Jemimah Wangui Gathimbi,713874735,25570665,,,1,Karatina,Sharlet Sally,Karatina,Salon,Karatina,Dormant
Jemimah Wanjiru Wachira,724840884,27525855,,,1,Karatina,Sharlet Sally,Ragati,Green grocery,Ragati,Dormant
Jennifer Mukiri,725709459,4356631,,,0,Nyahururu,Caroline Nyakio,Rumuruti,Farming,Rumuruti,Dormant
Jeresa Muthoni Gaceru,791526649,34668382,8000,10000,1,Naromoru,David Wambugu,Naromoru,Grocery,Naromoru,Active
Jesika Kangala,797775990,8077101,,,1,Nyahururu,Peter Nderitu Machira,20300,Farming,Muchemi,Dormant
Jesse Mwangi Kitheka,719335155,27743539,10000,6520,1,Naromoru,Silvester Muthomi,Naromoru,Beverage kiosk,Naromoru,Active
Joel Mbugua Nderitu,791797838,269938422,,,0,Nyahururu,Peter Nderitu Machira,Muhindi,General shop,Kisima,Dormant
John Githinji Waithira,790879139,37643373,,,0,Karatina,Sharlet Sally,Karatina,Farming,Karatina,Dormant
John Koogi,702899233,42661540,,,1,Nyahururu,Nancy Wamboi,Nyahururu,"Mtumba
ew clothes",Nyahururu,Dormant
John Mwangi,724712026,23504299,,,1,Nyahururu,Nancy Wamboi,Marmanet,Retail shop,Jefi market,Dormant
John Mwangi Nguitui,741812510,33836479,,,0,Nyahururu,Peter Nderitu Machira,Karuga,Car wash,Karuga,Dormant
John Ndungu Mwangi,720241837,23912762,,,0,Nyahururu,Peter Nderitu Machira,Ol-joro-orok,Boutique,Ol-joro-orok,Dormant
Joseph Maina Wairimu,740364099,624110398,,,0,Nyahururu,Damaris Ruguru,Madaraka,Mechanic,Madaraka,Dormant
Joseph Murimi Wanjohi,722401247,759093,,,1,Karatina,Simon Gichigi,Ragati,Farming,Ragati,Dormant
Joseph Mutugi Wangechi,758578402,39832684,,,0,Naromoru,Mercy  Karimi,Castle,Second hand clothes,Castle,Dormant
Joseph Mwangi,799835033,28269341,,,1,Nyahururu,Caroline Nyakio,Shamata,Salon and kinyozi,Shamata,Dormant
Joseph Mwangi Wangeci,117734053,531038092,8000,5440,1,Naromoru,Mercy  Karimi,Soweto,Hotel,Soweto,Active
Joseph Ndiritu,714716360,33092811,,,1,Nyahururu,Nancy Wamboi,Chemichemi,Carpenter,Opposite benandict,Dormant
Joseph Wachira Mbugua,700644064,34975876,,,1,Naromoru,Silvester Muthomi,Castle,Farming,Castle,Active
Josephat Gitonga,748310063,27436412,,,1,Nyahururu,Caroline Nyakio,47936,Guandaru tax,Mairo nne,Dormant
Josephat Ngugi,724701702,20149301,,,1,Nyahururu,Nancy Wamboi,Asian,Farming,Nyahururu,Dormant
Josephine Chebet,791967871,29333499,,,0,Nyahururu,Caroline Nyakio,Rumuruti,Butchery and hotel,Savannah,Dormant
Josephine Kurpel Marian,142842993,29098940,,,0,Nyahururu,Nancy Wamboi,Rumuruti,Fruit vendor,Rumuruti market,Dormant
Josephine Moraa Okemwa,711574475,25779299,,,0,Nyahururu,Catherine Luyudi,Olkalao,Tailoring,Olkalao,Dormant
Josephine Wambui Muchiri,116863456,39573053,,,0,Karatina,Peter Mathenge,Wanjeri farm karatina,Green grocery,Karatina,Dormant
Josephine Wangari Ndoria,702105191,36146902,,,0,Karatina,Peter Mathenge,Gatei,Salon,Gatei,Dormant
Joshua Kibon,721937013,9173488,,,1,Nyahururu,Nancy Wamboi,20300,Cereal shop,Ngane,Dormant
Joyce Chesang Kesses,718659733,10938145,,,0,Nyahururu,Caroline Nyakio,Rumuruti,Shop,Rumuruti,Dormant
Joyce Macharia,729417206,8678387,10000,3794,2,Nyahururu,Caroline Nyakio,00200,Dairy farming,Imenti,Active
Joyce Mumbi Karianjahi,724745743,27198123,,,1,Karatina,Simon Gichigi,Mukuruweini,Dairy farming,Mukurweini,Dormant
Joyce Muthoni Mutahi,798997895,27579030,,,0,Naromoru,Naftaly  Kinyua,Castle,Food kiosk,Castle,Dormant
Joyce Mwangi,711686002,13844502,,,1,Nyahururu,Nancy Wamboi,1071,Mixed farming,Tumaini,Dormant
Joyce Njoki Giothi,720363793,7669074,,,1,Karatina,Caroline Mureithi,Muthuthini,Farming,Muthuthini,Dormant
Joyce Njoki Mwangi,721718125,31766801,,,0,Karatina,Joseph Ngondi,Mukuruweini,Pub,Mukurweini,Dormant
Joyce Wambui Gathigia,705763601,24907842,7000,1920,1,Naromoru,Silvester Muthomi,Burguret,Hotel,Burguret,Active
Joyce Wambui Macharia,717244567,26325865,,,0,Karatina,Caroline Mureithi,Rafina,Green grocery,Rafina,Dormant
Joyce Wandaka,793621965,34209491,,,1,Nyahururu,Peter Nderitu Machira,Kasuku,Movie shop,Kasuku,Dormant
Joyce Wangechi Kiama,719861466,13800489,,,1,Karatina,Evaline Muthoni,Nyeri,Clothing,Nyeri,Dormant
Joyce Wanjiku Ngure,724987809,23021838,,,1,Karatina,Sharlet Sally,Factory,Boutique,Factory,Dormant
Joyce Wanjira Muturi,718819317,21923743,,,1,Karatina,Peter Mathenge,Mukuruweini,Green grocery,Mukurweini,Dormant
Joyce Wanjiru Macharia,700934013,26406760,,,1,Nyahururu,Nancy Wamboi,13000,Dairy farming,Leshau,Dormant
Joyce Wanjiru Munyiri,740308482,32983211,,,0,Nyahururu,Damaris Ruguru,Rumuruti,Bakery,Rumuruti,Dormant
Judy Nyambura Kamochie,724303162,35955151,,,0,Karatina,Sharlet Sally,Mukuruweini,Farming,Mukurweini,Dormant
Judy Wangui Mwangi,797522015,33907826,,,1,Karatina,Caroline Mureithi,Gikumbo,Boutique,Gikumbo,Dormant
Judy Wanjiku Gitau,722527858,8443023,,,1,Nyahururu,Nancy Wamboi,20300,Tailoring,Oljororok,Dormant
Judy Wanjiku Warui,715902352,24188580,7000,5963,1,Karatina,Caroline Mureithi,Kiarage,Farming,Kiarage,Active
Judy Wanjiru Ndirangu,702391570,24081458,,,0,Naromoru,Silvester Muthomi,Castle,Restaurant,Castle,Dormant
Julia Kathina Mbuki,720887990,7721375,7000,9100,1,Naromoru,Silvester Muthomi,Naromoru,Hotel,Naromoru,Active
Julia Wakarindi Wahome,790570660,9262157,,,0,Karatina,Caroline Mureithi,Kabiruini,Farming,Kabiruini,Dormant
Julia Wanjiku Wanjohi,717968050,28480765,,,0,Karatina,Caroline Mureithi,Kangemi,Green grocery,Kangemi,Dormant
Julia Wanjugu Ngatia,703438648,27665673,8000,7330,1,Naromoru,David Wambugu,Kirichu,Shop,Kirichu,Active
Julieta Muthoni Mucheke,722171080,11128397,,,1,Karatina,Caroline Mureithi,Ihwagi,Farming,Ihwagi,Dormant
Julius Gichuru,705915891,11487926,,,1,Nyahururu,Caroline Nyakio,Imenti,Miraa farming,Imenti,Dormant
Justus Ndungu,725718918,13538979,,,0,Nyahururu,Nancy Wamboi,Muhotetu,Butchery,Munyu,Dormant
Kelvin Karau,796250750,2944535,,,1,Nyahururu,Caroline Nyakio,0,Transport,Madaraka,Dormant
Kelvin Karuga Kanabu,705738790,108171433,7000,3216,1,Karatina,Evaline Muthoni,Mbiriri,Mbiriri,Karatina,Active
Kelvin Nderitu Kimaru,700677627,37384637,,,0,Nyahururu,Peter Nderitu Machira,Gachanji,General shop,Njunu,Dormant
Kenneth Mwirigi,726022867,26395273,7000,5433,1,Nyahururu,Nancy Wamboi,Imenti,Mixed farming,Imenti,Active
Keziah Ndungu,700549110,37870220,,,1,Nyahururu,Nancy Wamboi,Rumuruti,Water refill,Rumuruti,Dormant
Keziah Wangechi Njoroge,715006398,29484668,,,0,Nyahururu,Damaris Ruguru,Kibathi,Grocery,Kibathi,Dormant
Keziah Wangu Kagure,795002801,37518941,,,1,Karatina,Peter Mathenge,Muthua,Scrap metal dealer,Muthua,Dormant
Laurence Simiyu Wanjala,701728665,37790157,,,0,Nyahururu,Nancy Wamboi,Ndaragwa,Butchery,Ndaragwa,Dormant
Leah Nyambura Kabiro,792850882,13453034,8000,10400,2,Naromoru,David Wambugu,Naromoru,Hotel,Naromoru,Active
Leah Wangechi Mwaniki,725986031,22919746,10000,6496,1,Karatina,Simon Gichigi,Ndima,Timber sales,Ndima,Active
Leah Wanjiku Kanyango,721950008,20220180,,,0,Nyahururu,Peter Nderitu Machira,Kiwanja,Boutique,Nyahururu,Dormant
Leah Wanjiru Mutahi,711555194,33452705,,,1,Karatina,Caroline Mureithi,Karatina,Metals/grocery,Karatina,Dormant
Leonard Kamwaro,723849109,10877984,,,1,Nyahururu,Caroline Nyakio,Nyahururu,Agrovet,Site,Dormant
Lilian Achieng Otieno,714736447,36322687,,,1,Karatina,Caroline Mureithi,Muthua,Scrap metals,Karatina,Dormant
Lincoln Njogu Ndegwa,141543228,23684376,,,0,Karatina,Caroline Mureithi,Gitunduti/karatina,Farming/butchery,Gitunduti/karatina,Dormant
Loise  Nyaguthii Wamuyu,710460520,24186229,,,0,Karatina,Caroline Mureithi,Kabiruini,Retail shop,Kabiruini,Dormant
Loise Manegene Njugi,718219356,28760279,,,1,Naromoru,David Wambugu,Naromoru,Farmer,Naromoru,Dormant
Loise Njoki Ngamau,705311814,27452274,7000,5563,1,Nyahururu,Nancy Wamboi,47936,Onion wholeseller,Ndaragwa,Active
Loise Wangui Macharia,110350963,21021857,,,1,Karatina,Evaline Muthoni,Mahiga,Farming,Mahiga,Dormant
Loise Wanjiku,729298620,21549876,10000,5730,1,Nyahururu,Caroline Nyakio,0,Farming,Kariguini,Active
Lucia Mukami,715390575,7038431,,,2,Nyahururu,Caroline Nyakio,0,Malimali shop,Pasenga,Dormant
Lucy  Wangui Kihwaga,718869366,13725593,,,0,Karatina,Simon Gichigi,Tetu,Farming,Tetu,Dormant
Lucy Gathondu Kabiri,705851219,21320154,,,0,Nyahururu,Peter Nderitu Machira,Mailisaba,Club,Mailisaba,Dormant
Lucy Kanario Lincoro,716570064,14518946,,,1,Naromoru,David Wambugu,Naromoru,Grocery,Naromoru,Active
Lucy Murugi Gichugi,725868843,22774883,,,1,Karatina,Simon Gichigi,Rititi,Bar,Rititi,Dormant
Lucy Nambaiyaiye,716331062,31561513,,,0,Nyahururu,Caroline Nyakio,Rumuruti,Farming,Rumuruti,Dormant
Lucy Njoki Karanja,703418234,33695570,,,0,Nyahururu,Peter Nderitu Machira,Nyahururu,Selling mitumba,Nyahururu,Dormant
Lucy Njoki Muchina,794113332,32309143,7000,765,1,Nyahururu,Nancy Wamboi,1403,Onions dealer,Imenti,Active
Lucy Nyacomba Mwangi,710339502,11129479,10000,5340,1,Naromoru,Silvester Muthomi,Village 7,Restaurant,Village 7,Active
Lucy Nyoro,717796794,13645220,,,2,Nyahururu,Caroline Nyakio,0,Dairy farm,Pasenga,Dormant
Lucy Waceke Wanjau,712184728,31114208,7000,6660,1,Naromoru,Naftaly  Kinyua,Naromoro,Green grocery,Naromoro,Active
Lucy Wacera Muriuki,719306217,23460234,,,0,Karatina,Peter Mathenge,Kaiyaba,Hotel,Kaiyaba,Dormant
Lucy Wakiuru Kanja,708742365,30920237,9000,7000,1,Naromoru,Naftaly  Kinyua,Kariminu,Dairy farming,Kariminu,Active
Lucy Wambui Wacira,707492014,3439701,,,1,Nyahururu,Nancy Wamboi,20300,Poultry farming,Mamboleo,Dormant
Lucy Wambura Ngacha,711452040,5558524,8000,10400,1,Naromoru,David Wambugu,New centre,Mtumba,New centre,Active
Lucy Wamjira Gachara,100000000,34167443,10000,4340,1,Naromoru,Naftaly  Kinyua,Burguret,Pub,Burguret,Active
Lucy Wangui,720813561,22860388,,,2,Nyahururu,Caroline Nyakio,0,Beauty & cosmetics,Mairo inya,Dormant
Lucy Wangui Kamoche,718984236,14688448,,,0,Karatina,Sharlet Sally,Kiawanjugu/mukuruweini,Farming,Kiawanjugu/mukuruweini,Dormant
Lucy Wangui Mwangi,708834319,23210526,,,0,Naromoru,Naftaly  Kinyua,Ngaringiro,Cattle farming,Ngaringiro,Dormant
Lucy Wanjiku Mwangi,711299291,9553106,,,0,Naromoru,Naftaly  Kinyua,Village 3,Charcoal vendor,Naromoru,Dormant
Lucy Wanjiku Ndirangu,721386523,11032880,8000,7340,1,Naromoru,Naftaly  Kinyua,Karundas,Tailoring,Karundas,Active
Lucy Wanjiru Karue,713415726,23258715,,,0,Karatina,Sharlet Sally,Karatina,Farming,Kiawarigi,Dormant
Lucy Wanjiru Wangondu,708356421,26381267,7000,9100,1,Naromoru,Silvester Muthomi,Burguret,Butchery,Burguret,Active
Lucy Wanyaga Wangware,707679737,28037266,,,0,Karatina,Caroline Mureithi,Kagochi,Farming,Kagochi,Dormant
Lucy Waruiru Wanjiru,794359655,34058906,,,0,Naromoru,Mercy  Karimi,Chaka,Fast foods,Chaka,Dormant
Lucy Wawira Njagi,746982380,29227518,,,0,Karatina,Caroline Mureithi,Karatina,Green grocery,Karatina,Dormant
Lukas Ngugi Kabui,759900772,39410076,,,0,Nyahururu,Peter Nderitu Machira,Gatero,Welding,Gatero,Dormant
Lydia Njeri Kamau,701035799,2308800,,,0,Nyahururu,Peter Nderitu Machira,Karuga,Butchery,Karuga,Dormant
Lydia Wangui Kanja,716571017,10844894,,,1,Karatina,Sharlet Sally,Karatina,Farming,Karatina,Dormant
Lydia Wanjiku,708243974,30220427,,,0,Naromoru,Silvester Muthomi,Chaka,Second clothes,Chaka,Dormant
Lydia Wanjiru Gathura,748586361,22197943,,,0,Nyahururu,Caroline Nyakio,Gatombiru,Soap seller,Gatombiru,Dormant
Lydiah Nyaguthii Waweru,759205575,26923738,,,1,Karatina,Simon Gichigi,Muthua,Salon,Muthua,Dormant
Lydiah Nyawira Muriuki,798842816,28282772,,,0,Karatina,Caroline Mureithi,Giakaibei,Farming,Giakaibei,Dormant
Lydiah Nyawira Waithiegeni,794260448,40204994,,,0,Karatina,Joseph Ngondi,Nyeri/kangemi,Grocery/chips,Nyeri,Dormant
Lydiah Wachu Nyaga,712612462,20050359,,,1,Karatina,Peter Mathenge,Mukuruweini,Milk sale /farming,Mukurweini,Dormant
Lydiah Wamuyu Gacheru,700215714,26725986,,,0,Karatina,Joseph Ngondi,Gitunduti/karatina,Hotel/malimali,Gitunduti/karatina,Dormant
Lydiah Wangui Wacira,703747349,29236059,,,0,Karatina,Simon Gichigi,Kahiga,Bar,Kahiga,Dormant
Lydiah Wanjiru Wamuyu,768332036,26008814,,,0,Karatina,Simon Gichigi,Kiambaa,Farming,Kiambaa,Dormant
Magdalena Nthenya Kibira,728773328,24554852,,,1,Karatina,Evaline Muthoni,Kaiyaba,Food kiosk,Kaiyaba,Dormant
Magdalene Nyambura Mwangi,715751451,25649921,,,0,Karatina,Joseph Ngondi,Kangemi /nyeri,Mobile salon,Kangemi/nyeri,Dormant
Magdalene Wacera,707143090,35393189,,,0,Nyahururu,Peter Nderitu Machira,Mailinne,Selling mitumba,Mailinne,Dormant
Magdaline Karuri,727364504,27206497,,,1,Nyahururu,Caroline Nyakio,Subukia,Cosmetic shop,Subukia,Dormant
Mali Muthengi,114477210,32564253,,,0,Karatina,Caroline Mureithi,Rafina/karatina,Tailor,Karatina,Dormant
Margaret Lomitiri Ekai,740548417,23278725,,,0,Nyahururu,Caroline Nyakio,Rumuruti,Farming,Rumuruti,Dormant
Margaret Ndaruga,700016404,22163093,,,0,Nyahururu,Peter Nderitu Machira,20300,General shop,Shamata,Dormant
Margaret Wamai,721142486,25159522,,,1,Nyahururu,Nancy Wamboi,20300,Saloon,Othaya lodge,Dormant
Margaret Wambui Mwangi,742578283,26304922,8000,3670,1,Naromoru,Mercy  Karimi,Matanya,Farmer,Matanya,Active
Margaret Wambui Ndiritu,721378747,12774157,,,0,Karatina,Peter Mathenge,Munaini/othaya,Green grocery,Othaya,Dormant
Margaret Wambui Wathiegeni,115480067,36237603,,,0,Nyahururu,Peter Nderitu Machira,Shamata,Farming,Kanary,Dormant
Margaret Wangechi Mugo,721572161,13645794,,,0,Nyahururu,Peter Nderitu Machira,Nyahururu,Selling clothes,Garden estate,Dormant
Margaret Wanjira Muthoni,729901959,26692172,,,0,Naromoru,Mercy  Karimi,Naromoru,Grocery,Naromoru,Dormant
Margrate Wangeci Gitahi,702989985,25023111,,,1,Karatina,Caroline Mureithi,Mukurweini,Selling fruits,Mukurweini,Dormant
Margrate Wanjiku Njange,711966584,10189672,,,1,Karatina,Evaline Muthoni,Othaya,Second hand clothes,Othaya,Dormant
Margrate Wanjiku Wanjiru,716331873,36462397,,,0,Karatina,Peter Mathenge,Othaya,Hotel,Othaya,Dormant
Margret Nyambura Karuga,796882652,22705795,,,0,Karatina,Joseph Ngondi,Mukuruweini,Grocery/hawking,Mukurweini,Dormant
Margret Wangeci Muturi,115250515,35257945,,,0,Karatina,Joseph Ngondi,Mukuruweini,Green grocery,Mukurweini,Dormant
Margret Wangui Kiama,720373041,10243423,,,0,Karatina,Joseph Ngondi,Mathari,Cyber,Mathari,Dormant
Margret Wanjiku Maina,790641180,33390967,,,0,Karatina,Joseph Ngondi,Mukuruweini,Daycare/shoe dealer,Mukurweini,Dormant
Maria Nduta Kaguara,727397207,8107134,,,1,Karatina,Evaline Muthoni,Mukuruweini,Green grocery,Mukurweini,Dormant
Marion Karunge,791046162,13394529,,,0,Nyahururu,Peter Nderitu Machira,Rurii,Dairy farming,Pasenga,Dormant
Martha Ruguru Mwinga,711869409,13132580,,,0,Nyahururu,Caroline Nyakio,Muhindi,General shop,Muhindi,Dormant
Martha Wairimu Maina,707932304,25782797,,,1,Karatina,Peter Mathenge,Ndunyu,Second hand clothes,Ndunyu,Dormant
Martha Wambui Maina,710391353,7635700,,,0,Karatina,Evaline Muthoni,Kamakwa,Farming,Kamakwa,Dormant
Martha Wangui Kariuki,742751886,39662989,,,0,Nyahururu,Peter Nderitu Machira,Rumuruti,Boutique,Rumuruti,Dormant
Martha Wanjiru Mwaganu,799653239,13057211,,,0,Karatina,Evaline Muthoni,Tetu,Hardware,Tetu,Dormant
Martha Wanjugu Maina,714532944,29541202,,,1,Naromoru,Mercy  Karimi,Naromoru,Poultry farming,Naromoru,Active
Martin Kiarie,718846710,13068688,,,1,Nyahururu,Nancy Wamboi,1600,Bar,Kabazi,Dormant
Martin Kimathi Kariuki,117422497,30353004,7000,9100,1,Naromoru,Silvester Muthomi,Kabaru,Bike repair,Kabaru,Active
Mary Chege,727833081,24532013,15000,19500,1,Nyahururu,Nancy Wamboi,Kianjata,Farming and furnitures,Kianjata,Active
Mary Gathigia Kabiru,711191579,36163748,,,0,Karatina,Peter Mathenge,Gatei,Farming/hostels,Gatei,Dormant
Mary Karuri,721994091,1032563,,,1,Nyahururu,Caroline Nyakio,Subukia,Grocery,Subukia,Dormant
Mary Kathure Muriuki,113720913,11773533,10000,13000,1,Naromoru,Mercy  Karimi,Naromoru,Farming,Naromoru,Active
Mary Kimamo,701483016,20360106,,,1,Nyahururu,Nancy Wamboi,00200,Saloonist,Co-site,Dormant
Mary King'ori,792149332,34566066,,,0,Nyahururu,Peter Nderitu Machira,Leshau,Selling mitumba,Leshau,Dormant
Mary Lokorach,701169467,24095273,,,1,Nyahururu,Peter Nderitu Machira,Co site,Teaching,Nyahururu,Dormant
Mary Mukami Kuria,768120247,23382279,,,0,Karatina,Joseph Ngondi,Giakaibei,Farming,Giakaibei,Dormant
Mary Muthoni,707655312,31021311,,,1,Nyahururu,Nancy Wamboi,West gate,Saloon,West gate,Dormant
Mary Muthoni Kanja,799113717,29844329,7000,2183,1,Karatina,Caroline Mureithi,Kiamariga,Green grocery,Kiamariga,Active
Mary Muthoni Ndambiri,110074655,35057285,,,0,Naromoru,Mercy  Karimi,Soweto,Utensils,Soweto,Dormant
Mary Muthoni Wambui,757091865,31280903,,,0,Nyahururu,Peter Nderitu Machira,Nyahururu,Green grocery,Nyahururu,Dormant
Mary Mwaura,708199244,3558521,,,1,Nyahururu,Nancy Wamboi,Stadium road,Liquor store,Behind sherif,Dormant
Mary Mwikali Mang'uru,798433762,38579424,8000,10400,1,Naromoru,David Wambugu,New centre,Gas refilling point,New centre,Active
Mary Nanjala,742459392,29119763,7000,4458,1,Nyahururu,Caroline Nyakio,Nyahururu,Ujipower cafe,Nyahururu,Active
Mary Nduta Kagiri,746558019,23814431,,,1,Karatina,Simon Gichigi,Mukuruweini,Retail shop,Kagari,Dormant
Mary Njeri Kamundiga,790791661,22695670,7000,7330,1,Naromoru,David Wambugu,Chaka,Shop,Chaka,Active
Mary Njeri Kaniaru,729294832,7113828,7000,4210,1,Naromoru,David Wambugu,Chaka,Grocery,Chaka,Active
Mary Njoki Muiruri,727698567,24284156,,,1,Nyahururu,Nancy Wamboi,20300,Hotel,Nyahururu,Dormant
Mary Nyaguthii Kimani,729460308,30897515,,,0,Karatina,Sharlet Sally,Kiawarigi,Salon,Kiawarigi,Dormant
Mary Nyaira Muriithi,726518607,24667218,10000,13000,1,Naromoru,Mercy  Karimi,Chaka,Fruits,Chaka,Active
Mary Nyambura Mwangi,714885607,22023123,,,1,Nyahururu,Nancy Wamboi,20300,Dairy farming,Magutu,Dormant
Mary Nyambura Mwangi,727839772,25112464,,,0,Karatina,Peter Mathenge,Othaya,Hotel,Othaya,Dormant
Mary Wamaitha Mwangi,757963063,27675426,,,0,Karatina,Caroline Mureithi,Rafina,Green grocery,Rafina,Dormant
Mary Wambere Ngatia,727327124,9859309,,,0,Karatina,Caroline Mureithi,Hiriga,Farming,Karatina,Dormant
Mary Wambu Maina,110724989,26395099,,,0,Nyahururu,Peter Nderitu Machira,Location,Chips processing,Rumuruti,Dormant
Mary Wambui Gathera,720220792,5794871,,,1,Karatina,Sharlet Sally,Mukurwe-ini,Green grocery,Mukurweini,Dormant
Mary Wambui Kamau,728957427,23647610,,,0,Naromoru,Mercy  Karimi,Mureru,Electronics,Mureru,Dormant
Mary Wamucii Muturi,724818034,3181952,,,0,Karatina,Joseph Ngondi,Skuta/nyeri,Green grocery,Skuta/nyeri,Dormant
Mary Wamuyu Kaguanyu,723484564,29354493,,,1,Karatina,Sharlet Sally,Ragati,Retail shop,Ragati,Dormant
Mary Wangari Gitonga,710349967,27823482,,,0,Naromoru,Mercy  Karimi,Burguret,Farming /second hand clothes,Burguret,Dormant
Mary Wangari Karoki,700007750,21323224,,,0,Karatina,Caroline Mureithi,Karatina,Retail shop,Karatina,Dormant
Mary Wangari Mugure,701341459,23995720,,,0,Naromoru,Silvester Muthomi,Meeting,Salon,Meeting,Dormant
Mary Wangari Ngari,729823915,25137804,,,1,Karatina,Sharlet Sally,Kagochi,Green grocery/farming,Kagochi,Dormant
Mary Wangari Ngenyi,746365638,39779366,7000,8100,1,Karatina,Peter Mathenge,Othaya,Green grocery,Othaya,Active
Mary Wangari Njogu,705174137,40558617,,,0,Karatina,Evaline Muthoni,Ndunyu,Miraa seller,Ndunyu,Dormant
Mary Wangui Muchiri,713944872,23515773,,,1,Nyahururu,Caroline Nyakio,20300,Grocery,Kinamba,Dormant
Mary Wanjiku Wachira,726543934,23293606,,,1,Naromoru,David Wambugu,Mureru,Second hand clothes,Mureru,Active
Mary Wanjira Kamanga,708710644,708710644,10000,4616,1,Karatina,Simon Gichigi,Karatina,Furnitures,Karatina,Active
Mary Wanjiru Ngatia,726151673,23469396,7000,3830,1,Naromoru,Mercy  Karimi,Chaka,Fast food kiosk,Chaka,Active
Mary Waruguru Wachira,796946427,27075127,,,0,Naromoru,Naftaly  Kinyua,Naromoru,Hotel,Naromoru,Dormant
Mary Watetu Kairu,725865057,26013642,,,0,Karatina,Sharlet Sally,Tetu,Farming/hotel,Tetu,Dormant
Maryann Mukami Wagura,708341205,31017569,10000,6510,1,Naromoru,Naftaly  Kinyua,Matanya,Hotel,Matanya,Active
Maureen Waweru,727877025,27653272,,,1,Nyahururu,Caroline Nyakio,Ndogino,Hotel & grocery,Ndogino,Dormant
Maurine Kagwora,723858169,26005826,,,2,Nyahururu,Caroline Nyakio,00200,Timberyard,Madaraka,Dormant
Mercy Karimi Kirangi,141204839,32753371,,,1,Naromoru,David Wambugu,Naromoru,Food kiosk,Naromoru,Active
Mercy Mumbi King'ori,706824116,33448253,,,0,Naromoru,Silvester Muthomi,Meeting,Hotel /grocery,Meeting,Dormant
Mercy Nduta Ndoria,728172915,24268322,,,1,Karatina,Sharlet Sally,Kabiruini,Agrovet,Kabiruini,Dormant
Mercy Ngima Gathigia,719783139,28368875,,,1,Karatina,Caroline Mureithi,Njatheini,Farming,Njatheini,Dormant
Mercy Njoki Murugi,727425049,32526232,,,1,Karatina,Sharlet Sally,Kiawarigi,Farming,Kiawarigi,Dormant
Mercy Nthenya Kimunyu,768682697,7945353,,,1,Karatina,Caroline Mureithi,Karogoto,Bar,Karogoto,Dormant
Mercy Nyambura Maina,757928304,27092281,,,0,Karatina,Sharlet Sally,Karatina,Green grocery,Karatina,Dormant
Mercy Waceke Gichuki,706305162,29671624,,,0,Karatina,Caroline Mureithi,Karatina,Green grocery,Muthua,Dormant
Mercy Wairimu Kimondo,722677350,24956745,,,1,Karatina,Caroline Mureithi,Njatheini,Fruits seller,Njatheini,Dormant
Mercy Wairimu Njuguna,746828913,37703695,,,0,Nyahururu,Caroline Nyakio,Maili nne,General shop,Maili nne,Dormant
Mercy Wakio Mwai,719320359,13332877,,,0,Naromoru,Mercy  Karimi,Njoguini,Farming,Njoguini,Dormant
Mercy Wambui Nduati,790554705,24993751,10000,10833,1,Nyahururu,Peter Nderitu Machira,20300,Farming,Muchemi,Active
Mercy Wambui Ndungu,790312685,20072122,,,0,Karatina,Shyrine Njue,Gacatha,Salon,Gacatha,Dormant
Mercy Wangari Muthoni,769261515,41840600,,,0,Nyahururu,Caroline Nyakio,Imenti,Agrovet,Imenti,Dormant
Mercy Wangechi,715228494,30049769,,,0,Nyahururu,Peter Nderitu Machira,Maili nne,Green grocery,Maili nne,Dormant
Mercy Wanjiku,743665781,35405143,,,1,Nyahururu,Caroline Nyakio,0,Salon,Madaraka,Dormant
Mercy Wanjira Wahome,723771057,7323241,,,0,Karatina,Joseph Ngondi,Gikumbo,Farming,Gikumbo,Dormant
Mercy Wanjiru Maina,701187397,24272958,10000,2170,1,Naromoru,Mercy  Karimi,Soweto,Farmer,Soweto,Active
Metrine Minyabe Likuyi,700041662,39703867,,,0,Nyahururu,Peter Nderitu Machira,Leshau,Selling mitumba,Leshau,Dormant
Michael Muthii Muriuki,716645885,10952883,10000,2170,1,Naromoru,Mercy  Karimi,Njoguini,Farming,Njoguini,Active
Micheal Mathenge Njoroge,723410419,23645793,,,0,Naromoru,Silvester Muthomi,Tagwa,Grocery,Tagwa,Dormant
Micheal Ndege,729823193,25321156,,,1,Nyahururu,Nancy Wamboi,Thome,Retail shop,Thome,Dormant
Milfrida Nyaboke,742982500,2620781,,,1,Nyahururu,Caroline Nyakio,Subukia,Hotel and fruits,Subukia,Dormant
Milka  Mumbi Wangari,110705114,39970476,,,0,Karatina,Caroline Mureithi,Kabiruini,Hotel,Kabiruini,Dormant
Milka Thuguri Murigu,723434185,9117889,,,1,Karatina,Sharlet Sally,Kiawarigi,Green grocery,Kiawarigi,Dormant
Milka Wairimu Karume,729500609,12472746,10000,10830,1,Naromoru,David Wambugu,Kirichu,Mtumba,Kirichu,Active
Milka Wanjiku Mwangi,726547587,21967421,,,0,Karatina,Simon Gichigi,Karura,Farming,Karura,Dormant
Milka Wanjiru Mwai,758667235,26400080,,,1,Karatina,Caroline Mureithi,Kagochi,Farming,Kagochi,Dormant
Milkah Mwihaki Karingiti,741089761,34678648,,,0,Karatina,Peter Mathenge,Kabiruini,Broker,Kabiruini,Dormant
Millicent Wanjiru Ngatia,722748615,22151123,,,0,Karatina,Simon Gichigi,Rititi,Bar,Rititi,Dormant
Millicent Waraichiri Mwangi,710484755,25081169,,,1,Karatina,Caroline Mureithi,Ramunga,Retail shop,Ramunga,Dormant
Millicent Wawira Wambugu,795543318,24309632,8000,8660,1,Naromoru,David Wambugu,Naromoru,Grocery,Naromoru,Active
Miriam Wanjiku Munyiri,729038410,21993106,,,1,Karatina,Simon Gichigi,Saigon,Fruits vendor,Karatina,Dormant
Mirriam Rotich,726281613,20935810,20000,8668,1,Nyahururu,Nancy Wamboi,20300,Retail shop,Karandi,Active
Mirriam Wamuyu Kiama,717735348,28500793,10000,500,1,Naromoru,Mercy  Karimi,Naromoru,Carwash,Naromoru,Active
Mirriam Wangui Maina,795515329,35774680,,,0,Karatina,Caroline Mureithi,Kiawarigi,Green grocery,Kiawarigi,Dormant
Molly Atieno Ouma,703832288,34273373,,,0,Nyahururu,Caroline Nyakio,Kibathi,General shop,Kibathi,Dormant
Monica Gatheca,741227923,35466125,,,0,Nyahururu,Caroline Nyakio,Pesi,Onion reseller,Pesi,Dormant
Monica Nyambura Gatimu,723553746,13454318,9000,800,1,Karatina,Evaline Muthoni,Kangaita,Farming,Kangaita,Active
Monicah Amondi Loriu,711124852,36356565,,,0,Nyahururu,Peter Nderitu Machira,Rumuruti,General shop,Rumuruti,Dormant
Monicah Wamucii Njoroge,720637112,24827208,9000,11700,1,Naromoru,Silvester Muthomi,Naromoru,Cattle farming,Blueline,Active
Monicah Wangui Njenga,719624262,24635706,8000,2000,1,Naromoru,Mercy  Karimi,Matanya,Second hand clothes,Matanya,Active
Moses Kamande Mungai,727891955,4267173,,,0,Naromoru,Naftaly  Kinyua,Karimeno,Dairy farming,Karimeno,Dormant
Nahashon Mwangi Irungu,707949553,20166024,,,1,Naromoru,Naftaly  Kinyua,Naromoru,Green grocery,Naromoru,Active
Nancy Gatwiri,715924520,36327164,,,0,Nyahururu,Peter Nderitu Machira,Makutano,Selling onions,Makutano,Dormant
Nancy Njeri Maina,724592850,21894415,,,0,Nyahururu,Peter Nderitu Machira,Mailinne,Selling cabbages,Mailinne,Dormant
Nancy Njoki Njuguna,714920292,10595380,,,1,Naromoru,Naftaly  Kinyua,Kibunja,Hotel,Kibunja,Active
Nancy Nyaguthii Ndegwa,724633563,9075851,7000,9100,1,Naromoru,David Wambugu,New centre,Food kiosk,New centre,Active
Nancy Nyambura Ndirangu,791783709,27583036,,,0,Karatina,Caroline Mureithi,Rafina/karatina,Retail shop,Rafina/karatina,Dormant
Nancy Wangeci Gathigia,704709046,27841566,7000,5010,1,Naromoru,Silvester Muthomi,Chaka,Kilimo biashara,Chaka,Active
Nancy Wanjiku Kiguta,721841322,23797035,10000,12000,2,Naromoru,David Wambugu,Naromoru,Club,Mureru,Active
Naomi Gitura,794029149,26365817,,,1,Nyahururu,Peter Nderitu Machira,20300,Salon,Mairo nne,Dormant
Naomi Mbuthia,790058345,108881495,,,1,Nyahururu,Nancy Wamboi,Charagita,Dairy farming,Muchami village,Dormant
Naomi Muthoni Muchoki,714213696,21246820,,,0,Karatina,Evaline Muthoni,Mihuti,Green grocery,Mihuti,Dormant
Naomi Nyaguthi Munjari,793551785,42056759,7000,9100,1,Naromoru,Naftaly  Kinyua,Meeting,Salon,Meeting,Active
Naomi Wangui,711962072,2178940,7000,5260,1,Nyahururu,Nancy Wamboi,20301,Farming,Ahiti centre,Active
Naomi Wanjiru Ndiritu,726100264,11121017,,,0,Nyahururu,Caroline Nyakio,20300,Food mobile,Karuga,Dormant
Ndirangu Regina Ngoiri,712033508,27775232,,,0,Naromoru,Silvester Muthomi,Matanya,Butcgery,Matanya,Dormant
Pamela Kathambi Kirimi,790944924,12692281,,,0,Karatina,Caroline Mureithi,Muthuthi -ini,Farming,Mukurweini,Dormant
Papeshwa  Wairimu Githinji,716339627,3919278,,,0,Nyahururu,Damaris Ruguru,Mailinne,Selling mitumba,Maili nne,Dormant
Pasquelinah Gathoni Thuku,143148936,28528078,,,1,Naromoru,David Wambugu,Chaka,Grocery,Chaka,Dormant
Patience Mumo Ngonzi,743534921,31855559,7000,8330,1,Naromoru,Naftaly  Kinyua,Naromoru,Salon,Naromoru,Active
Patricia Wamuyu Gakui,715363435,23725649,6999,4062,1,Karatina,Simon Gichigi,Gachika,Farming,Gachika,Active
Patricia Wanjiru Kario,721996908,31156525,6999,245,1,Karatina,Simon Gichigi,Kaiyaba,Salon/farmer,Kaiyaba,Active
Patricia Wanjugu Githinji,727828552,21703988,,,0,Nyahururu,Damaris Ruguru,Gatundia,General shop/mitumba,Gatundia,Dormant
Patrick Kinya Kariuki,117665073,36996924,7000,5733,1,Karatina,Simon Gichigi,Karatina,Scrap metal,Karatina,Active
Patrick Maina Kimani,726706952,10316454,,,0,Nyahururu,Peter Nderitu Machira,Maili saba,Timber processing,Mailisaba,Dormant
Patrick Nthiga Kiria,725931474,11056862,,,1,Karatina,Evaline Muthoni,Karatina,Malimali,Karatina,Dormant
Patrick Skyvic Emapus,798079512,34086773,,,0,Karatina,Caroline Mureithi,Muthua,Green grocery,Muthua,Dormant
Paul Mwangi,711410254,9199259,,,2,Nyahururu,Caroline Nyakio,0,Butchery,Imenti,Dormant
Paul Thuo,705033064,39561118,,,1,Nyahururu,Nancy Wamboi,Thome,Agrovet,Thome,Dormant
Paulina  Chepborir Kipkurui,700132036,9935036,,,0,Nyahururu,Caroline Nyakio,Rumuruti,General shop,Kings academy,Dormant
Pauline Ngendo Gichuku,769178955,24062811,,,1,Naromoru,Naftaly  Kinyua,Chaka,Grocery,Chaka,Dormant
Pauline Njeri Chira,711201101,24443447,,,0,Karatina,Lisper Gatwiri,Thunguma /nyeri,Bar,Thunguma/nyeri,Dormant
Pauline Nyambura,708448209,614340,,,1,Nyahururu,Nancy Wamboi,20301,Retail,Mairo nne,Dormant
Pauline Nyathogora Karimi,716382184,24460441,,,1,Karatina,Evaline Muthoni,Kagochi,Farming,Gatei,Dormant
Pauline Wanjiku Kimani,711154802,25362649,7000,9100,1,Naromoru,Mercy  Karimi,Ha gituku,Green grocery,Ha gituku,Active
Peninah Mathenge Waithira,748261697,27786956,,,0,Nyahururu,Caroline Nyakio,Rumuruti,Poultry,Rumuruti,Dormant
Peris Kendi,796873604,31417990,,,0,Karatina,Peter Mathenge,Muthinga,Hotel,Muthinga,Dormant
Peris Nyambura Munene,721324830,22070117,,,0,Nyahururu,Peter Nderitu Machira,Maili nne,Selling charcoal,Mailinne,Dormant
Peris Wangui Wanjugu,712005347,27634428,,,0,Nyahururu,Peter Nderitu Machira,Rumuruti,Green grocery/mitumba,Rumuruti town,Dormant
Peter Gichohi Kihara,720709061,14519083,8000,6320,1,Naromoru,David Wambugu,Naromoru,Shoes vendor,Naromoru,Active
Peter Gitahi Ndungu,722105603,22364199,,,0,Naromoru,Mercy  Karimi,Nyaribo,Fast foods,Nyaribo,Dormant
Peter Karemeri Karemeri,723359565,11261966,,,0,Naromoru,Mercy  Karimi,Njoguini,Surveyor,Njoguini,Dormant
Peter Maina Mwangi,723865952,21507963,,,0,Nyahururu,Damaris Ruguru,Gatundia,Carpenter,Gatundia,Dormant
Peter Maina Ndirangu,113657107,11724927,,,0,Naromoru,David Wambugu,Karemeno,Farming,Karemeno,Dormant
Peter Njoroge Mbugua,721356359,14625359,,,0,Nyahururu,Nancy Wamboi,Nyahururu,Computer accessories,Stadium road,Dormant
Peter Wachira Gichohi,712620903,13646245,,,1,Nyahururu,Caroline Nyakio,00200,Club,Imenti,Dormant
Peter Waihenya,712833328,11707589,,,1,Nyahururu,Nancy Wamboi,10091,Dairy farming,Mitindiri,Dormant
Peter Wainana Kibiru,794861894,5768651,,,0,Nyahururu,Nancy Wamboi,Pasenga,Dairy farming,Pasenga,Dormant
Phancy Wanjiru Mwangi,703403169,21911844,,,0,Karatina,Simon Gichigi,Gachika/karatina,Farming,Gachika,Dormant
Philis Wanjiru Onyango,723117536,35079381,7000,2260,1,Karatina,Simon Gichigi,Muthua,Green grocery,Muthua,Active
Philomena Nguitui,718400068,20284400,,,0,Nyahururu,Peter Nderitu Machira,Mamboleo,Poshomill,Karuga,Dormant
Phoebe Muthoni Kariuki,727461442,11075635,,,0,Karatina,Caroline Mureithi,Karatina,Daycare/boutique,Karatina,Dormant
Phylis Njeri Wataku,746305393,23663959,,,1,Karatina,Sharlet Sally,Othaya,Farmer,Othaya,Dormant
Phyllis Wairimu Gathungu,716827291,31991709,,,0,Karatina,Caroline Mureithi,Karatina,Hotel,Karatina,Dormant
Pierra Wawira Mwaniki,740854760,23647701,,,0,Nyahururu,Damaris Ruguru,Nyahururu,Hotel,Nyahururu,Dormant
Poline Muthoni,714226124,20368523,7000,9100,1,Naromoru,David Wambugu,Mucuiri,Greengrocery,Naromoru,Active
Priscah Akinyi Opiyo,797379334,38572104,,,0,Karatina,Joseph Ngondi,Mukuruweini,Fish vendor,Mukurweini,Dormant
Priscah Nyangweso Mbatia,758659128,31246744,8000,5506,1,Naromoru,Silvester Muthomi,Naromoru,Hotel,Naromoru,Active
Priscilla Wangui Mwangi,725880687,23800798,,,1,Naromoru,David Wambugu,Mureru,Pub,Mureru,Active
Purity  Kanoti Mutiiria,708457828,32104592,,,1,Karatina,Evaline Muthoni,Tetu/kamuyu,Salonist,Kamuyu/tetu,Dormant
Purity Gaceri Kithaka,728439557,32369527,,,1,Karatina,Evaline Muthoni,Ciaraini,Tailoring,Ciaraini,Dormant
Purity Gacoki,769573260,8574347,,,1,Nyahururu,Caroline Nyakio,20300,Shop,Njiku kanga,Dormant
Purity Kagendo Njagi,703187739,35190935,,,0,Karatina,Sharlet Sally,Karatina,Hotel,Karatina,Dormant
Purity Kanana,721919217,27443997,10000,8660,1,Naromoru,Silvester Muthomi,Burguret,Butchery,Burguret,Active
Purity Karimi Githaga,701791746,35181503,,,1,Karatina,Simon Gichigi,Kiawarigi,Farm food vendor,Kiawarigi,Dormant
Purity Kinanu,705882091,33600224,,,0,Naromoru,David Wambugu,Matanya,Salon,Matanya,Dormant
Purity Mwangi,746999243,2485509,,,1,Nyahururu,Caroline Nyakio,Shamata,Grocery,Shamata,Dormant
Purity Naitore,702131279,26365098,,,0,Karatina,Sharlet Sally,Gitunduti,Farming,Gitunduti/karatina,Dormant
Purity Naitore Kimaita,727624336,24721855,,,0,Naromoru,Silvester Muthomi,Burguret,Grocery,Burguret,Dormant
Purity Njoki Macharia,713978869,28263106,10000,4340,1,Naromoru,Mercy  Karimi,Chaka,Salon,Chaka,Active
Purity Njoki Mwangi,143178817,31867824,10000,13000,1,Naromoru,Mercy  Karimi,Chaka,Plastic vendor,Chaka,Active
Purity Nyaguthii Wanjohi,714680432,21701047,10000,10830,1,Naromoru,David Wambugu,Naromoru,Shop,Naromoru,Active
Purity Wairimu Kamau,729374373,25395294,8000,3670,1,Naromoru,Mercy  Karimi,Naromoru,Plastic seller,Naromoru,Active
Purity Wanjiku Njuki,796660836,30063347,,,1,Karatina,Caroline Mureithi,Kiamariga,Grocery,Kiamariga,Dormant
Purity Wanjiru,713290488,12477096,10000,13000,1,Naromoru,David Wambugu,Naromoru,Bar,Naromoru,Active
Rabecca Nachoch Echom,794400120,28512556,,,0,Nyahururu,Damaris Ruguru,Rumuruti,Selling new clothes,Rumuruti,Dormant
Racheal Keru Wanjiku,115746322,24960498,7000,9100,1,Naromoru,David Wambugu,Chaka,Shop,Chaka,Active
Racheal Njeri Mwangi,741590773,23494763,,,0,Nyahururu,Caroline Nyakio,Maili nne,Selling shoes,Mailinne,Dormant
Rachel Mwangi,707670443,37132889,10000,3313,2,Nyahururu,Caroline Nyakio,Imenti,Pub,Imenti,Active
Rachel Wangu Githui,711286456,22127208,,,0,Karatina,Simon Gichigi,Ihwagi,Farming,Ihwagi,Dormant
Rael Nafula Barasa,797148151,33793318,,,0,Naromoru,David Wambugu,Burguret,Mtumba clothes,Matanya,Dormant
Rael Namale Inzeyi,143432554,33352031,,,0,Karatina,Simon Gichigi,Karatina,Hotel,Karatina,Dormant
Rahab Kabui,711227118,27071216,,,1,Nyahururu,Nancy Wamboi,20300,Retail shop and grocery,Transchem,Dormant
Rahab Muthoni Kagema,710711406,2485400,,,0,Nyahururu,Caroline Nyakio,Kandutura,General shop,Kandutura,Dormant
Rahab Njambi,746194202,25284182,,,1,Nyahururu,Peter Nderitu Machira,20300,Groceries,Shamata,Dormant
Rahab Wanjiru Mbui,714200118,25063634,,,0,Karatina,Simon Gichigi,Gachika,Food vendor/farming,Gachika,Dormant
Raphael Gikandi Maina,708320978,24189307,10000,2170,1,Naromoru,Silvester Muthomi,Wasanet,Hotel,Wasanet,Active
Rebecca Akai Nairia,740326857,41416267,,,0,Nyahururu,Peter Nderitu Machira,Rumuruti,Green grocery,Rumuruti town,Dormant
Rebecca Nyaguthii Thamaini,758011823,24346337,8000,2832,1,Karatina,Sharlet Sally,Giakaibei,Mini boutique,Giakabei,Active
Rebecca Nyamiugu,717278803,717278803,,,1,Karatina,Caroline Mureithi,Karogoto,Farming [poultry],Karogoto,Dormant
Regina Nyawira Muchiri,712769147,35413612,,,0,Karatina,Simon Gichigi,Mugetho,Farming,Mugetho,Dormant
Regina Wangeci Rukwaro,723655868,11806699,,,0,Karatina,Caroline Mureithi,Tetu,Hotel,Tetu,Dormant
Reginah Muthoni Wanjiru,707490678,27535238,,,1,Karatina,Simon Gichigi,Mukuruweini,Hotel,Mukurweini,Dormant
Rhoda Khasandi Namale,757691210,26154965,,,0,Karatina,Lisper Gatwiri,Karidundu/karatina,Fish seller,Karatina,Dormant
Rhoda Muthoni Wahome,720093620,13884623,,,1,Karatina,Simon Gichigi,Karatina,Boutique,Karatina,Dormant
Rhoda Wanjiru Mundia,742279176,21594721,8000,8568,1,Naromoru,Silvester Muthomi,Chaka,Grocery,Chaka,Active
Richard Kariuki Migwi,797805679,21461019,,,0,Karatina,Simon Gichigi,Karatina,Gomba,Karatina,Dormant
Richard Kingori Gichuhi,790373044,26531126,,,1,Karatina,Sharlet Sally,Kangaita,Scrap metals,Kangaita,Dormant
Richard Sike,722340765,40145313,15000,5500,1,Nyahururu,Nancy Wamboi,Thome road,Car wash,Rumuruti,Active
Robai Khamaywa Anguba,711652508,36646734,,,0,Karatina,Caroline Mureithi,Muthua,Green grocery,Muthua,Dormant
Robinson Kariuki Njuguna,790082214,38548046,,,0,Nyahururu,Peter Nderitu Machira,Nyahururu,Green grocery,Co -site,Dormant
Rodah Nyambura Ngarari,725559308,14707425,,,0,Nyahururu,Peter Nderitu Machira,Mailinne,Selling mitumba,Mailinne,Dormant
Rosaline Wanja Nyaga,710602129,25308011,7000,8330,1,Naromoru,David Wambugu,Chaka,Clothes,Chaka,Active
Rose Ikua,706241487,29235850,7000,6680,1,Naromoru,Silvester Muthomi,Castle,Green grocery,Castle,Active
Rose Wainuku Mithamo,740732813,33398600,,,1,Karatina,Evaline Muthoni,Ngorano,Farming,Ngorano,Dormant
Rose Wairimu Kabiru,711200779,13537930,,,1,Karatina,Sharlet Sally,Kiawarigi,Farmer/thrifted clothes,Kiawarigi,Dormant
Rose Waithira Wacira,710353304,24063921,,,0,Karatina,Caroline Mureithi,Kibingoti,Farming,Kibingoti,Dormant
Rose Wangari Mwangi,769484745,21965784,,,0,Karatina,Peter Mathenge,Karatina,Green grocery,Karatina,Dormant
Rose Wangui Ndirangu,727377119,27213700,,,1,Karatina,Sharlet Sally,Hiriga,Farmer,Hiriga,Dormant
Rose Wanja Wangui,712872335,25586166,10000,13000,1,Naromoru,David Wambugu,Naromoru,Grocery,Naromoru,Active
Rose Wanjiku Githinji,713146035,24960584,8000,3670,1,Naromoru,David Wambugu,Kiganjo,Shop,Kiganjo,Active
Rosemary Maina,724153150,9856848,,,1,Nyahururu,Nancy Wamboi,20300,Poultry farming,Losogwa,Dormant
Rosemary Njoki Muguimi,720781233,21134835,,,0,Naromoru,Naftaly  Kinyua,Burguret,Second clothes,Matanya,Dormant
Rosemary Wanjiru Wanjohi,741955618,38236905,,,1,Karatina,Sharlet Sally,Hiriga,Green grocery/hair dressing,Hiriga,Dormant
Ruth Wangechi Kihara,745242789,20814330,,,0,Nyahururu,Peter Nderitu Machira,Rumuruti,Grocery,Rumuruti,Dormant
Ruth Wangui Ngari,745470083,32992532,,,1,Karatina,Sharlet Sally,Karidundu,Gren grocery,Karidundu,Dormant
Ruth Wanjiru Wamae,742151766,31594239,,,1,Karatina,Simon Gichigi,Kaiyaba,Hotel,Kaiyaba,Dormant
Sabina Nyaruai Kanyugo,790788290,29053498,,,0,Karatina,Joseph Ngondi,Thunguma /nyeri,Second hand clothes,Thunguma/nyeri,Dormant
Sallyloise Wangari Githogori,791731867,28144828,,,1,Karatina,Simon Gichigi,Kiawarigi,Food services,Kiawarigi,Dormant
Salome Kibunja,719105265,11306416,,,1,Nyahururu,Peter Nderitu Machira,20300,Malimali shop,Muhaka-ini,Dormant
Salome Njoki Kaharu,743662912,20905006,7000,5090,1,Karatina,Peter Mathenge,Othaya,Clothes seller,Othaya,Active
Salome Wanjiru Wachira,745707906,31204394,10000,4620,1,Naromoru,David Wambugu,Naromoru,Kuku vendor,Naromoru,Active
Sammy Maina Kariuki,745814175,11318471,,,0,Karatina,Evaline Muthoni,Gatitu,Farming,Gatitu,Dormant
Samson Njenga Nderitu,710685485,21244628,,,0,Karatina,Simon Gichigi,Ngandu,Barber,Ngandu,Dormant
Samuel  Chege Waweru,793568159,37839074,,,0,Nyahururu,Peter Nderitu Machira,Weru,Powersaw,Weru,Dormant
Samuel Biru Mute,704539428,3218567,,,1,Naromoru,Naftaly  Kinyua,Castle,Green grocery,Castle,Dormant
Samuel Gathuthi Munuhe,748787503,29338176,,,1,Karatina,Evaline Muthoni,Kagochi,Firewood/avocado,Kagochi,Dormant
Samuel Macharia Mungai,115563126,37192764,,,0,Nyahururu,Damaris Ruguru,Boiman,Electrian,Boiman,Dormant
Samuel Maina Mwangi,741687879,36016810,,,0,Nyahururu,Nancy Wamboi,Charagita,Mixed farming,Charagita,Dormant
Samuel Muigai Gichia,702028822,8207591,,,0,Nyahururu,Peter Nderitu Machira,20300,Selling potatoes,Kwanjora,Dormant
Samuel Muya Wachira,725380367,7440363,,,0,Nyahururu,Nancy Wamboi,Marmanet,Butchery,Marmanet,Dormant
Samuel Mwenda Mwiti,743333421,23497949,10000,3640,1,Naromoru,Mercy  Karimi,Kiamathaga,Farming,Njoguini,Active
Samuel Thuita Ngige,726209506,20120281,,,0,Nyahururu,Damaris Ruguru,Rumuruti,Electrian,Rumuruti,Dormant
Samuel Wachira Wairimu,706656148,26620909,,,0,Karatina,Joseph Ngondi,Tetu,Green grocery/fruits vendor,Tetu,Dormant
Sarah Nderitu,715906681,28779840,,,1,Nyahururu,Nancy Wamboi,20300,Wines and spirit,Nairobi road,Dormant
Sarah Ndung'u,706439225,22580679,,,1,Nyahururu,Caroline Nyakio,Imenti,Pub,Imenti,Dormant
Sarah Wairimu Taiti,748572985,31023334,,,0,Naromoru,Silvester Muthomi,Kwa j,Hotel,Kwa j,Dormant
Sarah Wanjiku Mbuthu,797435912,32003644,,,1,Karatina,Sharlet Sally,Kiarithaini,Green grocery,Jambo,Dormant
Sarah Wesiko Iregi,740655804,29942460,,,0,Karatina,Joseph Ngondi,Rafina/karatina,Green grocery,Rafina/karatina,Dormant
Selina Ekiela,745464053,34005439,7000,1932,1,Nyahururu,Caroline Nyakio,Moonlight,Salon,Rumuruti road,Active
Serah Kimani,726145455,21626553,7000,2350,1,Nyahururu,Peter Nderitu Machira,Nyahururu,Grocery,Nyahururu,Active
Serah Wairimu Kinyua,715368458,24713898,10000,2170,1,Naromoru,Silvester Muthomi,Mwichwiri,Scrap metals,Mucwiri,Active
Serah Wambui Muthura,725818764,124778336,,,0,Nyahururu,Damaris Ruguru,Nyahururu,Selling mitumba,Mailinne,Dormant
Serah Wambui Mwangi,723213443,2078300,,,0,Karatina,Evaline Muthoni,Othaya,Hotel,Othaya,Dormant
Serah Wanjiru Nganga,724164082,10316527,,,0,Nyahururu,Nancy Wamboi,Igwamiti,Dairy farming,Karuga,Dormant
Sharon Mwendwa Kiriamburi,740940083,29039242,,,0,Naromoru,Mercy  Karimi,Naromoru,Grocery,Naromoru,Dormant
Sheila Langat,707451706,26914983,10000,6409,1,Nyahururu,Nancy Wamboi,1222,Boutique,Ngane,Active
Shelmith Gathoni Gichohi,746399541,25132565,10000,4340,1,Naromoru,Mercy  Karimi,Naromoru,Salon,Naromoru,Active
Silvia Wachira,797396337,257079604,,,1,Nyahururu,Nancy Wamboi,47936,Retail shop,Maili nne,Dormant
Simon Emuria Loter,791933445,31131940,,,0,Nyahururu,Damaris Ruguru,Gatundia,Video shop,Gatundia,Dormant
Simon Kanja Murithi,742129198,20946593,,,0,Naromoru,Naftaly  Kinyua,Karimeno,Dairy farming,Karimeno,Dormant
Simon Mtikiugu,798632927,28111307,,,1,Nyahururu,Peter Nderitu Machira,20300,Selling potatoes,Shamata,Dormant
Simon Mutunga,723519085,11896471,,,1,Nyahururu,Peter Nderitu Machira,00200,Poultry farming,Gatero,Dormant
Simon Mwangi Mwago,796216948,7665674,,,0,Nyahururu,Damaris Ruguru,Magitu,Dairy farming,Magutu,Dormant
Stella Wangui Nyawira,790351484,28426847,8000,835,1,Naromoru,Naftaly  Kinyua,Naromoru,Hotel,Noromoru,Active
Susan Kananu Kaberia,793873983,28576880,10000,6490,1,Naromoru,David Wambugu,Naromoru,Hotel,Naromoru,Active
Susan Karimi Mundi,757705556,20611738,,,1,Karatina,Caroline Mureithi,Gitunduti,Food kiosk,Gitunduti,Dormant
Susan Mburu,791542906,13219284,,,2,Nyahururu,Caroline Nyakio,0,Grocery,Madaraka,Dormant
Susan Modo,721991675,20347847,5000,833,1,Nyahururu,Caroline Nyakio,Rumuruti,Farming,Rumuruti -road,Active
Susan Muthoni Nyawira,118388932,23335911,,,0,Naromoru,Silvester Muthomi,Judea,Hotel,Judea,Dormant
Susan Mwaura,724350985,24061793,,,1,Nyahururu,Nancy Wamboi,20300,Mtumba shop,Kasuku,Dormant
Susan Ndinda Kinyua,110688130,28498632,9000,2200,1,Karatina,Caroline Mureithi,Njatheini,Farming,Njatheini,Active
Susan Njambi,727368599,12946357,,,1,Nyahururu,Caroline Nyakio,Nyahururu,Farming,Nyahururu,Dormant
Susan Njeri Gathara,703191372,25649294,,,0,Karatina,Caroline Mureithi,Karatina,Bar/hotel,Karatina,Dormant
Susan Njiri Watiri,723512549,2353086,10000,12500,1,Naromoru,Naftaly  Kinyua,Chaka,Soup vendor,Chaka,Active
Susan Njoki Maina,725250520,24309052,9000,6600,1,Karatina,Sharlet Sally,Kaiyaba,Green grocery,Kaiyaba,Active
Susan Waguthii Maina,724057954,11413712,10000,2170,1,Naromoru,Mercy  Karimi,Kiganjo,Second hand clothes,Msafiri,Active
Susan Wamboi Karuru,729875857,13204306,,,1,Karatina,Evaline Muthoni,Tetu,Milk vendor,Tetu,Dormant
Susan Wangari,113300495,20606674,5000,1660,1,Nyahururu,Nancy Wamboi,20301,Dairy farm,Charagita,Active
Susan Wanjiku Kirugo,114231644,28182575,10000,2170,1,Naromoru,Silvester Muthomi,Chaka,Mtumba seller,Chaka,Active
Susyline Munene,723495587,23411441,,,2,Nyahururu,Caroline Nyakio,0,Retail&wholesale,Imenti,Dormant
Sylvester Njuguna Kamau,727149758,36239339,10000,2170,1,Naromoru,Naftaly  Kinyua,Gataka,Tour guide,Gataka,Active
Tabitha Muiga Wangari,729828281,24015096,,,0,Nyahururu,Caroline Nyakio,Njaus,Shop,Njaus,Dormant
Tabitha Nyawira Maina,701455506,12477037,,,1,Karatina,Simon Gichigi,Karatina,Farm food sales,Karatina,Dormant
Tabitha Nyokabi Njenga,796291816,21543280,7000,4256,1,Nyahururu,Peter Nderitu Machira,20300,Milk farming,Umoja mbuyu,Active
Tabitha Wangari Wachira,704825788,20994181,,,0,Nyahururu,Caroline Nyakio,Kasuku,Club,Kasuku stage,Dormant
Tabitha Wangechi Macharia,704244146,25716147,,,0,Nyahururu,Damaris Ruguru,Rumuruti,Hotel,Rumuruti,Dormant
Tabitha Wangui Kinyua,722482923,233883028,,,0,Karatina,Simon Gichigi,Karatina,Timberyard,Karatina,Dormant
Tabitha Wanjugu Mwangi,725809583,22007426,,,0,Karatina,Joseph Ngondi,Gikumbo,Farming,Gikumbo,Dormant
Teresa Gatheru,724836941,22843423,,,1,Nyahururu,Peter Nderitu Machira,20300,Retail shop,Nyahururu,Dormant
Teresa Nderitu Gathoni,710199397,12780142,8000,2170,2,Naromoru,David Wambugu,Chaka,Grocery,Chaka,Active
Teresa Wangari Wachinga,797396128,35815888,8000,7330,1,Naromoru,David Wambugu,Naromoru,Grocery,Naromoru,Active
Teresia Muthoni Waithaka,704159480,21114950,7000,1052,1,Karatina,Caroline Mureithi,Karatina,Clothes seller,Karatina,Active
Teresia Nyambura Kinyua,705400456,14476495,,,0,Nyahururu,Catherine Luyudi,Muchemi,Farming,Muchemi,Dormant
Veronica Mbaika  Mutua,112720895,32724484,8000,5505,1,Naromoru,Mercy  Karimi,Jowiny,Plastics utensils,Njoguini,Active
Veronica Mumbi Kamau,712391808,27944675,,,1,Karatina,Evaline Muthoni,Kiandu,Shop,Kiandu,Dormant
Veronica Muthoni Ntwiga,716280732,27647703,,,0,Karatina,Caroline Mureithi,Rafina,Green grocery,Rafina,Dormant
Virginia Wangui Kabaiku,715010933,27960445,7000,2610,1,Naromoru,Silvester Muthomi,Matanya,Pub,Matanya,Active
Virginia Wanjiru Wairimu,718871498,24134466,,,0,Nyahururu,Peter Nderitu Machira,Maili nne,Fruit vendor,Nyahururu,Dormant
Winnie Mwangi,715616331,36728923,,,1,Nyahururu,Nancy Wamboi,20300,Shop boutique,Jikaze,Dormant
Winnie Ndirangu,759607572,32416632,,,2,Nyahururu,Caroline Nyakio,Makutano,Retail shop,Makutano,Dormant
Winrose Karimi Nyaga,717482302,24135838,,,0,Karatina,Caroline Mureithi,Njatheini,Farming,Njatheini,Dormant
Winrose Njoki Muturi,759419495,37578315,,,1,Naromoru,Naftaly  Kinyua,Kibunja,Salon,Kibunja,Active
Winrose Wanjira Maina,707472431,29647822,,,0,Karatina,Joseph Ngondi,Karidundu,Shop/hotel,Karidundu,Dormant
Yvonne Wawuda Kashindo,116422575,29013877,,,0,Karatina,Caroline Mureithi,Kanjuri/karatina,Retail shop,Kanjuri,Dormant
Zipporah Muthoni Mureithi,700480519,23593717,,,0,Nyahururu,Nancy Wamboi,Mutura,Selling milk,Mutura,Dormant
Zipporah Rotich,720853132,485452,10000,7500,1,Nyahururu,Caroline Nyakio,20300,Mtumba seller,Kaburua,Active
