24/8/2026,Margaret Lomitir,Eunice Akoth,740548417,728108487,7000,6weeks,500,2000,9000,2250,9000,0,Carol
24/8/2026,Jecinta Nduta,Grace Njuguna,769621536,724544938,15000,6weeks,500,4500,19500,3250,16250,3250,Carol
24/8/2026,Mary Mwaura,Norman Macharia,708199244,70509057,20000,4weeks,500,4000,24000,6000,7000,17000,Cate
24/8/2026,Godfrey Mugo,Philis Maina,715365131,713543764,10000,6weeks,500,3000,13000,2167,13000,0,Cate
24/8/2026,Daniel Wambui,Sabina Akope,728981668,769325233,7000,6weeks,500,3000,10000,1667,10000,0,Damaris
24/8/2026,Caroline kimuhu,Stephen Kinyanjui,758849257,748300019,8000,4weeks,500,2000,10000,2500,10000,0,Peter
24/8/2026,Edwin Montana,Peter Irungu,742033906,790412246,7000,6weeks,500,3000,10000,1667,8335,1665,Cate
24/8/2026,Jecinta Nyambura,Grace Kimatu,723204844,717892112,7000,6weeks,500,3000,10000,1667,10000,0,Damaris
24/8/2026,Mercy Njuguna,Zipporah Njuki,794817796,702282198,7000,6weeks,500,3000,10000,1667,10000,0,Peter
24/8/2026,Jane Ngata,Charles Munene,743647697,741796731,7000,4weeks,500,2000,9000,2250,9000,0,Peter
24/8/2026,Anthony Muthoni,Joyce Ndunge,724479261,728649729,10000,4weeks,500,2000,12000,3000,12000,0,Peter
25/8/2026,Leah Kanyango,Alice Wachira,721950008,727258550,7000,4weeks,500,2000,9000,2250,9000,0,Peter
25/8/2026,Jesika Kangala,Jane Nyambura,797775990,748608288,12000,6weeks,500,3600,15600,2600,15600,0,Peter
25/8/2026,Mary Kimamo,James Apere,701483016,719699112,8000,6weeks,500,3000,11000,1834,9170,1830,Cate
25/8/2026,Harriet Kibuchi,Francis Muchai,757601818,76227036,7000,6weeks,500,3000,10000,1667,0,10000,Cate
25/8/2026,Kelvin Kimaru,Charity Karia,700677627,724348241,7000,6weeks,500,3000,10000,1667,10000,0,Peter
25/8/2026,Auther Kiarie,Hesbon Mwaniki,706535129,746332140,7000,6weeks,500,3000,10000,1667,8335,1665,Damaris
25/8/2026,Samuel Macharia ,Joseph Waithaka,115563126,722337146,7000,6weeks,500,3000,10000,1667,8335,1665,Damaris
25/8/2026,Brian Wanyama,Lucy Nderitu,114744475,744652580,7000,6weeks,500,3000,10000,1667,0,10000,Cate
26/8/2026,Jane Naivest,Agnes Lele,724024611,795493127,10000,6weeks,500,3000,13000,2167,10835,2165,Carol
26/8/2026,James Wanyiri,Joyce kiboi,714503794,745128614,7000,6weeks,500,3000,10000,1667,10000,0,Carol
26/8/2026,Damaris Kimathi ,Elizabeth Wangui,728290725,714592685,12000,6weeks,500,3600,15600,3250,15600,0,Carol
26/8/2026,Anthony  Munene,Ibrahim Kingori,714076538,798654955,10000,4weeks,500,2000,12000,3000,12000,0,Cate
26/8/2026,Robinson Kariuki,Maryann Maina,790082214,712258783,9000,6weeks,500,3000,12000,2000,5900,6100,Peter
26/82026,Metrine Lukuyi,Mary Wangui,700041662,721778601,7000,6weeks,700,3000,10000,1667,8335,1665,Peter
26/8/2026,Bancy Waweru,Peter Njoroge,711973607,742103835,20000,4 weeks,500,4000,24000,6000,24000,0,Carol
27/8/2026,Daniel Doya,Hannah Njuguna,726784976,711962072,7000,6weeks,700,3000,10000,1667,0,10000,Cate
27/8/2026,Ruth Kihara,Janet Koech,745242789,795884457,10000,6Weeks,700,3000,13000,2167,10728,2272,Peter
27/8/2026,Winnie Ndirangu,Jane Ndirangu,758091413,715021279,10000,4weeks,500,2000,12000,3000,12000,0,Carol
27/8/2026,Alice Naserian,Patricia wacuka,758991413,752560980,7000,6weeks,500,3000,10000,1667,5001,4999,Cate
27/8/2026,Lucy Wachira,Esther Njuguna,707492014,720311445,8000,6weeks,500,3000,11000,1834,7337,3663,Cate
27/8/2026,Simon Mutunga,Grace Mathaga,723519085,712989540,10000,6weeks,500,3000,13000,2167,10835,2165,Peter
27/8/2026,Doris Mwiti,Agnes Nduta,704746868,713101470,7000,6weeks,500,3000,10000,1667,10000,0,Peter
28/8/2026,Rahab Kagema,Beth Gichohi,710711406,757956212,7000,6weeks,700,3000,10000,1667,5832,4168,Carol
28/8/2026,John Maingi,Leah Karimi,724712026,746563025,14000,6weeks,500,4200,18200,3034,15170,3030,Cate
28/8/2026,Teresa Gatheru,Grace Njeri,724836941,743320897,10000,4weeks,500,2000,12000,3000,12000,0,Peter
28/8/2026,Joseph Wairimu,Silvia Wambui,740364099,1133391643,7000,6weeks,700,3000,10000,1667,8335,1665,Damaris
31/8/2026,Josphat Gitonga,Simon Mwangi,748310063,721425519,10000,6weeks,500,3000,13000,2167,13000,0,Carol
31/8/2026,Josphat Kamanu ,Jane Wanjiku,724701702,710576285,12000,6weeks,500,3600,15600,2600,10400,5200,Cate
31/8/2026,Rabecca Echom,Faith Nyambura,794400120,7200886677,7000,6weeks,500,3000,10000,1667,5001,4999,Damaris
31/8/2026,Samuel Chege,Veronica Nyokabi,793568159,748306569,7000,4weeks,700,2000,9000,2250,6150,2850,Peter
31/8/2026,Francis Njuguna,Mary Wanjiku,119173109,728845042,7000,6weeks,500,3000,10000,1667,6668,3332,Peter
31/8/2026,John Mwangi,Monica Njeri,720241837,794326731,10000,4weeks,500,2000,12000,3000,12000,0,Peter
31/8/2026,Simon Mtigiugu,Peter  waititu,798632927,720323599,10000,4weeks,500,2000,12000,3000,12000,0,Peter
31/8/2026,Margaret Wamai,Joseph Maina,721142486,721794032,30000,6weeks,500,10500,40500,6750,27000,13500,Cate
31/8/2026,Grace Njuguna,Rabecca Njuguna,724544938,740441273,10000,6weeks,500,3000,13000,2167,8668,4332,Carol
,,,,,#REF!,,#REF!,#REF!,#REF!,#REF!,#REF!,#REF!,
,,,,,,,,,,,,,
