NO.,DATE,CLIENT'S NAME,CLIENT'S NUMBER,CLIENTS ID.NO,GUARANTOR'S NAME,GUARANTOR'S NO.,GUARANTORS ID,LOAN PERIOD,PRINCIPAL AMOUNT,INTEREST,INSTALLMENTS,L.O.B,
,,,,,,,,,,,,,
1,04/09/26,Priscillah Nyambura Mutonya,0715885492,25467679,Hannah Wairimu Githinji,0707572433,27189157,6 Weeks,10000,3000,2167,CLEARED,Ann
2,04/09/26,Teresa Wanjiku Nyaguthii,0716872853,21791345,Jane Njeri Wanjiku,0727142888,42233463,4 Weeks,15000,3000,4500,CLEARED,Ann
3,07/09/26,Martha Wambui Mwangi,0713404733,21496227,Victor Kuria Mwangi,0769821355,36490785,4 weeks,10000,2000,3000,CLEARED,Ann
4,09/09/26,Mose Bahati Bevlyne,0711670920,32739955,Evans Mogoah Nyaega,0715909749,30824402,4 Weeks,20000,4000,6000,CLEARED,Ann
5,09/09/26,Abigael Gichemba Noah,0746130036,32798367,John Kanini Nyaga,0702014098,26654076,4 Weeks,20000,4000,6000,CLEARED,Ann
6,09/09/26,Mirriam Wanjiku Gitonga,0725714984,20196938,Regina Wangari Mwangi ,0742754722,23459786,4 weeks,8000,2000,2500,CLEARED,Milka
7,10/09/26,Samuel Kahura Kabiro,0725940977,20473278,Isaac Njogu Muiruri,0717537152,27522952,4 Weeks,7000,2000,2250,4500,Milka
8,10/09/26,Paul Kariuki Wangaru,0741724262,13882897,Michael Ndungu Kimani,0725946628,13559323,4 Weeks,20000,4000,6000,CLEARED,Ann
9,10/09/26,Francis Waweru Wang'ombe,0721179725,33439693,Isaac Kangau Muthee,0745878870,33335310,6 Weeks,10000,3000,2167,CLEARED,Milka
10,11/09/26,Josphine Wanjiru Mbae,0706414682,9504030,John Mbae Kimani,0713865645,5751224,6 Weeks,20000,6000,4333,17332,Ann
11,11/09/26,Everlyne Atieno Ochieng,0706200790,315103,Beatrice Akinyi Ombija,0713537118,40694586,6 Weeks,10000,3000,2167,8666,Ann
12,11/09/26,Jane Njeri Wanjiku,0119675041,42233463,Ann Njoki Njanja,0798733681,36160319,4 Weeks,10000,2000,3000,9000,Ann
13,15/09/26,Sera Wanjiku Mwangi,0715072434,11729390,Philip Muriithi Mwangi ,0715025272,1143091,6 Weeks,15000,4500,3250,13000,Milka
14,15/09/26,Teresiah Wanjiru Kanyi,0729296712,2950435,Eneta Wambui Mwaniki,0797064929,25751645,6 Weeks,10000,3000,2167,8666,Milka
15,15/09/26,Simon Kinyanjui Nguhi,0741304619,27052355,Isaac Mbae Nyoro,0731818745,25203845,6 Weeks,16000,4800,3467,13866,Milka
16,15/09/26,Evalyne Mugure Mwaura,0713068523,41394930,Agnes Wambui Kamau,0727050349,11535057,6 Weeks,10000,3000,2167,CLEARED,Ann
17,15/09/26,John Musyoka Kamene,0707420132,28726796,Ann Wambui Nyambura,0748413174,23795806,6 Weeks,12000,3600,2600,10400,Ann
18,15/09/26,Sarah Muthoni Wanjiru,0795042054,27774973,Pauline Ngubia Waweru,0742794403,24360071,6 Weeks,15000,4500,3250,13000,Ann
19,15/09/26,Margaret Moraa Kirera,0728843845,21143242,Margaret Mwithaki Kimani,0792373496,33807228,4 Weeks,10000,2000,3000,10000,Ann
20,15/09/26,Ambrosia Wanja Mwangi,0721422565,11082073,Catherine Njeri Monyo,0769638347,35075944,6 Weeks,10000,3000,2167,8666,Milka
21,15/09/26,Mary Njeri Kimani,0710807679,25221358,Beth Wambui Kihiko,0796478898,42273689,6 Weeks,20000,6000,4333,17332,Ann
22,15/09/26,Susan Wambui Matu,0715155936,26214022,Wambui Beth Wangari,0700483702,414846882,6 Weeks,15000,4500,3250,13000,Ann
23,15/09/26,Teresa Wanjiku Nyaguthii (REPEAT),0716872853,21791345,Jane Njeri Wanjiku,0727142888,42233463,4 Weeks,15000,3000,4500,9000,Ann
24,17/09/26,Tabitha Wangari Ndiro ,0794080835,39262726,Esther Nyakiri Chege,0743958657,24573957,6 weeks,10000,3000,2167,10833,Ann
25,17/09/26,Rahab Wanjiku Kimani,0704919175,5751111,Simon Nganga Kariuki,0712731304,38823878,6 Weeks,15000,4500,3250,16250,Ann
26,17/09/26,Margaret Nyambura Mugekenyi,0113017122,24034006,Esther Muthoni Mwaura,0704888492,27593134,6 Weeks,8000,2000,1883,7617,Ann
27,17/09/26,Evalyne Wanjiru Gichuhi,0727633627,28599488,Mary Wangari Mwangi,0115931777,35210930,6 weeks,10000,3000,2167,CLEARED,Milka
28,17/09/26,Patrick Mathenge Wachira,0743201965,13212667,Paul Ng'ang'a Gichuhi,0712089478,24583280,6 Weeks,10000,3000,2167,10833,Ann
29,17/09/26,Samuel Ruhangi Mwangi,0722610107,12417467,John Kimani Ngotho,0721156069,8840075,6 Weeks,8000,2000,1667,8333,Milka
30,18/09/26,Teresiah Nduta Gitau,0717160355,26903488,Kennedy Kirumba Gitau,0114975258,41733907,6 Weeks,10000,3000,2167,10833,Milka
31,18/09/26,John Mirara Muthoga,0720141895,22372303,Patrick Njoroge Kungu,0745078949,22844442,4 Weeks,30000,6000,9000,27000,Ann
32,18/09/26,Hannah Nyaguthii,0716838439,24938672,Mirriam Wairimu Gitaka,0741123659,41675672,6 Weeks,15000,4500,3250,16250,Ann
33,18/09/26,Mercy Nyambura Maina,0705110957,27492006,Tabitha Waithera Ndungu,0797744897,31424071,6 Weeks,15000,4500,3250,16250,Milka
34,22/09/26,Esther Njambi Numera,0720323442,26869225,Mary Wanjiku Muigai,0715641477,20797859,6 weeks,15000,4500,3250,16250,Ann
35,22/09/26,Elizabeth Nyambura Gitau,0716589853,27860175,Esther Wanjiru Muriithi,0111573126,24423921,6 weeks,10000,3000,2167,10833,Ann
36,22/09/26,Fredrick Odionyi,0723294698,26744903,Dorcas Wambui Kamau,0718958835,23457081,6 Weeks,20000,6000,4333,23833,Ann
37,22/09/26,Salome Njeri Mbuthia,0710359610,28382916,Mary Njeri Kamau,0716427700,26689967,6 weeks,10000,3000,2167,10833,Milka
38,22/09/26,Naomi Wanjiru Njuguna,0701890277,28102915,Grace Wambui Kirungo,0748838165,41230142,6 weeks,10000,3000,2167,10833,Ann
39,22/09/26,Jackson Njogu Ndekei,0758457833,33003036,Benson Muthee Kinyanjui,0114361766,42559385,6 Weeks,10000,3000,2167,11066,Milka
40,22/09/26,Esther Gathoni Chege,0724706953,25476433,Josphine Njoki Ndung'u,0725569996,8335014,6 Weeks,20000,6000,4333,21666,Milka
41,23/09/26,Catherine Wachuka Kariuki,0722572202,7028707,Jackline Warukira Kariuki,0702695058,24532047,6 Weeks,15000,4500,3250,16250,Milka
42,23/09/26,Jane Wanjiku Macharia,0721307339,25486582,Peter Karibu Githitu,0701640618,2928933,6 weeks,10000,3000,2167,12000,Milka
43,25/09/26,Damaris Wairimu Mwangi,0791508489,31012591,Grace Wanjiru Karungo,0727903371,26532536,6 weeks,10000,3000,2167,13000,Milka
44,25/09/26,Grace Mugure Macharia,0116606404,32517912,Grace Wambui Ndiritu,0115444106,36158718,6 weeks,10000,3000,2167,13000,Milka
45,25/09/26,Nelson Mwangi Kirima,0791724230,22118116,Paul Thiong'o Mwangi,0717034868,22008675,4 weeks,20000,4000,6000,18000,Ann
46,28/09/26,Tabitha Wangari Kimani,0715484117,26275607,Juliana Nyokabi Njogu,0704296513,27178975,6 Weeks,10000,3000,2167,13000,Milka
47,28/09/26,Monica Wanjiru,0706815518,25532121,Ruth Wairimu Ngatia,0721320807,23050436,6 Weeks,10000,3000,2167,13000,Milka
48,28/09/26,Mose Bahati Bevlyne(Repeat),0711670920,32739955,Evans Mogoah Nyaega,0715909749,30824402,4 Weeks,20000,4000,4334,24000,Ann
49,28/09/26,Ann Njoki Njanja,0798733681,36160319,Mercy Murugi Mutundu,0707405265,40106842,4 Weeks,10000,2000,3000,12000,Ann
50,11/09/26,Jane Njeri Wanjiku (repeat),0119675041,42233463,Ann Njoki Njanja,0798733681,36160319,4 Weeks,10000,2000,3000,12000,Ann
51,28/09/26,Priscillah Nyambura Mutonya (REPEAT),0715885492,25467679,Hannah Wairimu Githinji,0707572433,27189157,6 Weeks,10000,3000,2167,13000,Ann
52,29/09/26,Abigael Gichemba Noah (REPEAT),0746130036,32798367,John Kanini Nyaga,0702014098,26654076,4 Weeks,20000,4000,6000,24000,Ann
53,29/09/26,Leah Wanjiru Waweru,0142165052,9815102,Hannah Nyokabi Kungu,0715007156,21137022,6 Weeks,12000,3600,2600,19600,Milka
54,29/09/26,Peter Maina Mworia,0703560538,21905797,David Maina Wambui,0758411395,35607675,4 weeks,10000,3000,2167,13000,Milka
55,02/10/26,Monica Wambui Nguku ,0798258604,8060028,Andrew Mungai Thuo,0706106746,42769177,6 Weeks,7000,2000,1500,9000,Milka
56,02/10/26,Sera Muringa Ruoro,0740897616,24633265,Obadiah Mburu Ruoro,0712477429,26795344,6 Weeks,8000,2000,1667,10000,Milka
57,02/10/26,Beatrice Nyambura Mwangi,0726601789,27307693,Esther Wambui Wachira,0727118382,24973924,6 Weeks,8000,2000,1667,10000,Ann
,,,,,,,,,711000,,,,
,,,,,,,,,,,,,
,,,,,,,,,,,,,
,,,,,,,,,,,,,
,,,,,,,,,,,,,
,,,,,,,,,,,,,
