CLIENT NAME,IDNO,BRANCH,LOAN PRODUCT,LOAN AMOUNT,DURATION DAYS,DISBURSEMENT DATE,BALANCE,PENALTIES,LOAN OFFICER,GUARANTOR'S NAME,GUARANTOR'S NO.
Priscillah Nyambura Mutonya,25467679,ENGINEER,,10000,6 Weeks,9/4/2026,CLEARED,,Ann Wangari Rigio,Hannah Wairimu Githinji,0707572433
Teresa Wanjiku Nyaguthii,21791345,ENGINEER,,15000,4 Weeks,9/4/2026,CLEARED,,Ann Wangari Rigio,Jane Njeri Wanjiku,0727142888
Martha Wambui Mwangi,21496227,ENGINEER,,10000,4 weeks,9/7/2026,CLEARED,,Ann Wangari Rigio,Victor Kuria Mwangi,0769821355
Mose Bahati Bevlyne,32739955,ENGINEER,,20000,4 Weeks,9/9/2026,CLEARED,,Ann Wangari Rigio,Evans Mogoah Nyaega,0715909749
Abigael Gichemba Noah,32798367,ENGINEER,,20000,4 Weeks,9/9/2026,CLEARED,,Ann Wangari Rigio,John Kanini Nyaga,0702014098
Mirriam Wanjiku Gitonga,20196938,ENGINEER,,8000,4 weeks,9/9/2026,CLEARED,,Milkah Wagaki Kihara,Regina Wangari Mwangi ,0742754722
Samuel Kahura Kabiro,20473278,ENGINEER,,7000,4 Weeks,9/10/2026,4500,,Milka,Isaac Njogu Muiruri,0717537152
Paul Kariuki Wangaru,13882897,ENGINEER,,20000,4 Weeks,9/10/2026,CLEARED,,Ann,Michael Ndungu Kimani,0725946628
Francis Waweru Wang'ombe,33439693,ENGINEER,,10000,6 Weeks,9/10/2026,CLEARED,,Milka,Isaac Kangau Muthee,0745878870
Josphine Wanjiru Mbae,9504030,ENGINEER,,20000,6 Weeks,9/11/2026,17332,,Ann,John Mbae Kimani,0713865645
Everlyne Atieno Ochieng,31510377,ENGINEER,,10000,6 Weeks,9/11/2026,8666,,Ann,Beatrice Akinyi Ombija,0713537118
Jane Njeri Wanjiku,42233463,ENGINEER,,10000,4 Weeks,9/11/2026,9000,,Ann,Ann Njoki Njanja,0798733681
Sera Wanjiku Mwangi,11729390,ENGINEER,,15000,6 Weeks,9/15/2026,13000,,Milka,Philip Muriithi Mwangi ,0715025272
Teresiah Wanjiru Kanyi,2950435,ENGINEER,,10000,6 Weeks,9/15/2026,8666,,Milka,Eneta Wambui Mwaniki,0797064929
Simon Kinyanjui Nguhi,27052355,ENGINEER,,16000,6 Weeks,9/15/2026,13866,,Milka,Isaac Mbae Nyoro,0731818745
Evalyne Mugure Mwaura,41394930,ENGINEER,,10000,6 Weeks,9/15/2026,CLEARED,,Ann,Agnes Wambui Kamau,0727050349
John Musyoka Kamene,28726796,ENGINEER,,12000,6 Weeks,9/15/2026,10400,,Ann,Ann Wambui Nyambura,0748413174
Sarah Muthoni Wanjiru,27774973,ENGINEER,,15000,6 Weeks,9/15/2026,13000,,Ann,Pauline Ngubia Waweru,0742794403
Margaret Moraa Kirera,21143242,ENGINEER,,10000,4 Weeks,9/15/2026,10000,,Ann,Margaret Mwithaki Kimani,0792373496
Ambrosia Wanja Mwangi,11082073,ENGINEER,,10000,6 Weeks,9/15/2026,8666,,Milka,Catherine Njeri Monyo,0769638347
Mary Njeri Kimani,25221358,ENGINEER,,20000,6 Weeks,9/15/2026,17332,,Ann,Beth Wambui Kihiko,0796478898
Susan Wambui Matu,26214022,ENGINEER,,15000,6 Weeks,9/15/2026,13000,,Ann,Wambui Beth Wangari,0700483702
Teresa Wanjiku Nyaguthii (REPEAT),21791345,ENGINEER,,15000,4 Weeks,9/15/2026,9000,,Ann,Jane Njeri Wanjiku,0727142888
Tabitha Wangari Ndiro ,39262726,ENGINEER,,10000,6 weeks,9/17/2026,10833,,Ann,Esther Nyakiri Chege,0743958657
Rahab Wanjiku Kimani,5751111,ENGINEER,,15000,6 Weeks,9/17/2026,16250,,Ann,Simon Nganga Kariuki,0712731304
Margaret Nyambura Mugekenyi,24034006,ENGINEER,,8000,6 Weeks,9/17/2026,7617,,Ann,Esther Muthoni Mwaura,0704888492
Evalyne Wanjiru Gichuhi,28599488,ENGINEER,,10000,6 weeks,9/17/2026,CLEARED,,Milka,Mary Wangari Mwangi,0115931777
Patrick Mathenge Wachira,13212667,ENGINEER,,10000,6 Weeks,9/17/2026,10833,,Ann,Paul Ng'ang'a Gichuhi,0712089478
Samuel Ruhangi Mwangi,12417467,ENGINEER,,8000,6 Weeks,9/17/2026,8333,,Milka,John Kimani Ngotho,0721156069
Teresiah Nduta Gitau,26903488,ENGINEER,,10000,6 Weeks,9/18/2026,10833,,Milka,Kennedy Kirumba Gitau,0114975258
John Mirara Muthoga,22372303,ENGINEER,,30000,4 Weeks,9/18/2026,27000,,Ann,Patrick Njoroge Kungu,0745078949
Hannah Nyaguthii,24938672,ENGINEER,,15000,6 Weeks,9/18/2026,16250,,Ann,Mirriam Wairimu Gitaka,0741123659
Mercy Nyambura Maina,27492006,ENGINEER,,15000,6 Weeks,9/18/2026,16250,,Milka,Tabitha Waithera Ndungu,0797744897
Esther Njambi Numera,26869225,ENGINEER,,15000,6 weeks,9/22/2026,16250,,Ann,Mary Wanjiku Muigai,0715641477
Elizabeth Nyambura Gitau,27860175,ENGINEER,,10000,6 weeks,9/22/2026,10833,,Ann,Esther Wanjiru Muriithi,0111573126
Fredrick Odionyi,26744903,ENGINEER,,20000,6 Weeks,9/22/2026,23833,,Ann,Dorcas Wambui Kamau,0718958835
Salome Njeri Mbuthia,28382916,ENGINEER,,10000,6 weeks,9/22/2026,10833,,Milka,Mary Njeri Kamau,0716427700
Naomi Wanjiru Njuguna,28102915,ENGINEER,,10000,6 weeks,9/22/2026,10833,,Ann,Grace Wambui Kirungo,0748838165
Jackson Njogu Ndekei,33003036,ENGINEER,,10000,6 Weeks,9/22/2026,11066,,Milka,Benson Muthee Kinyanjui,0114361766
Esther Gathoni Chege,25476433,ENGINEER,,20000,6 Weeks,9/22/2026,21666,,Milka,Josphine Njoki Ndung'u,0725569996
Catherine Wachuka Kariuki,7028707,ENGINEER,,15000,6 Weeks,9/23/2026,16250,,Milka,Jackline Warukira Kariuki,0702695058
Jane Wanjiku Macharia,25486582,ENGINEER,,10000,6 weeks,9/23/2026,12000,,Milka,Peter Karibu Githitu,0701640618
Damaris Wairimu Mwangi,31012591,ENGINEER,,10000,6 weeks,9/25/2026,13000,,Milka,Grace Wanjiru Karungo,0727903371
Grace Mugure Macharia,32517912,ENGINEER,,10000,6 weeks,9/25/2026,13000,,Milka,Grace Wambui Ndiritu,0115444106
Nelson Mwangi Kirima,22118116,ENGINEER,,20000,4 weeks,9/25/2026,18000,,Ann,Paul Thiong'o Mwangi,0717034868
Tabitha Wangari Kimani,26275607,ENGINEER,,10000,6 Weeks,9/28/2026,13000,,Milka,Juliana Nyokabi Njogu,0704296513
Monica Wanjiru,25532121,ENGINEER,,10000,6 Weeks,9/28/2026,13000,,Milka,Ruth Wairimu Ngatia,0721320807
Mose Bahati Bevlyne(Repeat),32739955,ENGINEER,,20000,4 Weeks,9/28/2026,24000,,Ann,Evans Mogoah Nyaega,0715909749
Ann Njoki Njanja,36160319,ENGINEER,,10000,4 Weeks,9/28/2026,12000,,Ann,Mercy Murugi Mutundu,0707405265
Jane Njeri Wanjiku (repeat),42233463,ENGINEER,,10000,4 Weeks,9/11/2026,12000,,Ann,Ann Njoki Njanja,0798733681
Priscillah Nyambura Mutonya (REPEAT),25467679,ENGINEER,,10000,6 Weeks,9/28/2026,13000,,Ann,Hannah Wairimu Githinji,0707572433
Abigael Gichemba Noah (REPEAT),32798367,ENGINEER,,20000,4 Weeks,9/29/2026,24000,,Ann,John Kanini Nyaga,0702014098
Leah Wanjiru Waweru,9815102,ENGINEER,,12000,6 Weeks,9/29/2026,19600,,Milka,Hannah Nyokabi Kungu,0715007156
Peter Maina Mworia,21905797,ENGINEER,,10000,4 weeks,9/29/2026,13000,,Milka,David Maina Wambui,0758411395
Monica Wambui Nguku ,8060028,ENGINEER,,7000,6 Weeks,10/2/2026,9000,,Milka,Andrew Mungai Thuo,0706106746
Sera Muringa Ruoro,24633265,ENGINEER,,8000,6 Weeks,10/2/2026,10000,,Milka,Obadiah Mburu Ruoro,0712477429
Beatrice Nyambura Mwangi,27307693,ENGINEER,,8000,6 Weeks,10/2/2026,10000,,Ann,Esther Wambui Wachira,0727118382
