DISBURSEMENT DATE,CLIENT'S NAME,CLIENTS NAME,CLIENTS CONTACT,CLIENTS ID,GUARANTOR'S NAME,GUARONTOR CONTACT,GUARONTORS ID,AMOUNT DISBURSED,REPAYMENT PERIOD,processing fees,interest,OLB, WEEKLY INSTALMENT, TOTAL PAYMENTS,TOTAL LOAN BALANCE,L.O
1/9/2026,,Gladwel Thindi,727387416,,Susan Wanjohi,710954164,,10000,6weeks,700,3000,13000,2167,8668,4332,Carol
1/9/2026,,Catherine Mbuni,727865456,,Hannah Macharia ,726503829,,30000,6weeks,1500,10500,40500,6750,15500,25000,Carol
2/9/2026,Racheal Mwangi,Racheal Mwangi,741590773,,Alice Irungu,791282933,5216122,7000,6weeks,700,3000,10000,1667,6668,3332,Carol
2/9/2026,,Jane Theuri,795544079,,John Theuri,713472309,,10000,6weeks,700,3000,13000,2167,6501,6499,Carol
2/9/2026,Mary Karuri,Mary Karuri,721994091,,Catherine Karuri,715747740,,10000,6weeks,700,3000,13000,2167,8668,4332,Carol
4/9/2026,Esther Gachigiri,Esther Gachingiri,795157747,,Rose Muchoki,757630138,,7000,6weeks,700,3000,10000,1667,6668,3332,Peter
4/9/2026,Jane Njoroge,Jane Njoroge,720552419,,Samwel Njoroge,756240295,,9000,6weeks,700,3000,12000,2000,8000,4000,Peter
4/9/2026,Elizabeth Mathaga,Elizabeth Mathaga,706607577,,Moses Mathaga,743458451,5173672,10000,6weeks,700,3000,13000,2167,6501,6499,Carol
7/9/2026,Esther Jairus,Esther Jairus,112149690,,Lukas Ngugi,759900772,,20000,6weeks,1400,6000,26000,4334,13002,12998,Carol
7/9/2026,Jeddy Wachira,Jeddy Wachira,707593937,,Everline   Wachira,704452061,3647165,10000,6weeks,700,3000,10000,1667,5001,4999,Joseph
7/9/2026,Serah Nganga,Serah Nganga,724164082,,Rachel Njoroge,727992553,,10000,4weeks,700,2000,12000,3000,9000,3000,Joseph
7/9/2026,Mercy Macharia,Mercy Macharia,715228494,,Mercy Njoiki,727816849,,7000,6weeks,700,3000,10000,1667,3934,6066,Peter
8/9/2026,,Alloys Mathenge,799332321,,Cicily Wambui,717004382,28614982,7000,6weeks,700,3000,10000,1667,5001,4999,Damaris
8/9/2026,,Mary Remoi,701169467,,Agnes Barno,712438585,,8000,6weeks,700,3000,11000,1834,5802,5198,Peter
8/9/2026,Martin Kiarie,Martin Kiarie,718846710,,Paul Kimani,708382465,,12000,6weeks,840,3600,15600,2600,7800,7800,Joseph
8/9/2026,Jesika Kangala,Jesika Kangala,797775990,,Jane Nyambura,748608288,,14000,6weeks,980,4200,18200,3034,9102,9098,Peter
8/9/2026,Virginia wairimu,virginia wairimu,718871498,,Rahab Nyambura,700144012,,7000,6weeks,700,3000,10000,1667,3134,6866,Peter
8/9/2026,Serah Chege,Maureen Waweru,727877025,,Sarah Chege,726297808,,7000,6weeks,700,3000,10000,1667,5001,4999,Carol
8/9/2026,Lukas kabui,Lukas Kabui,759900772,,Micheal Gatimu,710625385,,9000,4weeks,700,2000,11000,2750,8250,2750,Peter
8/9/2026,,Magdaline Karuri,727364504,,Jane Njogu,792519004,10512975,12000,6weeks,840,3600,15600,2600,7800,7800,Carol
9/9/2026,Daniel Gitau,Daniel Gitau,794416300,,Glady Njeri,728397868,,7000,6weeks,700,3000,10000,1667,5001,4999,Peter
9/9/2026,Joyce Macharia,Joyce Macharia,729417206,,Joseph Gachoki,745945541,8678387,10000,6weeks,700,3000,13000,2167,6501,6499,Carol
9/9/2026,,Teresia Kinyua,705400456,14476495,Francis Njoroge,746322882,13210626,8000,6weeks,700,3000,11000,1834,5502,5498,Joseph
9/9/2026,,Catherine Nduta ,720340478,,Esther Mwaniki,720132021,23255554,7000,4 weeks,700,3000,9000,2250,6750,2250,Carol
9/9/2029,Catherine Muchoki,Catherine Muchoki,792612031,,Mary Wanjiku,716523140,29104668,7000,6weeks,700,3000,10000,1667,4600,5400,Carol
10/9/2026,Joseph Mwangi,Joseph Mwangi,799835033,,Esther Wambui,726683825,26757694,10000,6weeks,700,3000,13000,2167,6501,3499,Carol
10/9/2026,,Jane Njogu,746811444,,John Nderitu,115403692,2266044,9000,6weeks,700,3000,12000,2000,6000,6000,Carol
10/9/2026,,Lucia Macharia,715390575,,Daniel Maina,759859581,30815397,10000,6weeks,700,3000,13000,2167,6501,3499,Carol
10/9/2026,,Charity Mwangi,724210636,,Rosemary Njeri,740491220,,10000,6weeks,700,3000,13000,2167,6501,3499,Joseph
10/9/2026,,Winnie Mwangi,715616331,,kelvin Mwangi,704690718,,12000,6weeks,840,3600,15600,2600,7800,7800,Joseph
10/9/2026,,Joyce Munyiri,740300218,,Neema Loliam,722117246,23148113,7000,6weeks,700,3000,10000,1667,5001,4999,Damaris
10/9/2026,,Martha Kariuki,742751846,,Janet Matanu,711346285,,7000,6weeks,700,3000,10000,1667,5001,4999,Peter
10/9/2026,,Salome Kibunja,719105265,,Daniel Gitau,726580019,,10000,6weeks,700,3000,13000,2167,6501,3499,Peter
10/9/2026,,Caroline Ngari,740605836,,Monica Ngige,703215864,,7000,6weeks,700,3000,10000,1667,5007,4993,Joseph
11/9/2026,,Mary Kingori,792149332,,Mary Wangui,721786012,,7000,6weeks,700,3000,10000,1667,1967,8033,Peter
11/9/2026,,Jedidah Wambui,705102985,,Joy Kamwere,714203055,,7000,6weeks,700,3000,10000,1667,3334,6666,Peter
11/9/2026,,Naomi Gituria,794029149,,Esther Gweche,717512042,,7000,6weeks,700,3000,10000,1667,5001,4999,Peter
11/9/2026,,Kelvin Njau,796250750,,Julius Njau ,741199155,35392700,12000,4weeks,840,2400,14400,3600,10800,3600,Peter
11/9/2026,,Susan Mwaura,724350985,,Rachel Kiambati,796102762,,10000,4weeks,700,2000,12000,3000,5100,6900,Peter
14/9/2026,Joyce Mwangi,Joyce Mwangi,711686002,,David Mwangi,757069418,,12000,6weeks,840,3600,15600,2600,4600,11000,Joseph
14/9/2026,Joseph Munene,Joseph Munene,714716360,,Richard Kamau,758589148,,10000,6weeks,700,3000,13000,2167,4334,8666,Joseph
14/9/2026+A55:A62,Esther Ngugi,Esther Ngugi,710540080,,Joyce Njoroge,724066021,,12000,6weeks,840,3600,15600,2600,5200,10400,Joseph
14/9/2026,Ann Wangari,Ann Wangari,705304253,,Naomi Bosibori,706841567,,10000,6weeks,700,3000,13000,2167,4334,8666,Joseph
14/9/2026,Susan Mburu,Susan Mburu,113300495,,Charles Nganga,721920114,,7000,6weeks,700,3000,10000,1667,3334,6666,Joseph
14/9/2026,Jennifer Samuel,Jennifer Samuel,725709459,,Kenneth kuria,722416830,13685946,8000,6weeks,700,3000,11000,1834,3668,7332,Carol
14/9/2026,Mary Mwangi,Mary Mwangi,714885607,,Simon Mwangi,796216948,,12000,6weeks,840,3600,15600,2600,5200,10400,Joseph
15/9/2026,,Mercy Njuguna,746828913,,Grace Mwenda ,718529941,,8000,6weeks,700,3000,11000,1834,3334,7666,Carol
15/9/2026,,Simon Mwago,796216948,,Peris Gathoni,720001026,28461332,10000,6weeks,700,3000,13000,2167,4334,8666,Damaris
16/9/2026,Milfridah Manyibe,Milfridah Manyibe,742982500,,Peter Onyari,723791251,9149045,9000,6weeks,700,3000,12000,2000,4000,8000,Carol
16/9/2026,Daniel Ekadeli,Daniel Ekadeli,7922579608,,Paulina Isaka,743748162,40090371,10000,6weeks,700,3000,13000,2167,2167,10833,Damaris
16/9/2026,Agnes Machua,Agnes Machua,724446422,,Mercy Busianei,726768133,,7000,6weeks,700,3000,10000,1667,3334,6666,Peter
16/9/2026,Hannah Muraguri,Hannah Muraguri,746405759,,Sara Migwi,718102970,,8000,6Weeks,700,3000,11000,1834,3668,7332,Joseph
16/9/2026,Hannah Kuria,Hannah Kuria,799871943,,Sarah Kuria,742728359,30667729,12000,6weeks,840,3600,15600,2600,2600,13000,Carol
16/9/2026,Sarah Ndungu,Sarah Ndungu,706439225,,Alex Mwiti,10660229,42319022,10000,4weeks,700,2000,12000,3000,6000,6000,Carol
16/9/2026,,Patricia Waithera,721111140,,Charity  Wangui,712561516,2134179,7000,6weeks,700,3000,10000,1667,3334,6666,Joseph
16/9/2026,Edwin Macharia Gaka,Edwin Gaka,797064363,,Wilson Mutonga,717892112,,7000,6weeks,700,3000,10000,1667,3067,6933,Damaris
17/9/2026,Sarah Nderitu,Sarah Nderitu,715706681,,Samuel Maina ,722948117,,25000,6weeks,1400,9050,34050,5675,11350,22700,Joseph
17/9/2026,,Susyline Mukomunene,723495587,,Joyce Macharia,729417206,13211850,12000,6weeks,840,3600,15600,2600,4100,11500,Carol
17/9/2026,Francis Njinju,Francis Njinju,704424647,,Peter Mwaura,711767396,20396292,10000,6weeks,700,3000,13000,2167,3867,9133,Carol
17/9/2026,Zipporah Muriithi,Zipporah Mureiithi,700480519,,Teresiah Maina,715873084,,8000,6weeks,700,3000,11000,1834,3668,7332,Joseph
17/9/2026,Peter Waihenya,Peter Waihenja,712833328,,Elizabeth Wangari,792402413,,12000,6weeks,840,3600,15600,2600,5200,10400,Joseph
18/9/2026,Godfrey Mugo,Godfrey Maina,715365131,,Philis Maina,713543764,,12000,6weeks,840,3600,15600,2600,5200,10400,Joseph
18/9/2026,Samuel Gichia,Samwel Gichia,702028822,,Paul Mwangi,713501528,,10000,6weeks,700,3000,13000,2167,4334,8666,Peter
18/9/2026,,Boniface Wanjiru,758394044,,kelvin Mwangi,746652412,,7000,6weeks,700,3000,10000,1667,3334,6666,Carol
18/9/2026,Pauline Kamau,Pauline Kamau,708448209,,Ann Mugambi,116691166,,10000,6weeks,700,3000,13000,2167,4334,8666,Joseph
18/9/2026,James Kaboro,James Kaboro,703915750,,Rose Kamuri,720024027,,7000,6weeks,700,3000,10000,1667,1866,8134,Peter
18/9/2026,Mary Wambui,Mary Wambui,757091865,,Gladys Wahito,725084524,,7000,6weeks,700,3000,10000,1667,1667,8333,Peter
21/9/2026,Samuel Muya ,Samuel Muya,725380367,,Hellen Muiruri,728534959,,10000,6weeks,700,3000,13000,2167,2167,10833,Joseph
21/9/2026,Tabitha Macharia,Tabitha Macharia,704244146,,Christine Makena,725385232,25716147,10000,6weeks,700,3000,13000,2167,2167,10833,Damaris
21/9/2026,Anthony  Munene,Anthony Munene,714076538,,Ibrahim Kingori,798654955,,10000,4weeks,700,2000,12000,3000,3000,9000,Joseph
21/9/2026,,Patricia Githinji,727828552,,Jane Wanjiku,726657229,21703988,7000,6weeks,700,3000,10000,1667,1667,8333,Damaris
21/9/2026,,Esther Lomelo,725995376,,Mercy Nabei,741508090,41854695,7000,4weeks,700,2000,10000,2250,2250,6750,Carol
21/9/2026,Faith Muturi,Faith Muturi,721318231,,Eunice Nyambura,705850703,20281492,12000,6weeks,700,3600,15600,2600,2600,13000,Carol
21/9/2026,Grace Wambui,Grace Wangui,705191158,,Grace Cherotich,762070095,37056737,7000,6weeks,700,3000,10000,1667,2903,7097,Damaris
22/9/2026,Anthony Muthoni,Anthony Muthoni,724479261,,Joyce Ndunge,728649729,,10000,4weeks,700,2000,12000,3000,3000,9000,Peter
22/9/2026,,Agnes Mwihaki,713101470,20043507,Mary Maina,110724989,,7000,6weeks,700,3000,10000,1667,1050,8950,Carol
22/9/2026,,Martha Mwinga,711869409,13132580,Ann Mwangi,710686602,21867011,7000,6weeks,700,3000,10000,1667,1667,8333,Carol
22/9/2026,Tabitha Muiga,Tabitha Muiga,729828281,,Susan Muchiri,713328411,2887671,7000,6weeks,700,3000,10000,1667,1650,8350,Carol
22/9/2026,Rahab Kabui,Rahab Kabui,711227118,,Benson Mwaniki,724382862,,30000,6weeks,1500,10500,40500,6750,6750,33750,Joseph
22/9/2026,Hillary Kirwa,Hillary Kirwa,729518016,,Norman Ngige,711063122,,8000,6weeks,700,3000,11000,1834,1834,9166,Peter
22/9/2026,Alice Ngugi,Alice Ngugi,729144308,,Margaret Macharia,700570661,42101696,10000,6weeks,700,3000,13000,2167,2167,10833,Carol
22/9/2026,Jane Kuuti,Jane Kuuti,768824476,,Diana Okeyo,768094794,40206258,8000,6weeks,700,3000,11000,1834,1834,9166,Carol
22/9/2026,Teresa Gatheru,Teresa Gatheru,724836941,,Grace Njeri,743320897,,10000,4weeks,700,2000,12000,3000,3000,9000,Peter
23/9/2026,Florence Wandaka,Florence Wandaka,714359854,,James  Karika,715778506,564306086,30000,6weeks,1500,10500,40500,6750,6750,33750,Carol
23/9/2026,Bancy Waweru,Bancy Waweru,711973607,,Peter Njoroge,742103835,4671412,20000,4weeks,1400,4000,20000,6000,6000,18000,Carol
23/9/2026,Leonard Mwai,Leonard Kamwaro,723849109,,Alfred Etale,711237285,25788317,10000,6weeks,700,3000,13000,2167,2167,10833,Carol
24/9/2026,,Micheal Ndege,729823193,,Charles Kirugo,717722011,,30000,6weeks,1500,10500,40500,6750,6750,33750,Joseph
24/9/2026,,Harun Nguchita,707029040,,Magdaline Maina,707029040,,20000,6weeks,1400,6000,26000,4334,4334,26000,Peter
24/9/2026,Esther Kimari,Esther Kimari,726683825,,Rahab Njambi,746194202,25284182,10000,6weeks,700,3000,13000,2167,2167,10833,Carol
24/9/2026,Winnie Ndirangu,Jane Ndirangu,758091413,36004000,Winnie ndirangu,759607572,32416632,10000,4weeks,700,2000,12000,3000,3000,9000,Carol
24/9/2026,,Selina  Ekitela,745464053,,Susan Lomonyang,792049791,10316935,7000,6weeks,700,3000,10000,1667,1667,8333,Carol
24/9/2026,,Keziah Wangechi,115006398,29484668,Beatrice Wangu,,33115042,7000,4weeks,700,2000,9000,2250,2250,6750,Damaris
25/9/2026,Mercy Njuguna,Mercy Njuguna,794817796,,Zipporah Njuki,702282198, ,7000,4weeks,700,2000,9000,2250,2250,6750,Peter
25/9/2026,Mary Kariuki,Mary Kariuki,707655312,,Janet Matanu,711346285,,10000,6weeks,700,3000,13000,2167,2167,10833,Joseph
25/9/2026,Leah Kanyango,Leah Kanyango,721950008,,Alice Wachira,727258550,,7000,4weeks,700,2000,9000,2250,2250,6750,Peter
25/9/2026,Susan Mburu, Susan Mburu,791542906,,Esther Njoroge,710467216,13219284,10000,6weeks,700,3000,13000,2167,2167,10833,Carol
25/9/2026,Caroline kimuhu,Caroline Kimuhu,758849257,,Stephen Kinyanjui,748300019,,8000,4weeks,700,2000,10000,2500,2500,7500,Peter
25/9/2026,Papeshwa Githinji,Papeshwa Githinji,716339627,,Magdaline Wambui,740182164,2950661,10000,4weeks,700,2000,12000,3000,3000,9000,Damaris
25/9/2026,,Molly Atieno,703832288,,Jerusha Chege,725544551,21867011,7000,6weeks,700,3000,10000,1667,1670,8330,Carol
25/9/2026,,Faith Nduta,715024838,,Alice wanjiru,705729772,11468072,7000,4weeks,700,2000,9000,2250,2250,6750,Damaris
25/9/2026,,Elizabeth Lesurment,113811503,38594534,Serah Mugure,705287823,38594534,7000,4weeks,700,2000,9000,2250,2250,6750,Damaris
25/9/2026,,Doreen Kipchirchir,791981144,,Naomi Muthoni,714584701,,7000,6weeks,700,3000,10000,1667,1667,8333,Joseph
25/9/2026,Damaris Kimathi ,Damaris Kimathi,728290725,,Elizabeth Wangui,714592685,2850183,12000,6weeks,840,3600,15600,2600,2600,13000,Carol
25/9/2026,Jane Ngata,Jane Ngata,743647697,,Charles Munene,741796731,,7000,4weeks,700,2000,9000,2250,2250,6750,Peter
25/9/2026,Kelvin Kimaru,Kelvin Kimaru,700677627,,Charity Karia,724348241,,7000,6weeks,700,3000,10000,1667,1667,8333,Peter
28/9/2026,Benson Wahome,Benson Wahome,748485559,,David Kamau,791470552,,7000,6weeks,700,3000,10000,1667,0,10000,Peter
28/9/2026,Simon Mtigiugu,Simon Mtikiugu,798632927,,Peter  waititu,720323599,,10000,4weeks,700,2000,12000,3000,0,12000,Peter
28/9/2026,Judy Gitau,Judy Gitau,722527858,,Penina maina,722706813,,7000,6weeks,700,3000,10000,1667,0,10000,Joseph
28/9/2026,John Mwangi,John  Mwangi,720241837,,Monica Njeri,794326731,,10000,4weeks,700,2000,12000,3000,0,12000,Peter
28/9/2026,Beth Muiruri,Beth Wairimu,720630896,,Martha Wairimu,113244500,37183640,8000,6weeks,700,3000,11000,1834,0,11000,Carol
28/9/2026,Esther Kahihia,Esther Kahihia,722655548,,Mary Wanjiru,701481316,,8000,6weeks,700,3000,11000,1834,0,11000,Carol
28/9/2026,Agnes Muburi,Agnes Muburi,704163771,,Teresiah Gichohi,727306592,21631981,20000,4weeks,1400,4000,24000,6000,0,24000,Carol
28/9/2026,,James Wanyiri,714503794,,Joyce Kiboi,745128614,35237828,7000,6weeks,700,3000,10000,1667,0,10000,Carol
29/9/2026,Glagys Waweru,Gladys Waweru,717622386,,Milka Wanjiku,1088117449,,12000,4weeks,840,2400,14400,3600,0,14400,Peter
29/9/2026,,Grace Gachuhi,726949202,,Tabitha Ndegwa,728773170,,7000,4weeks,700,2000,9000,2250,0,9000,Peter
29/9/2026,Edwin Montana,Edwin Wanjohi,742033906,,Peter Irungu,790412246,,7000,6weeks,700,3000,10000,1667,0,10000,Joseph
29/9/2026,Lydia Kamau,Lydiah Kamau,701035799,,Ann Mwangi,703322932,,15000,6weeks,1050,4500,19500,3250,0,19500,Peter
,Jecinta Nduta,,,,,,,,,,,,,,,
