"GuarantorName","GuarantorID"
"Hellen Kawira","700066941"
"Rebecca Njuguna","740441273"
"Jane Wangui","758091413"
"Lawrence Muriuki","704598090"
"ceciliah Ndung'u","795511905"
"Lukas Ngugi","759900772"
"John Mbuthia","746439153"
"Esther Muriuki","721439189"
"Susan mburu","108798026"
"James Karika","751778506"
"Esther Njoroge","710467216"
"Julius Njau","742199155"
"Margaret Wangui","700570661"
"Serah Kuria","742728359"
"Joseph Gachoki","745945541"
"Jane Njogu","792519004"
"Maureen Hiuko","723369406"
"David Maina","759859581"
"Virginiah Macharia","728941840"
"Cecilia Mumbua","715426487"
"John Theuri","713472309"
"Susan Wanjiru","790646590"
"John Ndirangu","715257237"
"Eutycus Githinji","758323882"
"Henry Kiarie","745034146"
"Elizabeth Ndung'u","714592685"
"Grace njuguna","724544938"
"Esther Maina","723858159"
"Peter Njoroge","742103835"
"Jane Roro","745305142"
"Hannah Macharia","726503829"
"Peter Wainana","711767396"
"Joyce Nduta","745128614"
"Esther Wambui","726683825"
"Susan Wanjau","710954164"
"Rahab Njambi","746194202"
"Joyce Macharia","729417206"
"Monicah Wangechi","711850961"
"Boniface Kiai","714398204"
"Alex Mwiti","706602609"
