Disbursement Date,CLIENT'S NAME,GUARANTOR'S NAME,CLIENT'S CONTACT,795493127,AMOUNT DISBURSED,repayment period,processing fees,interest,OLB, WEEKLY INSTALMENT, TOTAL PAYMENTS,TOTAL LOAN BALANCE,L.O
1/7/2026,Mercy Muthoni,Simon Kimathi,769261515,141001738,10000,6weeks,500,3000,13000,2167,13000,0,Peter
1/7/2026,Beth Muiruri,Martha Wairimu,720630896,113244500,8000,6weeks,500,3000,11000,1834,11000,0,Carol
1/7/2026,Joyce Macharia,Joseph Gachoki,729417206,745945541,10000,6weeks,500,3000,13000,2167,13000,0,Carol
2/7/2026,Esther Ngugi,Joyce Njoroge,710540080,724066021,15000,6weeks,500,4500,19500,3250,19500,0,Cate
3/7/2026,David Ngugi,Naomi Wanjiru,723113511,703207202,7000,4weeks,500,2000,9000,2250,9000,0,Cate
3/7/2026,Mary Muchiri,Jecinta Wambui,713944872,796323736,7000,6weeks,500,3000,10000,1667,4532,5468,Carol
3/7/2026,Serah Nganga,Rachel Njoroge,724164082,727992553,8000,4weeks,500,2000,10000,2500,10000,0,Cate
3/7/2026,Lucy Nanbaiyaiye,Beth Wachera,716331062,720294359,5000,4weeks,500,1000,6000,1500,6000,0,Carol
3/7/2026,Anthony Muthoni,Joyce Ndunge,724479261,728649729,8000,4weeks,500,2000,10000,2500,6000,0,Peter
6/7/2026,Hannah Muraguri,Sara Migwi,746405759,718102970,8000,6weeks,500,3000,11000,1834,11000,0,Cate
6/7/2026,Bancy Waweru,Joyce Njoroge,710540080,724066021,20000,4weeks,500,4000,24000,6000,24000,0,Carol
6/7/2026,Agnes Machua,Mercy Busianei,724446422,726768133,5000,4weeks,500,1000,6000,1500,6000,0,Peter
6/7/2026,Jackline Lesemante,Rabecca Echom,118525881,794400120,7000,6weeks,500,2000,10000,1667,10000,0,Peter
6/7/2026,Peter Kibiru,Joliah Njoki,794861894,700539923,10000,6weeks,500,3000,13000,2167,13000,0,Cate
6/7/2026,Salome Kibunja,David Gitau,719105265,726580019,10000,6weeks,500,3000,13000,2167,13000,0,Peter
6/7/2026,Irene Muinde,Hannah Kabuku,701676104,729238210,12000,6weeks,500,3600,15600,2600,15600,0,Carol
6/7/2026,Francis Njinju,Peter Mwaura,704424647,711767396,10000,6weeks,500,3000,13000,2167,13000,0,Carol
6/7/2026,Esther Jairus,Lukas Ngugi,112149690,759900772,20000,6weeks,500,6000,26000,4334,26000,0,Carol
6/7/2026,Susyline Mukomune,Joyce Macharia,723495587,729417206,15000,6weeks,500,4500,19500,3250,19500,0,Carol
6/7/2026,Hellen Maina,Jerioth Maina,712876987,715369788,7000,6weeks,500,3000,10000,1667,10000,0,Cate
6/7/2026,James Kaboro,Magdaline Maina ,703915750,720024027,7000,6weeks,500,3000,10000,1667,10000,0,Peter
6/7/2026,Jane Njoroge,Samwel Njoroge,720552419,756240295,7000,4weeks,500,2000,9000,2250,9000,0,Peter
6/7/2026,Rahab Kabui,Benson Mwaniki,711227118,724382862,30000,6weeks,500,10500,40500,6750,40500,0,Cate
6/7/2026,Teresa Gatheru,Grace Njeri,724836941,743320897,10000,4weeks,500,2000,12000,3000,12000,0,Peter
6/7/2026,Caroline Ngugi,Nancy Mukami,743725400,769386968,7000,6weeks,500,3000,10000,1667,9000,1000,Peter
6/7/2026,Ann Njoroge,Teresia Njoroge,715747806,798764337,7000,6weeks,500,3000,10000,1667,10000,0,Peter
7/7/2026,Margaret Lomitir,Eunice Akoth,740548417,728108487,5000,4weeks,500,1000,6000,1500,6000,0,Carol
7/7/2026,Faith Muturi,Eunice Nyambura,721318231,705850703,7000,6weeks,500,3000,10000,1667,10000,0,Carol
7/6/2026,Damaris Nderitu,Veronica Muchiri,724051213,707234349,7000,6weeks,500,3000,10000,1667,10000,0,Peter
7/7/2026,Joyce Wandaka, Tabitha Maina,793621965,728627914,25000,6weeks,500,9050,34050,5675,34050,0,Peter
7/7/2026,Godfrey Mugo,Philis Maina,715365131,713543764,10000,6weeks,500,3000,13000,2167,13000,0,Cate
7/7/2026,Elizabeth Gachathi,Rose Gachathi,114732234,723842892,15000,6weeks,500,4500,19500,3250,14090,5410,Cate
7/6/2026,Zipporah Muriithi,Teresia  Maina ,700480519,715873084,7000,6weeks,500,3000,10000,1667,10000,0,Cate
8/7/2026,Mary Njoki,Faris Mwangi,727698567,719506554,18000,4weeks,500,3000,21000,5400,21000,0,Cate
8/7/2026,Daisy Rotich,Sharon Amolo,705557044,792871335,5000,4weeks,500,1000,6000,1500,5000,1000,Cate
8/7/2026,Marion Karunge,Ann Waruiru,791046162,714388690,7000,6weeks,500,3000,10000,1667,10000,0,Peter
8/7/2026,Susan Mwaura,Racheal Kiambati,724350985,796102762,14000,6weeks,500,4200,18200,3034,18200,0,Peter
8/7/2026,Fatuma Duba,Stephen kipkurui,116140156,798372422,15000,6weeks,500,4500,19500,3250,19500,0,Carol
8/7/2026,Jennifer Samuel,Kenneth kuria,725709459,722416830,7000,6weeks,500,3000,10000,1667,10000,0,Carol
8/7/2026,Rahab Njambi,Catherine Maina,746194202,736819560,7000,6weeks,500,3000,10000,1667,4999,5001,Peter
9/7/2026,Ann Karua,Nancy Mwangi,714734249,700771840,7000,6weeks,500,3000,10000,1667,10000,0,Peter
9/7/2026,Agnes Kioni,Nana Maina,769694106,769228244,10000,4weeks,500,2000,12000,3000,12000,0,Cate
9/7/2026,Purity Mwangi,Jane Nyambura,746999243,745305142,10000,6weeks,500,3000,13000,2167,8666,4334,Carol
9/7/2026,Jane Ngata,Charles Munene,743647697,741796731,7000,4weeks,500,2000,9000,2250,9000,0,Peter
9/7/2026,Jane Wanjiru Njogu,John Nderitu,746811444,115403692,8000,6weeks,500,3000,11000,1834,11000,0,Carol
9/7/2026,Hellen Kimei,Elijah Kihonge,790244173,768208209,10000,6weeks,500,3000,13000,2167,13000,0,Cate
10/7/2026,Paulina Kipkurui,Annet Cherotich,700132036,759261142,5000,4weeks,500,1000,6000,1500,6000,0,Carol
10/6/2026,Hillary Kirwa,Norman Ngige,729518016,711063122,7000,6weeks,500,3000,10000,1667,10000,0,Peter
10/7/2026,Jane Kuuti,Diana Okeyo,768824476,768094794,7000,6weeks,500,3000,10000,1667,10000,0,Carol
13/7/2026,Alice Naserian,Patricia wacuka,758991413,752560980,9000,6weeks,500,3000,11000,2000,11000,0,Cate
13/7/2026,Mercy Macharia,Mercy Njoiki,715228494,727816849,10000,4weeks,500,3000,12000,2000,12000,0,Peter
13/6/2026,Simon Mtigiugu,Peter  waititu,798632927,720323599,10000,4weeks,500,3000,12000,3000,12000,0,Peter
13/7/2026,Penina Mathenge,Ruth Ndungu,748261697,792748608,7000,6weeks,500,3000,10000,1667,9705,295,Carol
13/7/2026,Susan Mburu,Esther Njoroge,791842906,710467216,10000,6weeks,500,3000,13000,2167,13000,0,Carol
13/7/2026,Maureen Waweru,Serah Chege,727877025,726297808,7000,6weeks,500,3000,10000,1667,10000,0,Carol
13/7/2026,Margaret Mugo,Isaac Muhia,721572161,734256765,15000,6weeks,500,4500,19500,3250,19500,0,Peter
13/7/2026,Fridah Maluki,Susan wanjiku,711312215,790646590,12000,6weeks,500,3600,15600,2600,15600,0,Carol
13/7/2026,Esther Kimari,Rahab Njambi,726683825,746194202,10000,6weeks,500,3000,13000,2167,13000,0,Carol
13/7/2026,Philomena Nguitui,Francis Nguitui,718400068,700515009,10000,6weeks,500,3000,13000,2167,13000,0,Peter
13/7/2026,Florence Wandaka,James  Karika,714359854,715778506,25000,6weeks,500,9050,34050,5675,34050,0,Carol
14/7/2026,Diana Kageha,Tabitha Wandaka,769409406,700469416,9000,4weeks,500,2000,11000,2750,11000,0,Peter
14/7/2026,Joyce Mwangi,David Mwangi,711686002,757069418,10000,6weeks,500,3000,13000,2167,13000,0,Cate
14/7/2026,Anthony Munene,Ibrahim Kingori,714076538,798654955,10000,4weeks,500,2000,12000,3000,12000,0,Cate
14/7/2026,Virginia wairimu,Rahab Nyambura,718871498,700144012,5000,4weeks,500,1000,6000,1500,6000,0,Peter
14/7/2026,Jane Naivest,Agnes Lele,724024611,795493127,10000,6weeks,500,3000,10000,2167,10000,0,Carol
14/7/2026,Lydia Kamau,Ann Mwangi,701035799,703322932,12000,4weeks,500,2000,14400,3600,14400,0,Peter
15/7/2026,Beatrice Njaramba,Peter Njaramba,799173612,708387501,10000,4weeks,500,2000,12000,3000,12000,0,Peter
15/7/2026,Judy Gitau,Penina maina,722527858,722706813,7000,6weeks,500,3000,10000,1667,10000,0,Cate
15/7/2026,Agnes Muburi,Teresia Gichohi,704163771,727306592,20000,4weeks,500,4000,24000,6000,24000,0,Carol
15/7/2026,Ann Wangari,Naomi Bosibori,705304253,706841567,9000,6weeks,500,3000,11000,2000,11000,0,Cate
15/7/2026,Faith Njogu,Lilian Gathigia,710918080,793774262,7000,6weeks,500,3000,10000,1667,4334,5668,Cate
15/7/2026,Lukas kabui,Micheal Gatimu,759900772,710625385,7000,4weeks,500,2000,9000,2250,9000,0,Peter
16/7/2026,Hannah Kuria,Sarah Kuria,799871943,742728359,10000,6weeks,500,3000,13000,2167,13000,0,Carol
16/7/2026,John Mwangi,Monica Wanyoike,720241837,794326731,10000,4weeks,500,2000,12000,3000,12000,0,Peter
16/7/2026,Simon Mutunga,Grace Mathaga,723519085,712989540,10000,6weeks,500,3000,13000,2167,13000,0,Peter
16/7/2026,Margaret Wathiegeni,Cecilia Wamuyu,115480067,115944640,5000,4weeks,500,1000,6000,1500,6000,0,Peter
16/7/2026,Daniel Gitau,Glady Njeri,794416300,728397868,5000,4weeks,500,1000,6000,1500,6000,0,Peter
16/7/2026,Elizabeth Romero,Catherine Irungu,792049781,728587387,7000,6weeks,500,3000,10000,1667,10000,0,Carol
16/7/2026,Purity Kuria,Hannah Muchemi,769573260,702653933,10000,4weeks,500,2000,12000,3000,12000,0,Carol
17/7/2026,Naomi Mbuthia,Peter Kabata,790058345,11510784,8000,4weeks,500,2000,10000,2500,10000,0,Cate
17/7/2026,Lucy Wachira,Esther Njuguna,707492014,720311445,8000,6weeks,500,3000,11000,1834,11000,0,Cate
17/7/2026,Lydiah Gathura,Julia Wanjiku,748586361,710644873,5000,4weeks,500,1000,6000,1500,6000,0,Carol
17/7/2026,Samuel Muya ,Hellen Muiruri,725380367,728534959,10000,6weeks,500,3000,13000,2167,13000,0,Cate
20/7/2026,James Wanyiri,Joyce kiboi,714503794,745128614,5000,4weeks,500,1000,6000,1500,6000,0,Carol
20/7/2026,Margaret Wamai,Joseph Maina,721142486,721794032,30000,6weeks,500,10500,40500,6750,40500,0,Cate
20/7/2026,John Maingi,Leah Karimi,724712026,746563025,12000,6weeks,500,3600,15600,2600,15600,0,Cate
20/7/2026,Joseph Mwangi,Esther Wambui,799835033,726683825,10000,6weeks,500,3000,13000,2167,13000,0,Carol
21/7/2026,Sarah Ndungu,Alex Mwiti,706439225,10660229,10000,4weeks,500,2000,12000,3000,12000,0,Carol
21/7/2026,Jesika Kangala,Jane Nyambura,797775990,748608288,12000,6weeks,500,3600,15600,2600,15600,0,Peter
21/7/2026,Peter Waihenya,Elizabeth Wangari,712833328,792402413,10000,6weeks,500,3000,13000,2167,13000,0,Cate
21/7/2026,Rodah Ngarari,Susan Nderitu,725559308,705102133,5000,4weeks,500,1000,6000,1500,6000,0,Peter
21/7/2026,Diana Kajuju,Ann Wangu,742282927,701965026,10000,6weeks,500,3000,13000,2167,13000,0,Carol
21/7/2026,Jecinta Nduta,Grace Njuguna,769621536,724544938,15000,6weeks,500,4500,19500,3250,19500,0,Carol
21/7/2026,Leonard Mwai,Alfred Etale,723849109,711237285,10000,6weeks,500,3000,13000,2167,13000,0,Carol
21/7/2026,Esther Kahihia,Mary Wanjiru,722655548,701481316,8000,6weeks,500,3000,11000,1834,11000,0,Carol
21/7/2026,Robinson Kariuki,Maryann Maina,790082214,712258783,7000,6weeks,500,3000,10000,1667,10000,0,Peter
21/7/2026,Alice Ngugi,Margaret Macharia,729144308,700570661,12000,6weeks,500,3600,15600,2600,15600,0,Carol
21/7/2026,Gladwel Thindi,Susan wanjiku,727387416,710954164,12000,6weeks,500,3600,15600,2600,15600,0,Carol
21/7/2026,Lawrence Wanjala,Rose Wangechi,701728665,705102133,7000,6weeks,500,3000,10000,1667,10000,0,Cate
21/7/2026,Silvia Wachira,Mercy Macharia,797396337,715228494,10000,4weeks,500,2000,12000,3000,12000,0,Cate
22/7/2026,Gladys Hiuko,Agnes Nduta,715709400,713101470,7000,6weeks,500,3000,10000,1667,10000,0,Carol
22/7/2026,Charity Mwangi,Rosemary Njeri,724210636,740491220,7000,6weeks,500,3000,10000,1667,10000,0,Cate
22/7/2026,Lucy Nyoro,Susan Mburu,717796794,108798026,10000,6weeks,500,3000,13000,2167,12333,667,Carol
22/7/2026,Damaris Kimathi ,Elizabeth Wangui,728290725,714592685,15000,6weeks,500,4500,19500,3250,19500,0,Carol
22/7/2026,Benson Wahome,David Kamau,748485559,791470552,7000,6weeks,500,3000,10000,1667,10000,0,Peter
22/7/2026,Sarah Nderitu,Samuel Maina ,715706681,722948117,20000,4weeks,500,4000,24000,6000,24000,0,Peter
22/7/2026,Glagys Waweru,Milka Wanjiku,717622386,1088117449,12000,4weeks,500,4400,14400,3600,14400,0,Peter
22/7/2026,Mary Karuri,Catherine Karuri,721994091,715747740,10000,6weeks,500,3000,13000,2167,10000,0,Carol
23/7/2026,Jacob Koech,Fridah Kimagal,724442266,722141101,15000,6weeks,500,4500,19500,3250,19500,0,Cate
23/7/2026,Kelvin Karau,Julius Njau,796250750,741199155,12000,4 weeks,500,2400,14400,3600,14400,0,Carol
23/7/2026,Lucy Nanbaiyaiye,Beth Wachera,716331062,720294359,5000,4weeks,500,1000,6000,1500,4600,1400,Carol
23/7/2026,Micheal Ndege,Charles Kirugo,729823193,717720111,30000,6weeks,500,10500,40500,6750,40500,0,Cate
23/7/2026,Harun Ngunjita,Magdaline Maina ,707029040,707029040,20000,6weeks,500,26000,2600,4334,26000,0,Peter
24/7/2026,Magdaline Karuri,Jane Njogu,723364504,792519004,12000,6weeks,500,3600,15600,2600,15600,0,Carol
24/7/2026,Josphat Gitonga,Simon Mwangi,748310063,721425519,10000,6weeks,500,3000,13000,2167,13000,0,Carol
24/7/2026,Winnie Ndirangu,Jane Ndirangu,759607572,758091413,5000,4weeks,500,1000,6000,1500,6000,0,Carol
24/7/2026,Lucia Macharia,Daniel Maina,715390575,759859581,12000,6weeks,500,3600,15600,2600,15600,0,Carol
24/7/2026,Serah Nganga,Rachel Njoroge,724164082,727992553,8000,4weeks,500,2000,10000,2500,10000,0,Cate
24/7/2026,Godfrey Mugo,Philis Maina,715365131,713543764,10000,6weeks,500,3000,13000,2167,13000,0,Cate
24/7/2026,Magdaline Wacera,Veronica Muchiri,707143090,738427495,7000,6weeks,500,3000,10000,1667,3332,8333,Peter
24/7/2026,Beth Kiarie,Margaret Maina,705757348,769956186,7000,6weeks,500,3000,10000,1667,7666,2334,Peter
24/7/2026,Catherine Muchoki,Mary Wanjiku,792612031,716523140,7000,6weeks,500,3000,10000,1667,10000,0,Carol
24/7/2026,Esther Gachigiri,Rose Muchoki,795157747,757630138,7000,6weeks,500,3000,10000,1667,10000,0,Peter
24/7/2026,Mary Maina,John lebor,110724989,712416909,5000,4weeks,500,1000,6000,1500,6000,0,Peter
27/7/2026,Mary Mwaura,Norman Macharia,708199244,70509057,20000,4weeks,500,4000,24000,6000,24000,0,Cate
27/7/2026, Harriet Kibuchi,Francis Muchai,757723589,790244266,5000,4weeks,500,1000,6000,1500,1500,4500,Cate
27/7/2026,Lucy Munene,Cecilia Mumbua,720813561,715426487,19000,6weeks,500,5800,24800,4134,24800,0,Carol
27/7/2026,Caroline kimuhu,Stephen Kinyanjui,758849257,748300019,8000,4weeks,500,2000,10000,2500,10000,0,Peter
27/7/2026,Mary Kariuki,Janet Matanu,707655312,711346285,10000,4weeks,500,2000,12000,3000,12000,0,Cate
27/7/2026,Grace Njuguna,Rabecca Njuguna,724544938,740441273,10000,6weeks,500,3000,13000,2167,13000,0,Carol
28/7/2026,Anthony Muthoni,Joyce Ndunge,724479261,728649729,8000,4weeks,500,2000,10000,2500,10000,0,Peter
28/7/2026,Peter Mbugua,Duncan Njeri,721356359,721401919,15000,4weeks,500,4500,19500,3250,19500,0,Cate
28/7/2026,Winnie Mwangi,Kelvin Mwangi,715616331,704690718,12000,6weeks,500,3600,15600,2600,13000,0,Cate
28/7/2026,Teresa Gatheru,Grace Njeri,724836941,743320897,10000,4weeks,500,2000,12000,3000,12000,0,Peter
28/7/2026,James Njuguna,Joseph Njoroge,718886595,726547536,5000,4weeks,500,1000,6000,1500,6000,0,Peter
28/7/2026,Mary Lokorach,Agnes Barno,701169467,712438585,8000,6weeks,500,3000,11000,1834,11000,0,Peter
28/7/2026,Maureen Kagwora,Esther Maina,723858169,703286633,5000,4weeks,500,1000,6000,1500,6000,0,Carol
28/7/2026,Leah Kanyango,Alice Wachira,721950008,727258550,7000,4weeks,500,2000,9000,2250,9000,0,Peter
28/7/2026,Lucy Karanja,Samuel Kinyua,703418234,114234124,7000,4weeks,500,2000,9000,2250,9000,0,Peter
29/7/2026,Catherine Mbuni,Hannah Wambui,727865456,726503829,30000,6weeks,500,10500,40500,6750,40500,0,Carol
29/7/2026,Josphat Kamanu ,Jane Wanjiku,724701702,710576285,12000,6weeks,500,3600,15600,2600,15600,0,Cate
29/7/2026,Pauline Kamau,Ann Mugambi,708448209,116691166,10000,6weeks,500,3000,13000,2167,13000,0,Cate
29/7/2026,Tabitha Wachira,Jane Muthoni,704825688,726890467,7000,6weeks,500,3000,10000,1667,10000,0,Carol
29/7/2026,George Ndirangu,Jane Muthoni,711382851,758274400,5000,4weeks,500,1000,6000,1500,6000,0,cate
29/7/2026,Joyce Kesses ,Annah Chelagat,718659733,790796424,7000,6weeks,500,3000,10000,1667,10000,0,Carol
29/7/2026,Joyce Macharia,Joseph Gachoki,729417206,745945541,10000,6weeks,500,3000,13000,2167,13000,0,Carol
29/7/2026,Martin Kiarie,Paul Kimani,718846710,708382465,12000,6weeks,500,3600,15600,2600,15600,0,Cate
29/72026,Elizabeth Mathaga,Moses Mathaga,706607577,743458451,10000,6weeks,500,3000,13000,2167,13000,0,Carol
30/7/2026,Samuel Gichia,Paul Mwangi,702028822,713501528,10000,6weeks,500,3000,13000,2167,13000,0,Peter
,,,,,1526000,,,,,,1928057,45410,
