Disbursement Date,CLIENT'S NAME,GUARANTOR'S NAME,CLIENT'S CONTACT,GUARANTOR'S CONTACT,AMOUNT DISBURSED,repayment period,processing fees,interest,OLB, WEEKLY INSTALMENT, TOTAL PAYMENTS,TOTAL LOAN BALANCE,L.O,,,,,,,,,,,,,,,
1/6/2026,Sarah Ng'ang'a,Rachel njoroge,254724164082,254727992553,7000,4WEEKS,500,2000,9000,2250,9000,0,Nancy,29750,,,,,,,,,,,,,,
            1/6/2026,Francis Njinju,Peter Wainana,254704424647,254711767396,10000,6WEEKS,500,3000,"13,000",2167,13000,0,Carol,41667,,,,,,,,,,,,,,
           1/6/2026,Joseph mwangi,Esther Wambui,254799835033,254726683825,10000,6WEEKS,500,3000,"13,000",2167,13000,0,Carol,41667,,,,,,,,,,,,,,
1/6/2026,Lydia Kamau,Ann Mwangi,254701035799,254703322932,10000,4WEEKS,500,2000,12000,3000,12000,0,Peter,39500,,,,,,,,,,,,,,
1/6/2026,James Kaboro,Magdaline Maina,254703915750,254720024027,7000,6WEEKS,500,3000,10000,1667,10000,0,peter,32167,,,,,,,,,,,,,,
2/6/2026,Esther Ngugi,Joyce Njoroge,254710540080,2547240666021,15000,6WEEKS,500,4500,19500,3250,19500,0,Nancy,62250,,,,,,,,,,,,,,
2/6/2026,Lucy Munene,Cecilia Mutungili,254720813561,254725426487,15000,6WEEKS,500,4500,19500,3250,19500,0,Carol,62250,,,,,,,,,,,,,,
2/6/2026,Sarah Ndung'u,Alex Mwiti,254706439225,254706602209,10000,4WEEKS,500,2000,12000,3000,12000,0,Carol,39500,,,,,,,,,,,,,,
2/6/2026,Purity Mwangi,Jane Roro,254746999243,254745305142,10000,6WEEKS,500,3000,13000,2167,"13,000",0,Nancy,41667,,,,,,,,,,,,,,
2/6/2026,George Waiganjo,Charity Ndirangu,254711382851,254758274400,5000,4WEEKS,500,1000,6000,1500,6000,0,Nancy,20000,,,,,,,,,,,,,,
2/6/2026,Ann Njoroge,Teressiah Njoroge,254715747806,254798764337,7000,6WEEKS,500,3000,10000,1667,10000,0,Peter,32167,,,,,,,,,,,,,,
2/6/2026,Zipporah Muriithi,Teresia Maina,254700480519,25415873084,7000,6WEEKS,500,3000,10000,1667,10000,0,nancy,32167,,,,,,,,,,,,,,
3/6/2026,Margaret Mugo,jane  kariuki ,254721572161,734256765,15000,6weeks,500,4500,19500,3250,19500,0,Peter,62250,,,,,,,,,,,,,,
3/6/2026,Joshua Kibon,ealice kimeli ,254721937013,797691850,10000,4weeks,500,2000,12000,3000,6000,0,Nancy,33500,,,,,,,,,,,,,,
3/6/2026,Esther kimani ,peter kimani ,254719700664,107748401,7000,6weeks,500,3000,10000,1667,10000,0,Nancy,32167,,,,,,,,,,,,,,
3/6/2026,Esther Kimari,rahab njambi ,726683825,753040119,10000,6weeks,500,3000,13000,2167,13000,0,Carol,41667,,,,,,,,,,,,,,
3/6/2026,Faith Njogu Njoki,lilian mwai ,710918080,793774262,7000,4wEEKS,500,3000,10000,1667,10000,0,Nancy,32167,,,,,,,,,,,,,,
3/6/2026,catherine wanjiru ,joyce kamau ,720340478,745658943,5000,4weeks,500,1000,6000,1500,6000,0,Carol,20000,,,,,,,,,,,,,,
3/6/2026,Rahab Njambi,catherine maina ,746194202,736819560,7000,6weeks,500,3000,10000,1667,10000,0,Peter,32167,,,,,,,,,,,,,,
4/6/2026,Fatuma Duba,stephen sirikwa ,116140156,798372422,15000,6weeks,500,4500,19500,3250,19500,0,Carol,62250,,,,,,,,,,,,,,
4/6/2026,Josphine Kapel,susan nabaru ,142842993,718878829,5000,4weeks ,500,1000,6000,1500,6000,0,Nancy,20000,,,,,,,,,,,,,,
4/6/2026,Rahab Nyambura,benson mwaniki ,711227118,724382862,30000,6weeks,500,10500,40500,6750,40500,0,Nancy,128750,,,,,,,,,,,,,,
4/6/2026,Mary Mwaura,norman macharia ,708199244,700509057,20000,4weeks,500,4000,24000,6000,24000,0,Nancy,78500,,,,,,,,,,,,,,
4/6/2026,Margart Ekai,Eunice Akoth,740548417,728108487,5000,4weeks,500,1000,6000,1500,6000,0,Carol,20000,,,,,,,,,,,,,,
4/6/2026,Lucy Nambaiyaiye,Beth wacera,720294359,716331062,5000,4weeks,500,1000,6000,1500,6000,0,Carol,20000,,,,,,,,,,,,,,
4/6/2026,Lucy Nyoro Nduta,Susan mburu,254717796794,254108798026,"10,000",6WEEKS,500,"3,000","13,000",2167,13000,0,Carol,"41,667",,,,,,,,,,,,,,
4/6/2026,philomena Nguitu    Francis NGUITUI,,254718400068,25470051009,"10,000",6WEEKS,500,"3,000","13,000",2167,13000,0,PETER,"41,667",,,,,,,,,,,,,,
4/6/2026,Grace Muraya,Tabitha Kibuu,2547011257897,254704781632,5000,4Weeks,500,1000,6000,1500,1500,4500,PETER,20000,,,,,,,,,,,,,,
4/6/2026,fredrick Kihomge,Henry Maina,254794206919,254745034146,9000,6WEEKS,500,3000,12000,2000,8480,3520,Carol,38500,,,,,,,,,,,,,,
5/6/2026,Paul Thuo,Jonathan Chemase=254&705033064,2547050330,254708005715,25000,6WEEKS,500,9050,34050,5675,34050,0,Nancy,108325,,,,,,,,,,,,,,
5/6/2026,Peninah Mathenge,Ruth Ndungu,254748261697,254792748608,7000,6WEEKS,500,3000,10000,1667,10000,0,Carol,32167,,,,,,,,,,,,,,
5/6/2026,Jane Kuuti,Diana Okeyo,254768824476,254768094794,7000,6WEEKS,500,3000,10000,1667,10000,0,Carol,32167,,,,,,,,,,,,,,
5/6/2026,Sarah Waruguru,Sa muel Maina,254715706681,254722948117,20000,4weeks,500,4000,24000,6000,24000,0,Nancy,78500,,,,,,,,,,,,,,
5/6/2026,Julius Gichuru,Hellen Kawira,254705915891,2547700066941,20000,6 weeks,500,6000,26000,4334,26000,0,Carol,82834,,,,,,,,,,,,,,
5/6/2026,Gladys Waweru,Mary Kariuki,254717622386,254708817449,12000,4weeks,500,2600,12000,3600,12000,0,Peter,42700,,,,,,,,,,,,,,
6-May,Fridah Nairia,Jeniffer Anana,254740326857,254718825740,7000,6WEEKS,500,3000,10000,1667,3065,6935,Peter,32167,,,,,,,,,,,,,,
5/6/2026,Monicah Amondi,Mary Maina,254711124852,254110723989,7000,6 weeks,500,3000,10000,1667,8333,1667,Peter,32167,,,,,,,,,,,,,,
8/6/2026,Godfrey Maina,Philis Maina,2547153665131,254713543764,10000,6 weeks,500,3000,13000,2167,13000,0,Nancy,41667,,,,,,,,,,,,,,
8/6/2026,Charity Mwangi,Rosemary Njeri,2545724210636,254740471220,10000,6WEEKS,500,3000,13000,2167,13000,0,Nancy,41667,,,,,,,,,,,,,,
8/6/2026,Joyce Nyaguthii,David Mwangi,254711680002,2548757069418,10000,6WEEKS,500,3000,13000,2167,13000,0,Nancy,41667,,,,,,,,,,,,,,
8/6/2026,James Wanyiri,Joyce Nduta,254714503794,254745128614,7000,6WEEKS,500,3000,10000,1667,10000,0,Carol,32167,,,,,,,,,,,,,,
8/6/2026,Leonard kamwaru,Alfred  Etale,25423849109,254711237285,10000,6WEEKS,500,3000,13000,2167,13000,0,Carol,41667,,,,,,,,,,,,,,
9/6/2026,Sarah Ndung'u,Alex Mwiti,254706439225,254706602209,10000,4weeks,500,2000,12000,3000,12000,0,Carol,39500,,,,,,,,,,,,,,
9/6/2026,Robinson Kariuki,Maryann Wangui,254790082214,254712258783,7000,6WEEKS,500,3000,10000,1667,10000,0,Peter,32167,,,,,,,,,,,,,,
9/6/2026,Elizabeth Gachathi,Rose Gachathi,254114732234,254723842892,14000,6 weeks,500,4000,18204,3034,18200,0,Nancy,57938,,,,,,,,,,,,,,
9/6/2026,Peris Wanjugu,Catherine Wangechi=254&712005347,254712005347,254758025726,7000,6WEEKS,500,3000,10000,1667,10000,0,Peter,32167,,,,,,,,,,,,,,
9/6/2026,Mary Maina, John Labor,254110724989,254712416909,7000,6weeks,500,3000,10000,1667,10000,0,Peter,32167,,,,,,,,,,,,,,
9/6/2026,Patrick Kimani,Diana Mathathi,254726706952,254716611899,7000,4Weeks,500,3000,10000,3000,10000,0,Peter,33500,,,,,,,,,,,,,,
9/6/2026,Gladys Hiuko,Agnes Nduta,254715709400,254713101470,7000,6weeks,500,3000,10000,1667,10000,0,Carol,32167,,,,,,,,,,,,,,
9/6/2026,Elizabeth Romero,Catherine Irungu,254792049781,254728587387,7000,6WEEKS,500,3000,10000,1667,10000,0,Carol,32167,,,,,,,,,,,,,,
9/6/2026,Samuel Mwangi,Maryann Wangui,254741687879,254793965045,10000,6WEEKS,500,3000,13000,2167,10000,0,Nancy,38667,,,,,,,,,,,,,,
9/6/2026,Anthony Wachira,Ibrahim Kingori,254714076538,254798654955,10000,4weeks,500,2000,12000,3000,12000,0,Nancy,39500,,,,,,,,,,,,,,
9/6/2026,Mary Njoki,Faris Mwangi,254727698567,254719306554,18000,4weeks,500,3600,21600,5400,21600,0,Nancy,70700,,,,,,,,,,,,,,
9/6/2026,Susan Mwaura,Rachel Kiambati,254724350985,254796102762,12000,6WEEKS,500,3600,15600,2600,15600,0,Peter,49900,,,,,,,,,,,,,,
10/6/2026,Benson Wahome,David Kamau,254748485559,254791470552,7000,6WEEKS,500,3000,10000,1667,10000,0,Peter,32167,,,,,,,,,,,,,,
10/6/2026,Bancy Njeri Waweru,Peter Njoroge,254711973607,254742103835,20000,4 weeks,500,4000,24000,6000,24000,0,Carol,78500,,,,,,,,,,,,,,
10/6/2026,Agnes Muthon KioniNana Wanjiru,,254769694106,254769228244,10000,4weeks,500,2000,12000,3000,12000,0,Nancy,39500,,,,,,,,,,,,,,
10/6/2026,Naomi Mbuthia mu,Peter Ndindiri,254790058345,254111510789,8000,4 weeks,500,2000,10000,2500,10000,0,Nancy,33000,,,,,,,,,,,,,,
10/6/2026,Lawrence Wanjala,Rose Wangechi,254701728665,254714901793,7000,6 weeks,500,3000,10000,1667,10000,0,Nancy,32167,,,,,,,,,,,,,,
11/6/2026,Michael Munene,Charles Kirugo ,2547729823193,254717720111,30000,6weeks,500,10500,40500,6750,40500,0,Nancy,128750,,,,,,,,,,,,,,
11/6/2026,Alice Naserian,Patricia Wacuka,254758991413,254752560980,9000,6 weeks,500,3000,12000,2000,12000,0,Nancy,38500,,,,,,,,,,,,,,
11/6/2026,Jane Wanjiru,John Nderitu,254746811444,254704825688,7000,6weeks,500,3000,10000,1667,10000,0,Carol,32167,,,,,,,,,,,,,,
11/6/2026,Jane Ngata,Charles Karari,254743647697,254741796731,5000,6weeks,500,1000,6000,1500,6000,0,Peter,20000,,,,,,,,,,,,,, *------
11/6/2026,Jackline Lesemante Rabecca Echom,,254118525881,254794400120,7000,4 weeks,500,2000,9000,2250,9000,0,Peter,29750,,,,,,,,,,,,,,
11/6/2026,Gladys Wairimu Maingikelvin kiptoo ,kelvin kiptoo,254728225297,254719545318,7000,6weeks,500,3000,10000,1667,10000,0,Carol,32167,,,,,,,,,,,,,,
11/6/2026,Catherine Muchoki,Mary kinyanjui,254792612031,254716523140,7000,6weeks,500,3000,10000,1667,10000,0,Carol,32167,,,,,,,,,,,,,,
11/6/2026,Jeniffer Mukiri,Kenneth Kuria,254725709459,254722416830,7000,6weeks,500,3000,10000,1667,10000,0,carol,32167,,,,,,,,,,,,,,
12/6/2026,Susan Kiai,Boniface Njambi,254727368599,254714398204,7000,6weeks,500,3000,10000,1667,10000,0,Carol,32167,,,,,,,,,,,,,,
12/6/2026,Esther Wanjohi,Frida Mahiga,254759831343,254722715234,7000,6weeks,500,3000,10000,1667,3332,6668,Carol,32167,,,,,,,,,,,,,,
12/6/2026,Tabitha Wachira,Jane Muthoni,254704825688,254726890467,7000,6 weeks,500,3000,10000,1667,10000,0,Carol,32167,,,,,,,,,,,,,,
12/6/2026,Elizabeth Mathaga,Moses Mithaga,254706607577,254743458451,10000,6weeks,500,3000,13000,2167,13000,0,Carol,41667,,,,,,,,,,,,,,
12/6/2026,Hillary Kirwa,Norman Ngige,254729518016,254711063122,5000,4weeks,500,1000,6000,1500,6000,0,Peter,20000,,,,,,,,,,,,,,
12/6/2026,Susyline Mukono,Joyce Macharia,254723495587,254729417206,15000,6WEEKS,500,4500,19500,3250,19500,0,Carol,62250,,,,,,,,,,,,,,
12/6/2026,Susan Modo,Lucy Nambayaiye,254721991675,254716331062,7000,6Weeks,500,3000,10000,1667,7599,2401,Carol,32167,,,,,,,,,,,,,,
12/6/2026,Maurine Kagwora,Esther Maina,254723858169,254703286633,7000,4weeks,500,3000,9000,2250,9000,0,Carol,30750,,,,,,,,,,,,,,
12/6/2026,Ann Wangari,Naomi Bosibori,254705304253,254706841567,9000,6 Weeks,500,3000,12000,2000,12000,0,Nancy,38500,,,,,,,,,,,,,,
12/6/2026,Rosemary Maina,Molly Mugure,254724153150,254721815920,10000,6Weeks,500,3000,13000,2167,13000,0,Nancy,41667,,,,,,,,,,,,,,
12/6/2026,Lucia Mukami,Daniel Maina ,2547153905575,254759859581,10000,6 weeks,500,3000,13000,2167,13000,0,Carol,41667,,,,,,,,,,,,,,
12/6/2026,Esther Gachigiri,Rose Muchoki,254795157747,254757630137,7000,6weeks,500,3000,10000,1667,10000,0,Peter,32167,,,,,,,,,,,,,,
12/6/2026,Florence Wandaka,James Karika,254714359854,254751778506,25000,6 Weeks,500,9050,34050,5675,34050,0,Carol,108325,,,,,,,,,,,,,,
15/6/2026,Maureen Waweru,Serah Chege,254727877025,2545726297808,7000,6weeks,500,3000,10000,1667,10000,0,Carol,32167,,,,,,,,,,,,,,
15/6/2026,Alice Ngugi,Margaret Wangui,254729144308,254700570661,12000,6 weeks,500,3600,15600,2600,15600,0,Carol,49900,,,,,,,,,,,,,,
15/6/2026,Mary Karuri,Catherine kiruri,254721994091,254715747740,8000,6weeks,500,3000,11004,1834,11000,0,Carol,35338,,,,,,,,,,,,,,
15/6/2026,Grace Njuguna,Rabecca Njuguna,254724544938,254740441273,8000,6 weeks,500,3000,11000,1834,11000,0,Carol,35334,,,,,,,,,,,,,,
15/6/2026,Jane Naivest,Agnes Lele,254724024611,254795493127,10000,6Weeks,500,3000,13000,2167,13000,0,Carol,41667,,,,,,,,,,,,,,
15/6/2026,Gogfrey Mugo,Philis Maina,254715365131,254713543764,10000,6weeks,500,3000,13000,2167,13000,0,Nancy,41667,,,,,,,,,,,,,,
15/6/2026,Joyce Wanjiru,Peter Mwangi,254700934013,254796819892,10000,4 weeks,500,2000,12000,3000,12000,0,Nancy,39500,,,,,,,,,,,,,,
15/6/2026,Purity Gacoki,Hanah Muchemi,254769573260,254702653933,10000,4 weeks,500,2000,12000,3000,12000,0,Carol,39500,,,,,,,,,,,,,,
15/6/2026,Catherine Maina,Mary Macharia,254728586678,254725585188,7000,4weeks,500,2000,9000,2250,9000,0,Nancy,29750,,,,,,,,,,,,,,
15/6/2026,Mary Kariuki,Janet Matanu,254707655312,254711346285,9000,6weeks,500,3000,12000,2000,12000,0,Nancy,38500,,,,,,,,,,,,,,
15/6/2026, Susan Mburu,Esther Njoroge,254791842906,354710467216,10000,6weeks,500,3000,13000,2167,13000,0,Carol,41667,,,,,,,,,,,,,,
15/6/2026,Esther Kahihia,Mary kimamo,254722655548,254701481316,8000,6weeks,500,3000,11000,1834,11000,0,Carol,35334,,,,,,,,,,,,,,
15/6/2026,Teresa Gatheru,Grace Mathenge,254724836941,254743320897,10000,4weeks,500,2000,12000,3000,12000,0,Peter,39500,,,,,,,,,,,,,,
15/6/2026,Joyce Wandaka,Tabitha Maina,254793621965,254728627914,20000,4weeks,500,4000,24000,6000,24000,0,Peter,78500,,,,,,,,,,,,,,
15/6/2026,Diana Kajuju,Ann Githaiga,254742282927,254701965026,10000,6 Weeks,500,3000,13000,2167,13000,0,Carol,41667,,,,,,,,,,,,,,
15/6/2026,Simon Karani,Peter Waititu,2547989632927,254720323599,10000,4weeks,500,2000,12000,3000,12000,0,Peter,39500,,,,,,,,,,,,,,
16/6/2026,Fridah Kanini,Susan Wanjiru,254711312215,254790646590,12000,6Weeks,500,3600,15600,2600,15600,0,Carol,49900,,,,,,,,,,,,,,
16/6/2026,Diana Kageha,Tabitha Wandaka,254769409406,254700469416,7000,4Weeks,500,2000,9000,2250,9000,0,Peter,29750,,,,,,,,,,,,,,
16/6/2026,Peter Waihenya,Elizabeth Wangari,254712833328,254792402413,10000,6 weeks,500,3000,13000,2167,13000,0,Nancy,41667,,,,,,,,,,,,,,
16/6/2026,Mercy Macharia,Mercy Wanjiru,254715228494,254727816846,10000,4 weeks,500,2000,12000,3000,12000,0,Peter,39500,,,,,,,,,,,,,,
16/6/2026,Tabitha Njenga ,Douglas Njenga,254796291816,254759522005,7000,6 weeks,500,3000,10000,1667,7999,2001,Carol,32167,,,,,,,,,,,,,,
16/6/2026,Hannah Kuria ,Sarah Kuria,254799871943,254742728359,10000,6Weeks,500,3000,13000,2167,13000,0,Carol,41667,,,,,,,,,,,,,,
17/6/2026,Hellen Chesang,Elijah Kihonge,254790244173,254768208209,10000,6Weeks,500,3000,13000,2167,13000,0,Nancy,41667,,,,,,,,,,,,,,
17/6/2026,Pauline Kamau,Ann Wangui,254708448209,254116691166,12000,6Weeks,500,3600,15600,2600,15600,0,Nancy,49900,,,,,,,,,,,,,,
17/6/2026,Magdaline Karuri, Jane Njogu,254727364504,254792519004,12000,6 weeks,500,3600,15600,2600,15600,0,Carol,49900,,,,,,,,,,,,,,
17/6/2026,Monica Gatheca,Benson Wacihi,254741227923,254757960463,7000,6Weeks,500,3000,10000,1667,1667,8333,Carol,32167,,,,,,,,,,,,,,
17/6/2026,Josphat Guandarua,Simon  Mwangi,254748310063,254721425519,10000,6 weeks,500,3000,13000,2167,13000,0,Carol,41667,,,,,,,,,,,,,,
17/6/2026,Sarah Ndungu,Alex Mwiti,254706439225,254106602609,10000,4Weeks,500,2000,12000,3000,12000,0,Carol,39500,,,,,,,,,,,,,,
17/6/2026,Anne Akech Atieno,Martha Akinyi,254715577248,254741463602,8000,6 weeks,500,3000,11000,1834,11000,0,Carol,35334,,,,,,,,,,,,,,
17/6/2026,Beatrice Njaramba,Peter Njaramba,254799173612,254708387501,10000,4Weeks,500,2000,12000,3000,12000,0,peter,39500,,,,,,,,,,,,,,
17/6/2026,Nancy Gatwiri,Eunice Kendi,254715924520,254114625557,7000,6 Weeks,500,3000,10000,1667,1667,8333,Peter,32167,,,,,,,,,,,,,,
18/6/2026,Nancy Maina,Margaret Kimani,25424592850,254726768129,7000,6 weeks,500,3000,10000,1667,10000,0,Peter,32167,,,,,,,,,,,,,,
18/6/2026,Martin Kiarie,Paul Kimani,254718846710,2547708382465,12000,6 weeks,500,3600,15600,2600,15600,0,Nancy,49900,,,,,,,,,,,,,,
18/6/2026,Harry Thuku,Geofrey Njenga,254705436184,254791919951,5000,4 weeks,500,1000,6000,1500,6000,0,Nancy,20000,,,,,,,,,,,,,,
18/6/2026,Lucy Wachira,Esther Nyambura,254707492014,254720311445,7000,6 weeks,500,3000,10000,1667,10000,0,Nancy,32167,,,,,,,,,,,,,,
18/6/2026,Justus Ndungu,Beatrice Wambugu,254725718918,254711856758,9000,6weeks,500,3000,11000,2000,9000,2000,Nancy,36500,,,,,,,,,,,,,,
18/6/2026,Samuel Muya,Hellen Wanjiku,254725380367,254728534959,10000,6weeks,500,3000,13000,2167,13000,0,Nancy,41667,,,,,,,,,,,,,,
18/6/2026,Josphine Chebet,Hannah Kuke,254791967871,2547757262313,5000,4weeks,500,1000,6000,1500,6000,0,Carol,20000,,,,,,,,,,,,,,
19/6/2026,Silvia Wachira,Mercy Wangechi,254797396337,254715228494,10000,4weeks,500,2000,12000,3000,12000,0,Nancy,39500,,,,,,,,,,,,,,
19/6/2026,Mary Kingori,Mary Chuma,254792149332,254721778601,7000,6weeks,500,3000,10000,1667,10000,0,Peter,32167,,,,,,,,,,,,,,
19/6/2026,Catherine Mbuni,Hannah Macharia,254727865456,254726503829,25000,6WEEKS,500,9050,34050,5675,34050,0,Carol,108325,,,,,,,,,,,,,,
19/6/2026,Peter Njoroge,Duncan Maina,254721356359,254721401919,15000,6weeks,500,4500,19500,3250,19500,0,Nancy,62250,,,,,,,,,,,,,,
19/6/2026,Hellen Wainana,Joseph Munene,254727059976,254714716360,5000,4weeks,500,1000,6000,1500,6000,0,Nancy,20000,,,,,,,,,,,,,,
19/6/2026,Grace Gachuhi,Tabitha Ndegwa,254726949202,254728735170,7000,6 WEEKS,500,3000,10000,1667,10000,0,Peter,32167,,,,,,,,,,,,,,
19/6/2026,Naomi Gituria,Esther Gachechere,254794029149,254717512042,7000,6 WEEKS,500,3000,10000,1667,10000,0,Peter,32167,,,,,,,,,,,,,,
19/6/2026,Daniel Gitau,Gladt Njeri,254794416300,254728397868,5000,4 weeks,500,1000,6000,1500,6000,0,Peter,20000,,,,,,,,,,,,,,
19/6/2026,John Mwangi,Leah Waruguru,254724712026,254746563025,10000,4WEEKS,500,2000,12000,3000,12000,0,Nancy,39500,,,,,,,,,,,,,,
22/6/2026,Jesika Kangala,Jane Nyambura,254797775990,254748608288,12000,6WEEKS,500,3600,15600,2600,15600,0,Peter,49900,,,,,,,,,,,,,,
22/6/2026,Josephat Ngugi,Jane Wangari,254724701702,254710576285,12000,6WEEKS,500,3600,15600,2600,15600,0,Nancy,49900,,,,,,,,,,,,,,
22/6/2026,Edwin Montana,Peter Irungu,254742033906,254790412266,12000,6 WEEKS,500,3600,15600,2600,15600,0,nancy,49900,,,,,,,,,,,,,,
22/6/2026,Joshua Kibon,Alice Kimeli,254721937013,254797691850,10000,4 WEEKS,500,2000,12000,3000,12000,0,Nancy,39500,,,,,,,,,,,,,,
22/6/2026,Kelvin Karau,Julius Njau,254796250750,254742199155,"15,000",6WEEKS,500,"4,500","19,500",3250,19500,0,Carol,"62,250",,,,,,,,,,,,,,
22/6/2026,Jecinta Nduta,Grace njuguna,254769621536,254724544938,14000,6WEEKS,500,4200,"18,200",3034,18200,0,Carol,58134,,,,,,,,,,,,,,
22/6/2026,Agnes Muburi,Teresiah Gichohi,254704163771,254727306592,20000,4WEEKS,500,4000,24000,6000,24000,0,Carol,78500,,,,,,,,,,,,,,
22/6/2026,Milfrida Nyaboke,Peter Onyari,254742982500,254723791251,8000,6 WEEKS,500,3000,11000,1834,11000,0,Carol,35334,,,,,,,,,,,,,,
22/6/2026,Jeddy Wachira,Everline   Wachira,254707593937,254704452061,7000,6WEEKS,500,3000,10000,1667,10000,0,Nancy,32167,,,,,,,,,,,,,,
23/6/2026,Magdaline Wacera,Veronica Muchiri,254707143090,254738427495,7000,6weeks,500,3000,10000,1667,10000,0,Peter,32167,,,,,,,,,,,,,,
23/6/2026,Winnie Mwangi,Kelvin Ndung'u,254715616331,254704690718,12000,6WEEKS,500,3600,15600,2600,15600,0,Nancy,49900,,,,,,,,,,,,,,
23/6/2026,Naomi Ndiritu,Zipporah Kamau,254726100264,254720882664,5000,4WEEks,500,1000,6000,1500,6000,0,Nancy,20000,,,,,,,,,,,,,,
23/6/2026,Winnie ndirangu,Jane Wangui,254759607572,254758091413,10000,4WEEKS,500,2000,12000,3000,12000,0,Carol,39500,,,,,,,,,,,,,,
23/6/2026,James Njuguna,Joseph Mwangi,254718886595,254726547436,5000,4 WEEKS,500,1000,6000,1500,6000,0,Peter,20000,,,,,,,,,,,,,,
23/6/2026,Mary Mwangi,Simon Mwangi,254714885607,254796216948,12000,6 WEEKS,500,3600,15600,2600,15600,0,Nancy,49900,,,,,,,,,,,,,,
23/6/2026,Damaris Kimathi,Elizabeth Ndung'u,254728290725,254714592685,15000,6WEEKS,500,4500,"19,500",3250,19500,0,Carol,62250,,,,,,,,,,,,,,
24/6/2026,Anthony Wachira,Ibrahim Kingori,254714076538,254798654955,10000,4weeks,500,2000,12000,3000,12000,0,Nancy,39500,,,,,,,,,,,,,,
24/6/2026,Mary Lokorach,Agnes Barno,254701169467,254712438585,8000,6WEEKS,500,3000,11000,1834,11000,0,Peter,35334,,,,,,,,,,,,,,
24/6/2026,Grace Wairimu,Loice Njoroge,254706099951,254727526497,7000,6WEEKS,500,3000,10000,1667,10000,0,Peter,32167,,,,,,,,,,,,,,
24/6/2026,Naomi Mbuthia,Peter Kabata,254790058345,254111510784,8000,4WEEKS,500,2000,10000,2500,10000,0,Nancy,33000,,,,,,,,,,,,,,
24/6/2026,Joseph ndiritu,Richard Karanja,254714716360,254758589148,10000,6WEEKS,500,3000,13000,2167,13000,0,Nancy,41667,,,,,,,,,,,,,,
24/6/2026,Lydia Kamau,Ann Mwangi,254701035799,254703322932,10000,4WEEKS,500,2000,12000,3000,12000,0,Peter,39500,,,,,,,,,,,,,,
24/6/2026,Francis Njuguna,Mary Wanjiku,254119173109,254728845042,10000,6weeks,500,3000,13000,2167,13000,0,Peter,41667,,,,,,,,,,,,,,
25/6/2026,Josphine Kapel,susan nabaru ,142842993,718878829,5000,4weeks ,500,1000,6000,1500,6000,0,Nancy,20000,,,,,,,,,,,,,,
25/6/2026,Keziah Wamaitha,Lucy Mwangi,700549110,25479480201,10000,6 WEEKs,500,3000,13000,2167,13000,0,Nancy,41667,,,,,,,,,,,,,,
25/6/2026,Jacob Koech,Fridah Kimagal,724442266,25472214101,10000,4WEEks,500,2000,12000,3000,12000,0,Nancy,39500,,,,,,,,,,,,,,
25/6/2026,Alice Wanjiru,Margaret Wangari,758372505,254,"10,000",6WEEKS,500,"3,000","13,000",2167,2167,10833,Carol,"41,667",,,,,,,,,,,,,,
25/6/2026,Joyce kesses,Annah Chelagat,718659733,790796424,7000,6weeks,500,3000,10000,1667,10000,0,Carol,32167,,,,,,,,,,,,,,
26/6/2026,Gladys Waweru,Milka Kariuki,717622386,0 108817449,12000,4 WEEKS,500,2400,14400,3600,14400,0,Peter,47300,,,,,,,,,,,,,,
26/6/2026,Samuel gichia,Paul Macharia,702028822,713501528,10000,6WEEKS,500,3000,13000,2167,2167,0,Peter,30834,,,,,,,,,,,,,,
26/6/2026,Paul Mwangi,John Ndirangu,711410254,715257237,7000,6WEEKS,500,3000,10000,1667,10000,0,Carol,32167,,,,,,,,,,,,,,
26/6/2026,John Irungu,Caroline Wanja,702599233,797584851,7000,6weeks,500,3000,10000,2167,10000,0,Nancy,32667,,,,,,,,,,,,,,
26/6/2026,Jane Mumbi Theuri,John Theuri,795544079,713472309,10000,6weeks,500,3000,"13,000",2167,13000,0,Carol,41667,,,,,,,,,,,,,,
29/6/2026,Tabitha Muiga ,Susan Muchiri,729828281,713328411,7000,6weeks,500,3000,10000,1667,10000,0,Carol,32167,,,,,,,,,,,,,,
29/6/2026,Leonard kamwaru,Alfred  Etale,25423849109,254711237285,10000,6WEEKS,500,3000,13000,2167,13000,0,Carol,41667,,,,,,,,,,,,,,
29/6/2026,cecilia Muraya,Esther Kariuki,721961454,714126599,7000,6WEEKS,500,3000,10000,1667,10000,0,Nancy,32167,,,,,,,,,,,,,,
29/6/2026,Mercy Wanjiku,Esther Muriuki,743665781,721439189,7000,6WEEKS,500,3000,10000,1667,10000,0,Carol,32167,,,,,,,,,,,,,,
29/6/2026,Lucy Munene,Cecilia Mutungili,254720813561,254725426487,17000,6WEEKS,500,4500,22100,3684,22100,0,Carol,69884,,,,,,,,,,,,,,
29/6/2026,Lucy Gathondu,milka wangai,705851219,742242993,7000,4weeks,500,2000,9000,2250,4500,4500,Peter,29750,,,,,,,,,,,,,,
30/6/2026,George Waiganjo,Charity Ndirangu,711382851,758274400,5000,4WEEKS,500,1000,6000,1500,6000,0,Nancy,20000,,,,,,,,,,,,,,
30/6/2026,Mary Mwaura,norman macharia ,708199244,700509057,20000,4weeks,500,4000,24000,6000,24000,0,Nancy,78500,,,,,,,,,,,,,,
30/6/2026,Sarah Waruguru,Samuel Maina,715706681,722948117,20000,4weeks,500,4000,24000,6000,24000,0,Nancy,78500,,,,,,,,,,,,,,
30/6/2026,Purity Gacoki,Hanah Muchemi,769573260,702653933,10000,4 weeks,500,2000,12000,3000,12000,0,Carol,39500,,,,,,,,,,,,,,
30/6/2026,Maurine Kagwora,Esther Maina,723858169,703286633,7000,4weeks,500,3000,9000,2250,9000,0,Carol,30750,,,,,,,,,,,,,,
,,,,,1704000,,85500,518050,2217258,426090,2135726,61691,,,,,,,,,,,,,,,,
