Name,Position,Status,Idno,Email,Phone,Jobno,Branch,Access Level,Entry Date,Leaves
Admin,Super User,Active,36912,info@horizonkashleo.co.ke,706719045,HORIZON001,Head Office,Hq,11/25/2025,11 days
Ann Wangari Rigio,Loan Officer,Active,38439700,rigioann4@gmail.com,712398175,HORIZON043,Engineer,Portfolio,9/1/2026,0 days
Bonface Karanja,Loan Officer,Active,39190998,bonfacekaranja697@gmail.com,794127167,HORIZON047,Kiriani,Portfolio,9/1/2026,0 days
Bonface Gituma,Loan Officer,Active,38224773,gitumabonface398@gmail.com,759438351,HORIZON035,Embu,Portfolio,8/11/2026,0 days
Caroline Mureithi,Loan Officer,Active,39120130,mureithicaroline84@gmail.com,742616631,HORIZON015,Karatina,Portfolio,6/2/2026,2 days
Caroline Nyakio,Loan Officer,Active,34054715,carolnyakio55@gmail.com,791843024,HORIZON045,Karatina,Portfolio,9/1/2026,0 days
Caroline Nyakio,Loan Officer,Active,33768572,carolinenyakio123@gmail.com,714092981,HORIZON007,Nyahururu,Portfolio,4/21/2026,5 days
Charles Kituku,Loan Officer,Active,37417941,charleskituku04@gmail.com,793937523,HORIZON030,Kiriani,Portfolio,7/16/2026,0 days
Damaris Ruguru,Loan Officer,Active,28670816,damariswambui69@gmail.com,718950344,HORIZON032,Nyahururu,Portfolio,8/7/2026,0 days
David Wambugu,Loan Officer,Active,38590404,mainadavid00048@gmail.com,795280555,HORIZON021,Naromoru,Portfolio,6/15/2026,2 days
Davis Kemboi,Loan Officer,Active,3991368,daviskiprotich124@gmail.com,759430439,HORIZON027,Kiriani,Portfolio,7/1/2026,0 days
Dennis Mutwiri,Loan Officer,Active,29269234,dentwiri@gmail.com,720035108,HORIZON034,Embu,Portfolio,8/11/2026,0 days
Dorcas Masau,Team Leader,Active,37921848,dorcasmbete74@gmail.com,706340578,HORIZON033,Embu,Branch,8/11/2026,0 days
Eunice Muriithi,Office Admin,Active,31441271,muriithieunice09@gmail.com,727048686,HORIZON006,Naromoru,Branch,4/21/2026,4 days
Faith Mwangi,Office Admin,Active,35749451,mwangifaith013@gmail.com,715051616,HORIZON011,Karatina,Branch,5/2/2026,4 days
Faith Mwikali,Loan Officer,Active,34393069,faithkamataa@gmail.com,795693417,HORIZON037,Embu,Portfolio,8/11/2026,0 days
Henry Mutembei,Loan Officer,Active,37821238,henrymutembeimuriungi@gmail.com,769795312,HORIZON018,Naromoru,Branch,6/15/2026,2 days
Jackson Mugao,Loan Officer,Active,41372584,mugaojackson450@gmail.com,745045891,HORIZON036,Embu,Portfolio,8/11/2026,0 days
James Kinoti,Team Leader,Active,29916361,jamesnjagi45@gmail.com,717494208,HORIZON028,Kiriani,Branch,7/1/2026,0 days
John Mwangi,Chief Operations Manager,Active,20251127,john.mwangi@horizonkashleo.co.ke,707457717,HORIZON004,Head Office,Hq,11/25/2025,11 days
Joseph Mwangi,Loan Officer,Active,37889426,wagerekamwangi@gmail.com,713329843,HORIZON023,Head Office,Hq,7/16/2026,0 days
Joseph Ngondi,Loan Officer,Active,41861738,jospablo715@gmail.com,703323236,HORIZON038,Karatina,Portfolio,8/3/2026,0 days
Lisper Gatwiri,Loan Officer,Active,27048463,gatwirilisper@gmail.com,700582874,HORIZON039,Karatina,Portfolio,8/17/2026,0 days
Lucy Kinyua,Director,Active,20251126,lucy36wamuyu@gmail.com,728297205,HORIZON003,Head Office,Hq,11/25/2025,11 days
Lucy Wanja,Office Admin,Active,36572321,lucywanja142@gmail.com,724561922,HORIZON017,Nyahururu,Branch,6/10/2026,2 days
Mary Muthoni Kigo,Office Admin,Active,42603581,muthonimaryofficial@gmail.com,116084798,HORIZON042,Engineer,Branch,9/1/2026,0 days
Maryann Wanjiru Ngige,Accountant,Active,32835497,maryannwanjiru328@gmail.com,758505163,HORIZON040,Head Office,Hq,8/1/2026,0 days
Mercy Karimi,Loan Officer,Active,40164172,mn8783808@gmail.com,790378808,HORIZON022,Naromoru,Portfolio,7/1/2026,0 days
Milkah Wagaki Kihara,Loan Officer,Active,38590917,kiharawagaki@gmail.com,111331866,HORIZON044,Engineer,Portfolio,9/23/2026,0 days
Naftaly Kinyua,Loan Officer,Active,37892149,naftalykinyuam@gmail.com,758906577,HORIZON019,Naromoru,Portfolio,6/15/2026,2 days
Paul Ndumia,Team Leader,Active,34150149,pnjoroge616@gmail.com,742276038,HORIZON010,Karatina,Branch,5/2/2026,4 days
Peter Githinji Njeri,Team Leader,Active,35701928,branxpitah@gmail.com,769114752,HORIZON041,Engineer,Branch,9/1/2026,0 days
Peter Nderitu Machira,Loan Officer,Active,34174582,machirapeters@gmail.com,727916146,HORIZON009,Nyahururu,Portfolio,5/11/2026,4 days
Peter Wanjohi,Team Leader,Active,36093045,peterwanjohi014@gmail.com,718926517,HORIZON005,Nyahururu,Branch,4/15/2026,5 days
Racheal Wanja,Loan Officer,Active,37924768,rachealwanja99@gmail.com,794857146,HORIZON046,Embu,Portfolio,9/22/2026,0 days
Rahab Wanjiru,Loan Officer,Active,39171055,rahabwanjirudavid@gmail.com,790079778,HORIZON029,Kiriani,Portfolio,7/1/2026,0 days
Silvester Muthomi,Loan Officer,Active,38575235,kaumbuthusm@gmail.com,758091932,HORIZON026,Naromoru,Portfolio,7/1/2026,0 days
Stephen Wachira,Director,Active,20251125,stephen.wachira@horizonkashleo.co.ke,795623309,HORIZON002,Head Office,Hq,11/25/2025,11 days
