,Disbursement Date,CLIENT'S NAME,GUARANTOR'S NAME,CLIENT'S CONTACT,GUARANTOR'S CONTACT,AMOUNT DISBURSED,repayment period,processing fees,interest,OLB, WEEKLY INSTALMENT, TOTAL PAYMENTS,TOTAL LOAN BALANCE,L.O
1,4/5/2026,Charity Mwangi,Rosemary Nasimiyu,254724210636,254740471220,10000,6 WEEKS,500,3000,13000,2170,13000,0,Nancy
2,4/5/2026,Susan Mburu,Charles Thiong'o,254113300495,254712920114,5000,6 WEEKS,500,1500,6500,1085,6500,0,Nancy
3,4/5/2026,Joyce Mwangi,Davd King'ori,254711686002,254757069418,10000,6 WEEKS,500,3000,13000,2170,13000,0,Nancy
4,4/5/2026,Miriam rotich,Sheila Langat,254726281613,254707451706,20000,6 WEEKS,500,6000,26000,4334,26000,0,Nancy
5,4/5/2026,Mary Muthoni,Janet Mutanu,254707655312,254711346285,9000,6 WEEKS,500,3000,12000,2000,12000,0,Nancy
6,4/5/2026,Godfrey Maina,Philis Maina,254715365131,254713543764,10000,6 WEEKS,500,3000,13000,2170,13000,0,Nancy
7,4/5/2026,Leonard Kamwaro,Alfred Etale,254723849109,254711237285,10000,6 WEEKS,500,3000,13000,2170,13000,0,carol
8,4/5/2026,Hannah Kuria,Serah Kuria,254799871943,254742728359,8000,4 WEEKS,500,2000,10000,2500,10000,0,carol
9,5/5/2026,Rahab Kabui,Brigit Kamba,254711227118,254794955639,30000,6 WEEKS,500,10500,40500,6750,20250,0,Nancy
10,5/5/2026,Margaret Wamai,Joseph Maina,254721142486,254721794032,30000,6 WEEKS,500,10500,40500,6750,20250,0,Nancy
11,5/5/2026,Esther Ngugi,Joyce Njoroge,254710540080,254724066021,15000,6 WEEKS,500,4500,19500,3250,19500,0,Nancy
12,5/5/2026,Sheila Langat,Hillary Kiplangat,254707451706,254796979089,7000,6 WEEKS,500,3000,10000,1667,10000,0,Nancy
13,5/5/2026,Joshua Kibon,Alice Kimeli,254721937013,254797691850,10000,4 WEEKS,500,3000,13000,3000,13000,0,Nancy
14,6/5/2026,Daina Kajuju,Ann Githaiga,254742282927,254701965026,10000,6 WEEKS,500,3000,13000,2167,13000,0,Carol
15,6/5/2026,Monica Gatheca,Benson Gatheca,254741227923,254757960463,5000,6 WEEKS,500,1500,6500,1085,6500,0,Carol
16,6/5/2026,Pauline Kamau,Ann Mugambi,254708448209,254116691166,12000,6 WEEKS,500,3600,15600,2600,15600,0,Nancy
17,6/5/2026,Kenneth Mwirigi,Stephen mathenge,254726022867,254720274870,7000,6 WEEKS,500,3000,10000,1667,10000,0,Nancy
18,7/5/2026,Martin Kiarie,Paul Kimani,25718846710,254708382465,12000,6 WEEKS,500,3600,15600,2600,15600,0,Nancy
19,7/5/2026,Lucy Nyoro,Susan Mburu,254758372505,25410879806,10000,6 WEEKS,500,3000,13000,2167,13000,0,Carol
20,7/5/2026,Micheal Ndege,Charles Muhindo,254729823193,254717720111,30000,6 WEEKS,500,10500,40500,6750,40500,0,Nancy
21,7/5/2026,paul Thuo,Jonathan Cheruiyot,254705033064,254708005715,30000,6 WEEKS,500,10500,40500,6750,40500,0,Nancy
22,8/5/2026,Hellen Wainana,Joseph Munene,254727059976,254714716360,7000,6 WEEKS,500,3000,10000,1667,10000,0,Nancy
23,8/5/2026,Purity Gacoki,Hanah muchemi,254769573260,254702653933,8000,4 WEEKS,500,2000,10000,2500,10000,0,Carol
24,8/5/2026,Ann Wangari,Naomi bosibori,254705304253,254706841567,9000,6 WEEKS,500,3000,12000,2000,12000,0,Nancy
25,8/5/2026,Alice Johnson,Patricia Waithira,254758991413,254752560980,9000,6 WEEKS,500,3000,12000,2000,12000,0,Nancy
26,11/5/2026,Gladys Waweru,Milka Kariuki,254717622386,254108817449,12000,4 WEEKS,500,2400,14400,3600,14400,0,Peter
27,11/5/2026,James Njuguna,Joseph Mwangi,254718886595,254726547536,5000,6 WEEKS,500,1500,6500,1084,6500,0,Peter
28,11/5/2026,Maureen Waweru,Serah  Chege,254727877025,254726297808,7000,6 WEEKS,500,3000,10000,1667,10000,0,Carol
29,11/5/2026,Rahab Njambi,Catherine Maina,254746194202,254736819560,5000,4 WEEKS,500,1000,6000,1500,6000,0,Peter
30,11/5/2026,James Wanyiri,Joyce Nduta,254714503794,254745128614,5000,6 WEEKS,500,1500,6500,1085,6500,0,carol
31,11/5/2026,Elizabeth Gachathi,Rose Gachathi,254114732234,254723842892,14000,6 WEEKS,500,4200,18200,3034,18200,0,Nancy
32,11/5/2026,Lucy  Njoki,Jane Wangui,254794113332,254727429223,7000,6 WEEKS,500,3000,10000,1667,10000,0,Nancy
33,12/5/2026,Rosemary maina,Molly Muhota,254724153150,254721815920,10000,6 WEEKS,500,3000,13000,2167,13000,0,Nancy
,12/5/2026,Milfrida Nyaboke,Peter Onyari,254742982500,254723791251,8000,6 WEEKS,500,3000,11000,1834,11000,0,Carol
34,12/5/2026,Alice Njoki,Margaret Wangui,254729144308,254700570661,12000,6 WEEKS,500,3600,15600,2600,15600,0,Carol
35,12/5/2026,Lucy Munene,Ceciliah Mumbua,254720813561,254715426487,17000,6 WEEKS,500,5100,22100,3684,22100,0,Carol
36,12/5/2026,Susan mwaura,Racheal Kiambati,254724350985,254796102762,12000,6 WEEKS,500,3600,15600,2600,15600,0,Peter
37,12/5/2026,Mary Mwaura,Norman Muchiri,254708199244,25470509057,20000,4 WEEKS,500,4000,24000,6000,12000,0,Nancy
38,12/5/2026,Sarah Nderitu,Samuel Maina,254715706681,254722948117,20000,4 WEEKS,500,4000,24000,6000,12000,0,Nancy
39,12/5/2026,Josephat Gitonga,Simon Mwangi,254748310063,254721425519,10000,6 WEEKS,500,3000,13000,2167,13000,0,Carol
40,12/5/2026,Harry Thuku,Geoffery Njenga,254705436184,254791919951,10000,6 WEEKS,500,3000,13000,2167,13000,0,Nancy
41,12/5/2026,Grace Gachuhi,Tabitha Ndegwa,254726949202,254728735170,7000,6 WEEKS,500,3000,10000,1667,10000,0,Peter
42,13/5/2026,Brigit Kamba,Lydia Wairimu,254794955639,254748295935,15000,6 WEEKS,500,4500,19500,3250,19500,0,Nancy
43,13/5/2026,Florence Wandaka,James Kaguura,254714359854,254751778506,25000,6 WEEKS,500,9050,34050,5675,34050,0,Carol
44,13/5/2026,Zipporah Rotich,John Erukon,254720853132,254717749260,10000,6 WEEKS,500,2000,12000,3000,12000,0,Carol
45,13/5/2026,Elizabeth Mathaga,Moses Gicharu,254706607577,254743458451,10000,6 WEEKS,500,3000,13000,2617,13000,0,Carol
46,13/5/2026,Naomi Gituria,Esther Gachechere,254794029149,254717512042,7000,6 WEEKS,500,3000,10000,1667,10000,0,Peter
47,13/5/2026,Naomi Gitau,Ruth Kabage,254711962072,254701315935,7000,6 WEEKS,500,3000,10000,1667,10000,0,Nancy
48,13/5/2026,Esther Kimani,Peter Kimani,254719700664,254107484401,5000,6 WEEKS,500,1500,6500,1085,6500,0,Nancy
49,13/5/2026,Peter Waihenya,Elizabeth Wangari,245712833328,254792403413,10000,6 WEEKS,500,3000,13000,2167,13000,0,nancy
50,13/5/2026,Bancy Njeri,Peter Njoroge,254711973607,254742103835,20000,4 WEEKS,500,4000,24000,6000,24000,0,Carol
51,14/4/2026,Edwin Montana,Peter Irungu,254742033906,254790412266,12000,6 WEEKS,500,2400,14400,2600,14400,0,nancy
52,14/5/2026,susyline Mukono,Joyce Macharia,254723495587,254729417206,15000,6 WEEKS,500,4500,19500,3250,19500,0,Carol
53,14/5/2026,Susan Mburu,Esther Njoroge,254791542906,254710467216,10000,6 WEEKS,500,3000,13000,2167,13000,0,Carol
54,14/5/2026,Fatuma Duba ,Stephen Kipkirui,254116140156,254798372422,10000,6 WEEKS,500,3000,13000,2167,13000,0,Carol
55,14/5/2026,Jane Wanjiru,John ndiritu,254746811444,254115403692,7000,6WEEKS,500,3000,10000,1667,10000,0,Carol
56,14/5/2026,Jane Naivest,Agnes lele,254724024611,254795493127,10000,6WEEKs,500,3000,13000,2167,13000,0,Carol
57,14/5/2026,Agnes Kioni,Nana Wanjiru,254769694106,254769228244,10000,4WEEks,500,2000,12000,3000,12000,0,Nancy
58,14/5/2026,Richard Sike,Jackline Cherop,254722340765,254713604116,15000,6 WEEKs,500,4500,19500,3250,19500,0,Nancy
59,14/5/2026,Keziah Wamaitha,Lucy Mwangi,254700549110,25479480201,10000,6 WEEKs,500,3000,13000,2170,13000,0,Nancy
60,15/5/2026,Joyce Macharia,Peter Mwangi,254700934013,254796819892,12000,4 WEEKs,500,2400,14400,3600,14400,0,Nancy
61,15/5/2026,Lucia Mukami,David Ndirangu,254715390575,254759859581,10000,6WEEKS,500,3000,13000,2167,13000,0,Carol
62,15/5/2026,Esther kahihia,Mary Kimamo,254722655548,254701481316,8000,6WEEKS,500,3000,11000,1834,11000,0,Carol
63,15/5/2026,Jane Gathii,Tabitha Maina,254700083991,254759095270,7000,4WEEKS,500,2000,9000,2250,9000,0,peter
64,15/5/2026,Mary Chege,Damaris King'ori,254727833081,254721760596,15000,6WEEKS,500,4500,19500,3250,0,19500,Nancy
65,15/5/2026,John Irungu,Caroline Ngari,254702899233,254797584851,7000,6WEEKS,500,3000,10000,1667,10000,0,Nancy
66,15/5/2026,Mary Karuri,Catherine Kiruri,254721994091,254715747740,8000,6WEEKS,500,3000,11000,1834,11000,0,Carol
67,15/5/2026,Mary Lokorach,Agnes Barno,254701169467,254712438585,8000,6WEEKS,500,3000,11000,1834,11000,0,Peter
68,15/5/2026,Jecinta Nduta,Grace Njuguna,254769621536,254724544938,14000,6WEEKS,500,4200,18200,3034,18200,0,Carol
69,15/5/2026,John Mwangi,Leah Waruguru,254724712026,254746563025,10000,4WEEKS,500,2000,12000,3000,12000,0,Nancy
70,18/9/2026,Mary Njoki,Faris Maingi,254727698567,254719306554,18000,4WEEKS,500,3600,21600,5400,21600,0,Nancy
71,18/5/2026,Sarah Ndung'u,Alex Mwiti,254706439225,254706602209,10000,4WEEKS,500,2000,12000,3000,12000,0,Carol
72,18/5/2026,Fridah Kanini,Susan Wanjiru,254711312215,254790646590,10000,6WEEKS,500,3000,13000,2167,13000,0,Carol
73,19/9/2026,Caroline Ngari,Monicah Ngigi,254797584851,254703215864,5000,4WEEKS,500,1000,6000,1500,6000,0,Nancy
74,19/5/2026,Hannah Kuria,Serah Kuria,254799871943,254742728359,10000,6 WEEKS,500,3000,13000,2167,13000,0,Carol
75,19/5/2026,Teresa Gatheru,Grace Mathenge,254724836941,254743320897,10000,4WEEKS,500,2000,12000,3000,12000,0,peter
76,19/5/2026,Maurine Kagwora,Esther Maina,254723858169,254703286633,7000,4WEEKS,500,3000,10000,2250,10000,0,Carol
77,19/5/2026,Racheal Kirigo,Lawrence Muriuki,254707670443,254704598090,10000,6 WEEKS,500,3000,13000,2167,13000,0,Carol
79,19/5/2026,Mary Mwangi,Simon Mwangi,254714885607,254796216948,12000,6 WEEKS,500,3600,15600,2600,15600,0,Nancy
80,20/5/2026,Tabitha Nyokabi,Douglas Kimani,254796291816,254759522005,7000,6 WEEKS,500,3000,10000,1667,10000,0,Carol
81,20/5/2026,Gladwell Thindi,Susan Wanjau,254727387416,254710954164,12000,6WEEKS,500,3600,15600,2600,15600,0,Carol
82,20/5/2026,Fredrick Karanja,Maureen Hiuko,254727176910,254723369406,30000,6WEEKS,500,10500,40500,6750,40500,0,Carol
83,20/5/2026,Peter Wainana,Joliah Waithaka,254794861894,254700539923,10000,6WEEKS,500,3000,13000,2167,13000,0,Nancy
84,20/5/2026,Naomi Mbuthia,Peter Kabata,254790058345,254111510784,8000,6WEEKS,500,2000,10000,2500,10000,0,Nancy
85,20/5/2026,Hellen Chesang,Elijah Kihonge,254790244173,254768208209,10000,6WEEKS,500,3000,13000,2167,13000,0,Nancy
86,20/5/2026,Jesika Kangala,Jane Nyambura,254797775990,254748608288,12000,6WEEKS,500,3600,15600,2600,15600,0,Peter
87,20/5/2026,Hillary Kirwa,Norman Ngige,254729518016,254711063122,5000,4WEEKS,500,1000,6000,1500,6000,0,peter
88,21/5/2026,Joyce Wandaka,Tabitha wangari,254793621965,254728627914,20000,4WEEKS,500,4000,24000,6000,24000,0,Peter
89,21/5/2026,Diana kagea,Tabitha Wandaka,254769409406,254700469416,7000,4WEEKS,500,2000,9000,2250,9000,0,Peter
90,21/5/2026,Agnes Muburi,Teresiah Gichohi,254704163771,254727306592,20000,4WEEKS,500,4000,24000,6000,24000,0,Carol
91,21/5/2026,Serah Kimani,Peninah Mwangi,254726145455,254724722087,7000,4WEEKS,500,2000,9000,2250,9000,0,Peter
92,21/5/2026,Joseph ndiritu,Richard Karanja,254714716360,254758589148,10000,6WEEKS,500,3000,13000,2167,13000,0,Nancy
93,21/5/2026,Josephat Ngugi,Jane Wangari,254724701702,254710576285,12000,6WEEKS,500,3600,15600,2600,15600,0,Nancy
94,21/5/2026,Susan Kariet,Lucy Nambayaiye,254721991675,254708388550,5000,4WEEKS,500,1000,6000,1500,6000,0,Carol
95,21/5/2026,Beth Muiruri,Martha Nyambura,254720630896,254113244500,8000,6WEEKS,500,3000,11000,1834,11000,0,Carol
96,21/5/2026,Selina Ekiela,Elizabeth Romero,254745464053,254792049791,7000,6WEEKS,500,3000,10000,1667,10000,0,Carol
97,22/5/2026,Simon Karani,Peter waititu,254798632927,254720323599,10000,4WEEKS,500,2000,12000,3000,12000,0,Peter
98,22/5/2026,Loise Njoki,Monicah Wachira,254705311814,254712455233,7000,6WEEKS,500,3000,10000,1667,10000,0,Nancy
99,22/5/2026,Silvia Wachira,Mercy Macharia,254797396337,254715228494,10000,4WEEks,500,2000,12000,3000,3000,0,Nancy
100,22/5/2026,cecilia Muraya,Esther Kariuki,254721961454,254714126599,7000,6WEEKS,500,3000,10000,1667,10000,0,Nancy
101,22/5/2026,Purity Gacoki,Hanah muchemi,254769573260,254702653933,10000,6WEEKS,500,3000,13000,2167,13000,0,Carol
102,22/5/2026,Jane Mumbi Theuri,John Theuri,254795544079,254713472309,8000,6WEEKS,500,3000,11000,1834,11000,0,Carol
103,22/5/2026,Kelvin Karau,Julius Njau,254796250750,254742199155,15000,6WEEKS,500,4500,19500,3250,19500,0,Carol
104,25-May-26,Alice Wanjiru,Margaret Wangari,254758372505,,10000,6WEEKS,500,3000,13000,2167,13000,0,Carol
105,25-May-26,Damaris Kimathi,Elizabeth Ndung'u,254728290725,254714592685,15000,6WEEKS,500,4500,19500,3250,19500,0,Carol
106,25-May-26,Mercy Wanjiku,Esther Muriuki,254743665781,254721439189,7000,6WEEKS,500,3000,10000,1667,10000,0,Carol
107,25-May-26,Charles Kiarie,John Mbuthia,254722591581,254746439153,7000,4WEEKS,500,2000,10000,1667,10000,0,carol
108,25-May-26,Esther Jairus,Lukas Ngugi,254112149690,254759900772,20000,6WEEKS,500,6000,26000,4334,26000,0,carol
109,25-May-26,Salome Kibunja,David  Gitau,254719105265,254726580019,10000,6WEEKS,500,3000,13000,2167,13000,0,Peter
110,25-May-26,Mary Kimamo,James Agwagi,254701483016,254719699112,8000,6WEEKS,500,3000,11000,1834,11000,0,Nancy
111,25-May-26,Lucy Wacira,Esther Njuguna,254707492014,254720311445,7000,6WEEKS,500,3000,10000,1670,10000,0,Nancy
112,26-May-26,Paul Mwangi,John Ndirangu,254711410254,254715257237,7000,6WEEKS,500,3000,10000,1667,10000,0,Carol
113,26-May-26,Winnie ndirangu,Jane Wangui,254759607572,254758091413,10000,6WEEKS,500,3000,13000,2167,13000,0,Carol
114,26-May-26,Winnie Mwangi,Kelvin Ndung'u,254715616331,,12000,6WEEKS,500,3600,15600,2600,15600,0,Nancy
115,26-May-26,Mercy Nduati,Samwel Theuri,254790554705,254716503593,10000,6WEEKS,500,3000,13000,2167,13000,0,Peter
116,26-May-26,Evaline Aleyo,rosemary Makumi,254741213695,254725143272,7000,6WEEKS,500,3000,10000,1667,10000,0,Nancy
117,26-May-26,Caroline Ngugi,Nancy Kirumati,254743725400,254769386968,7000,6WEEKS,500,3000,10000,1667,10000,0,Peter
118,27-May-26,Catherine Mbuni,Hannah Macharia,254727865456,254726503829,20000,6WEEKS,500,6000,26000,4334,26000,0,Carol
119,27-May-26,Magdaline Karuri,Jane Njogu,254727364504,254792519004,10000,6WEEKS,500,3000,13000,2167,13000,0,Carol
120,27-May-26,Judy Wanjiku Gitau,Peninah Maina,254722527858,254722706813,7000,6WEEKS,500,3000,10000,1667,10000,0,Nancy
121,27-May-26,Benson Wahome,David kamau,254748485559,254791470552,5000,4WEEks,500,1000,6000,1500,6000,0,Peter
122,27-May-26,Naomi Ndiritu,Zipporah Kamau,254726100264,254720882664,5000,4WEEks,500,1000,6000,1500,6000,0,Nancy
123,27-May-26,Joyce Macharia,Joseph Gachoki,254729417206,-254745945541,10000,6WEEKS,500,3000,"13,000",2167,13000,0,Carol
124,28-May-26,Simon mutunga,Grace Gathaga,254723519085,254712989540,10000,6WEEKS,500,3000,13000,2167,13000,0,Peter
125,28-May-26,Jacob Koech,Fridah Kimagal,254724442266,25472214101,10000,4WEEks,500,2000,12000,3000,12000,0,Nancy
126,28-May-26,Mary Muchiri,Jecinta Kirichu,254713944872,254796323736,7000,6WEEKS,500,1667,10000,3000,10000,0,Carol
127,28-May-26,Jacinter Chege,Lydiah Kamau,254748086530,254721133465,7000,6WEEKS,500,1667,10000,3000,10000,0,Carol
128,29-May-26,Hannah Muraguri,sarah Migwi,254746405759,254718102970,8000,6WEEKS,500,1835,11000,3000,11000,0,Nancy
129,29-May-26,Margaret Ndaruga,charity karia,254700016404,254725939468,7000,6WEEKS,500,1667,10000,3000,10000,0,Peter
130,29-May-26,Irene Muinde,Hannah Kabuku,254701676104,254729238210,10000,6WEEKS,500,2167,13000,3000,13000,0,carol
131,29-May-26,Samuel gichia,Paul Macharia,254702028822,254713501528,10000,6WEEKS,500,2167,13000,3000,13000,0,Peter
,,,,,Total,1423000,,65500,428420,1859250,348776,1766250,19500,
