DISBURSEMENT DATE,CLIENT'S NAME,CLIENT'S CONTACT,CLIENTS ID,GUARANTOR'S NAME,GUARONTOR CONTACT,GUARANTORS ID,AMOUNT DISBURSED,REPAYMENT PERIOD,processing fees,interest,OLB, WEEKLY INSTALMENT, TOTAL PAYMENTS,TOTAL LOAN BALANCE,L.O
2/10/2026,Simon Loter,791933445,,Charles Wambugu,726765939,6835432,7000,4weeks,700,2000,9000,2250,0,9000,Damaris
2/10/2026,Alice Wairimu ,715068622,,John Mucheru,790275139,37173662,7000,6weeks,700,3000,10000,1667,0,10000,Damaris
2/10/2026,Serah Muthura,725818764,,Mary Kariuki,720847355,12487050,8000,4weeks,700,2000,10000,2500,0,10000,Damaris
2/10/2026,Peter Mbugua,721356359,,Duncan Njeri,721401919,,7000,4weeks,700,2000,9000,2250,0,9000,Joseph
2/10/2026,James Njuguna,718886595,,Joseph Njoroge,726547536,,7000,6weeks,700,3000,10000,1667,0,10000,Peter
2/10/2026,Lucy Munene,720813561,,Cecilia  Mumbua,715426487,36275179,19000,6weeks,1330,5800,24800,4134,0,24800,Carol
2/10/2026,George Njuguna,710733293,,Peter Ndungu,742259071,348261322,7000,6weeks,700,3000,10000,1667,0,10000,Carol
2/10/2026,Josphat Gitonga,748310063,,Simon Mwangi,721425519,9812519,10000,6weeks,700,3000,13000,2167,0,13000,Carol
2/10/2026,Margaret Muchemi,700430558,27744743,Miriam Maina,724225761,,7000,6weeks,700,3000,10000,1667,0,10000,Damaris
2/10/2026,Esther kimani ,719700664,,peter kimani ,107748401,,7000,6weeks,700,3000,10000,1667,0,10000,Joseph
2/10/2026,Pierra Makena,740854760,,James Manyara,744847721,21148395,12000,6weeks,840,3600,15600,2600,0,15600,Damaris
2/10/2026,Diana Kageha,769409406,,Tabitha Wandaka,700469416,,12000,4weeks,840,2400,14400,3600,0,14400,Peter
2/10/2026,Janet Koech,795884457,,Regina Lorei,724263450,22958472,7000,6weeks,700,3000,10000,1667,0,10000,Damaris
3/10/2026,Beatrice  Achoto,795314749,34385557,Jedidah Kamais,726271471,31757130,7000,6weeks,700,3000,10000,1667,0,10000,Carol
3/10/2026,Rodah Ngarari,725559308,,Susan Wanjiku,705102133,,7000,6weeks,700,3000,10000,1667,0,10000,Peter
3/10/2026,Naomi Mbuthia,790058345,,Peter Kabata,11510784,,8000,4weeks,700,2000,10000,2500,0,10000,Joseph
3/10/2026,Marion Karunge,791046162,,Ann Waruru,714388690,,7000,6weeks,700,3000,10000,1667,0,10000,Peter
,Daniel Wambui,728981668,,Sabina Akope,769325233,32435433,7000,6weeks,500,3000,10000,1667,0,10000,Damaris
,Jecinta Nduta ,769621536,,Grace Njuguna ,724544938,20781055,10000,6weeks,700,3000,13000,2167,0,13000,Carol
