date desbursed,client name,client number ,client number,guarantors name,guarantors number, guarantors id ,amount disbursed,duration,processing fee,interest,OLB,weekly installments ,amount paid,balances,loan officer
24/8/2026,Mary Mwaura,708199244,,Norman Macharia,70509057,,20000,4weeks,500,4000,24000,6000,7000,17000,Cate
24/8/2026,Edwin Montana,742033906,,Peter Irungu,790412246,,7000,6weeks,500,3000,10000,1667,8335,1665,Cate
25/8/2026,Mary Kimamo,701483016,,James Apere,719699112,,8000,6weeks,500,3000,11000,1834,9170,1830,Cate
25/8/2026,Harriet Kibuchi,757601818,,Francis Muchai,76227036,,7000,6weeks,500,3000,10000,1667,0,10000,Cate
25/8/2026,Auther Kiarie,706535129,,Hesbon Mwaniki,746332140,1033936,7000,6weeks,500,3000,10000,1667,8335,1665,Damaris
25/8/2026,Samuel Macharia ,115563126,,Joseph Waithaka,722337146,4668162,7000,6weeks,500,3000,10000,1667,8335,1665,Damaris
25/8/2026,Brian Wanyama,114744475,,Lucy Nderitu,744652580,,7000,6weeks,500,3000,10000,1667,0,10000,Cate
26/8/2026,Jane Naivest,724024611,,Agnes Lele,795493127,27294159,10000,6weeks,500,3000,13000,2167,10835,2165,Carol
26/8/2026,Robinson Kariuki,790082214,,Maryann Maina,712258783,,9000,6weeks,500,3000,12000,2000,5900,6100,Peter
26/82026,Metrine Lukuyi,700041662,,Mary Wangui,721778601,,7000,6weeks,700,3000,10000,1667,8335,1665,Peter
27/8/2026,Daniel Doya,726784976,,Hannah Njuguna,711962072,,7000,6weeks,700,3000,10000,1667,0,10000,Cate
27/8/2026,Ruth Kihara,745242789,,Janet Koech,795884457,,10000,6Weeks,700,3000,13000,2167,10728,2272,Peter
27/8/2026,Alice Naserian,758991413,,Patricia wacuka,752560980,,7000,6weeks,500,3000,10000,1667,5001,4999,Cate
27/8/2026,Lucy Wachira,707492014,,Esther Njuguna,720311445,,8000,6weeks,500,3000,11000,1834,7337,3663,Cate
27/8/2026,Simon Mutunga,723519085,,Grace Mathaga,712989540,,10000,6weeks,500,3000,13000,2167,10835,2165,Peter
28/8/2026,Rahab Kagema,710711406,,Beth Gichohi,757956212,30702119,7000,6weeks,700,3000,10000,1667,5832,4168,Carol
28/8/2026,John Maingi,724712026,,Leah Karimi,746563025,,14000,6weeks,500,4200,18200,3034,15170,3030,Cate
28/8/2026,Joseph Wairimu,740364099,,Silvia Wambui,1133391643,42913894,7000,6weeks,700,3000,10000,1667,8335,1665,Damaris
31/8/2026,Josphat Kamanu ,724701702,,Jane Wanjiku,710576285,,12000,6weeks,500,3600,15600,2600,10400,5200,Cate
31/8/2026,Rabecca Echom,794400120,,Faith Nyambura,7200886677,28512556,7000,6weeks,500,3000,10000,1667,5001,4999,Damaris
31/8/2026,Samuel Chege,793568159,,Veronica Nyokabi,748306569,,7000,4weeks,700,2000,9000,2250,6150,2850,Peter
31/8/2026,Francis Njuguna,119173109,,Mary Wanjiku,728845042,,7000,6weeks,500,3000,10000,1667,6668,3332,Peter
31/8/2026,Margaret Wamai,721142486,,Joseph Maina,721794032,,30000,6weeks,500,10500,40500,6750,27000,13500,Cate
31/8/2026,Grace Njuguna,724544938,,Rabecca Njuguna,740441273,32594819,10000,6weeks,500,3000,13000,2167,8668,4332,Carol
,,,,,,,,,,,,,,,
,,,,,,,,,,,,,,,
