Disbursement Date,Client Name,Client Contact,Client ID,Guarantor Name,Guarantor Contact,Guarantor ID,Amount Disbursed,Repayment Period,Processing Fees,Interest,OLB,Weekly Installment,Total Payments,Total Loan Balance,Loan Officer,Branch,Month,Loan Product
2026-09-04,Priscillah Nyambura Mutonya,254715885492,25467679,Hannah Wairimu Githinji,254707572433,27189157,10000,6 Weeks,,3000,,2167,,0,Ann Wangari Rigio,Engineer,September,Daraja (6 Wks)
2026-09-04,Teresa Wanjiku Nyaguthii,254716872853,21791345,Jane Njeri Wanjiku,254727142888,42233463,15000,4 Weeks,,3000,,4500,,0,Ann Wangari Rigio,Engineer,September,Vuka (4 Wks)
2026-09-07,Martha Wambui Mwangi,254713404733,21496227,Victor Kuria Mwangi,254769821355,36490785,10000,4 weeks,,2000,,3000,,0,Ann Wangari Rigio,Engineer,September,Daraja (4 Wks)
2026-09-09,Mose Bahati Bevlyne,254711670920,32739955,Evans Mogoah Nyaega,254715909749,30824402,20000,4 Weeks,,4000,,6000,,0,Ann Wangari Rigio,Engineer,September,wezesha (4 Wks)
2026-09-09,Abigael Gichemba Noah,254746130036,32798367,John Kanini Nyaga,254702014098,26654076,20000,4 Weeks,,4000,,6000,,0,Ann Wangari Rigio,Engineer,September,wezesha (4 Wks)
2026-09-09,Mirriam Wanjiku Gitonga,254725714984,20196938,Regina Wangari Mwangi ,254742754722,23459786,8000,4 weeks,,2000,,2500,,0,Milkah Wagaki Kihara,Engineer,September,Daraja (4 Wks)
2026-09-10,Samuel Kahura Kabiro,254725940977,20473278,Isaac Njogu Muiruri,254717537152,27522952,7000,4 Weeks,,2000,,2250,,4500,Milkah Wagaki Kihara,Engineer,September,Daraja (4 Wks)
2026-09-10,Paul Kariuki Wangaru,254741724262,13882897,Michael Ndungu Kimani,254725946628,13559323,20000,4 Weeks,,4000,,6000,,0,Ann Wangari Rigio,Engineer,September,wezesha (4 Wks)
2026-09-10,Francis Waweru Wang'ombe,254721179725,33439693,Isaac Kangau Muthee,254745878870,33335310,10000,6 Weeks,,3000,,2167,,0,Milkah Wagaki Kihara,Engineer,September,Daraja (6 Wks)
2026-09-11,Josphine Wanjiru Mbae,254706414682,9504030,John Mbae Kimani,254713865645,5751224,20000,6 Weeks,,6000,,4333,,17332,Ann Wangari Rigio,Engineer,September,wezesha (6 Wks)
2026-09-11,Everlyne Atieno Ochieng,254706200790,315103,Beatrice Akinyi Ombija,254713537118,40694586,10000,6 Weeks,,3000,,2167,,8666,Ann Wangari Rigio,Engineer,September,Daraja (6 Wks)
2026-09-11,Jane Njeri Wanjiku,254119675041,42233463,Ann Njoki Njanja,254798733681,36160319,10000,4 Weeks,,2000,,3000,,9000,Ann Wangari Rigio,Engineer,September,Daraja (4 Wks)
2026-09-15,Sera Wanjiku Mwangi,254715072434,11729390,Philip Muriithi Mwangi ,254715025272,1143091,15000,6 Weeks,,4500,,3250,,13000,Milkah Wagaki Kihara,Engineer,September,Vuka (6 Wks)
2026-09-15,Teresiah Wanjiru Kanyi,254729296712,2950435,Eneta Wambui Mwaniki,254797064929,25751645,10000,6 Weeks,,3000,,2167,,8666,Milkah Wagaki Kihara,Engineer,September,Daraja (6 Wks)
2026-09-15,Simon Kinyanjui Nguhi,254741304619,27052355,Isaac Mbae Nyoro,254731818745,25203845,16000,6 Weeks,,4800,,3467,,13866,Milkah Wagaki Kihara,Engineer,September,wezesha (6 Wks)
2026-09-15,Evalyne Mugure Mwaura,254713068523,41394930,Agnes Wambui Kamau,254727050349,11535057,10000,6 Weeks,,3000,,2167,,0,Ann Wangari Rigio,Engineer,September,Daraja (6 Wks)
2026-09-15,John Musyoka Kamene,254707420132,28726796,Ann Wambui Nyambura,254748413174,23795806,12000,6 Weeks,,3600,,2600,,10400,Ann Wangari Rigio,Engineer,September,Vuka (6 Wks)
2026-09-15,Sarah Muthoni Wanjiru,254795042054,27774973,Pauline Ngubia Waweru,254742794403,24360071,15000,6 Weeks,,4500,,3250,,13000,Ann Wangari Rigio,Engineer,September,Vuka (6 Wks)
2026-09-15,Margaret Moraa Kirera,254728843845,21143242,Margaret Mwithaki Kimani,254792373496,33807228,10000,4 Weeks,,2000,,3000,,10000,Ann Wangari Rigio,Engineer,September,Daraja (4 Wks)
2026-09-15,Ambrosia Wanja Mwangi,254721422565,11082073,Catherine Njeri Monyo,254769638347,35075944,10000,6 Weeks,,3000,,2167,,8666,Milkah Wagaki Kihara,Engineer,September,Daraja (6 Wks)
2026-09-15,Mary Njeri Kimani,254710807679,25221358,Beth Wambui Kihiko,254796478898,42273689,20000,6 Weeks,,6000,,4333,,17332,Ann Wangari Rigio,Engineer,September,wezesha (6 Wks)
2026-09-15,Susan Wambui Matu,254715155936,26214022,Wambui Beth Wangari,254700483702,414846882,15000,6 Weeks,,4500,,3250,,13000,Ann Wangari Rigio,Engineer,September,Vuka (6 Wks)
2026-09-17,Tabitha Wangari Ndiro ,254794080835,39262726,Esther Nyakiri Chege,254743958657,24573957,10000,6 weeks,,3000,,2167,,10833,Ann Wangari Rigio,Engineer,September,Daraja (6 Wks)
2026-09-17,Rahab Wanjiku Kimani,254704919175,5751111,Simon Nganga Kariuki,254712731304,38823878,15000,6 Weeks,,4500,,3250,,16250,Ann Wangari Rigio,Engineer,September,Vuka (6 Wks)
2026-09-17,Margaret Nyambura Mugekenyi,254113017122,24034006,Esther Muthoni Mwaura,254704888492,27593134,8000,6 Weeks,,2000,,1883,,7617,Ann Wangari Rigio,Engineer,September,Daraja (6 Wks)
2026-09-17,Evalyne Wanjiru Gichuhi,254727633627,28599488,Mary Wangari Mwangi,254115931777,35210930,10000,6 weeks,,3000,,2167,,0,Milkah Wagaki Kihara,Engineer,September,Daraja (6 Wks)
2026-09-17,Patrick Mathenge Wachira,254743201965,13212667,Paul Ng'ang'a Gichuhi,254712089478,24583280,10000,6 Weeks,,3000,,2167,,10833,Ann Wangari Rigio,Engineer,September,Daraja (6 Wks)
2026-09-17,Samuel Ruhangi Mwangi,254722610107,12417467,John Kimani Ngotho,254721156069,8840075,8000,6 Weeks,,2000,,1667,,8333,Milkah Wagaki Kihara,Engineer,September,Daraja (6 Wks)
2026-09-18,Teresiah Nduta Gitau,254717160355,26903488,Kennedy Kirumba Gitau,254114975258,41733907,10000,6 Weeks,,3000,,2167,,10833,Milkah Wagaki Kihara,Engineer,September,Daraja (6 Wks)
2026-09-18,John Mirara Muthoga,254720141895,22372303,Patrick Njoroge Kungu,254745078949,22844442,30000,4 Weeks,,6000,,9000,,27000,Ann Wangari Rigio,Engineer,September,Ngaa (4 Wks)
2026-09-18,Hannah Nyaguthii,254716838439,24938672,Mirriam Wairimu Gitaka,254741123659,41675672,15000,6 Weeks,,4500,,3250,,16250,Ann Wangari Rigio,Engineer,September,Vuka (6 Wks)
2026-09-18,Mercy Nyambura Maina,254705110957,27492006,Tabitha Waithera Ndungu,254797744897,31424071,15000,6 Weeks,,4500,,3250,,16250,Milkah Wagaki Kihara,Engineer,September,Vuka (6 Wks)
2026-09-22,Esther Njambi Numera,254720323442,26869225,Mary Wanjiku Muigai,254715641477,20797859,15000,6 weeks,,4500,,3250,,16250,Ann Wangari Rigio,Engineer,September,Vuka (6 Wks)
2026-09-22,Elizabeth Nyambura Gitau,254716589853,27860175,Esther Wanjiru Muriithi,254111573126,24423921,10000,6 weeks,,3000,,2167,,10833,Ann Wangari Rigio,Engineer,September,Daraja (6 Wks)
2026-09-22,Fredrick Odionyi,254723294698,26744903,Dorcas Wambui Kamau,254718958835,23457081,20000,6 Weeks,,6000,,4333,,23833,Ann Wangari Rigio,Engineer,September,wezesha (6 Wks)
2026-09-22,Salome Njeri Mbuthia,254710359610,28382916,Mary Njeri Kamau,254716427700,26689967,10000,6 weeks,,3000,,2167,,10833,Milkah Wagaki Kihara,Engineer,September,Daraja (6 Wks)
2026-09-22,Naomi Wanjiru Njuguna,254701890277,28102915,Grace Wambui Kirungo,254748838165,41230142,10000,6 weeks,,3000,,2167,,10833,Ann Wangari Rigio,Engineer,September,Daraja (6 Wks)
2026-09-22,Jackson Njogu Ndekei,254758457833,33003036,Benson Muthee Kinyanjui,254114361766,42559385,10000,6 Weeks,,3000,,2167,,11066,Milkah Wagaki Kihara,Engineer,September,Daraja (6 Wks)
2026-09-22,Esther Gathoni Chege,254724706953,25476433,Josphine Njoki Ndung'u,254725569996,8335014,20000,6 Weeks,,6000,,4333,,21666,Milkah Wagaki Kihara,Engineer,September,wezesha (6 Wks)
2026-09-23,Catherine Wachuka Kariuki,254722572202,7028707,Jackline Warukira Kariuki,254702695058,24532047,15000,6 Weeks,,4500,,3250,,16250,Milkah Wagaki Kihara,Engineer,September,Vuka (6 Wks)
2026-09-23,Jane Wanjiku Macharia,254721307339,25486582,Peter Karibu Githitu,254701640618,2928933,10000,6 weeks,,3000,,2167,,12000,Milkah Wagaki Kihara,Engineer,September,Daraja (6 Wks)
2026-09-25,Damaris Wairimu Mwangi,254791508489,31012591,Grace Wanjiru Karungo,254727903371,26532536,10000,6 weeks,,3000,,2167,,13000,Milkah Wagaki Kihara,Engineer,September,Daraja (6 Wks)
2026-09-25,Grace Mugure Macharia,254116606404,32517912,Grace Wambui Ndiritu,254115444106,36158718,10000,6 weeks,,3000,,2167,,13000,Milkah Wagaki Kihara,Engineer,September,Daraja (6 Wks)
2026-09-25,Nelson Mwangi Kirima,254791724230,22118116,Paul Thiong'o Mwangi,254717034868,22008675,20000,4 weeks,,4000,,6000,,18000,Ann Wangari Rigio,Engineer,September,wezesha (4 Wks)
2026-09-28,Tabitha Wangari Kimani,254715484117,26275607,Juliana Nyokabi Njogu,254704296513,27178975,10000,6 Weeks,,3000,,2167,,13000,Milkah Wagaki Kihara,Engineer,September,Daraja (6 Wks)
2026-09-28,Monica Wanjiru,254706815518,25532121,Ruth Wairimu Ngatia,254721320807,23050436,10000,6 Weeks,,3000,,2167,,13000,Milkah Wagaki Kihara,Engineer,September,Daraja (6 Wks)
2026-09-28,Ann Njoki Njanja,254798733681,36160319,Mercy Murugi Mutundu,254707405265,40106842,10000,4 Weeks,,2000,,3000,,12000,Ann Wangari Rigio,Engineer,September,Daraja (4 Wks)
2026-09-29,Leah Wanjiru Waweru,254142165052,9815102,Hannah Nyokabi Kungu,254715007156,21137022,12000,6 Weeks,,3600,,2600,,19600,Milkah Wagaki Kihara,Engineer,September,Vuka (6 Wks)
2026-09-29,Peter Maina Mworia,254703560538,21905797,David Maina Wambui,254758411395,35607675,10000,4 weeks,,3000,,2167,,13000,Milkah Wagaki Kihara,Engineer,September,Daraja (4 Wks)
2026-10-02,Monica Wambui Nguku ,254798258604,8060028,Andrew Mungai Thuo,254706106746,42769177,7000,6 Weeks,,2000,,1500,,9000,Milkah Wagaki Kihara,Engineer,October,Daraja (6 Wks)
2026-10-02,Sera Muringa Ruoro,254740897616,24633265,Obadiah Mburu Ruoro,254712477429,26795344,8000,6 Weeks,,2000,,1667,,10000,Milkah Wagaki Kihara,Engineer,October,Daraja (6 Wks)
2026-10-02,Beatrice Nyambura Mwangi,254726601789,27307693,Esther Wambui Wachira,254727118382,24973924,8000,6 Weeks,,2000,,1667,,10000,Ann Wangari Rigio,Engineer,October,Daraja (6 Wks)
