Client Name,Client Contact,Client ID,Branch,Loan Officer,Loan Amount,Disbursement Date,Source File
Jane Kuuti,768824476,,Unknown,Carol,7000,10/7/2026,JULY DISBURSEMENT (5).csv
Simon Kinyanjui Nguhi,,27052355,ENGINEER,Milka,16000,9/15/2026,ENGINEER BRANCH DISBURSEMENT & OLB Report (1) (3).csv
Rodah Ngarari,725559308,,Unknown,Peter,5000,21/7/2026,JULY DISBURSEMENT (5).csv
Margaret Mugo,721572161,,Unknown,Peter,15000,13/7/2026,JULY DISBURSEMENT (5).csv
Fredrick Odionyi,,26744903,ENGINEER,Ann,20000,9/22/2026,ENGINEER BRANCH DISBURSEMENT & OLB Report (1) (3).csv
Samuel Ruhangi Mwangi,,12417467,ENGINEER,Milka,8000,9/17/2026,ENGINEER BRANCH DISBURSEMENT & OLB Report (1) (3).csv
James Kaboro,703915750,,Unknown,Peter,7000,6/7/2026,JULY DISBURSEMENT (5).csv
Jane Wanjiku Macharia,,25486582,ENGINEER,Milka,10000,9/23/2026,ENGINEER BRANCH DISBURSEMENT & OLB Report (1) (3).csv
Gladwel Thindi,727387416,,Unknown,Carol,12000,21/7/2026,JULY DISBURSEMENT (5).csv
Monica Wambui Nguku,0798258604,8060028,ENGINEER,,,,ENGINEER BRANCH DISBURSEMENT & OLB Report (1) (3) (1).csv
Lawrence Wanjala,701728665,,Unknown,Cate,7000,21/7/2026,JULY DISBURSEMENT (5).csv
Beatrice Nyambura Mwangi,,27307693,ENGINEER,Ann,8000,10/2/2026,ENGINEER BRANCH DISBURSEMENT & OLB Report (1) (3).csv
Mose Bahati Bevlyne,,32739955,ENGINEER,Ann Wangari Rigio,20000,9/9/2026,ENGINEER BRANCH DISBURSEMENT & OLB Report (1) (3).csv
Alice Naserian,758991413,,Unknown,Cate,9000,13/7/2026,JULY DISBURSEMENT (5).csv
Francis Njinju,704424647,,Unknown,Carol,10000,6/7/2026,JULY DISBURSEMENT (5).csv
Pauline Kamau,708448209,,Unknown,Cate,10000,29/7/2026,JULY DISBURSEMENT (5).csv
Peter Kibiru,794861894,,Unknown,Cate,10000,6/7/2026,JULY DISBURSEMENT (5).csv
John Musyoka Kamene,,28726796,ENGINEER,Ann,12000,9/15/2026,ENGINEER BRANCH DISBURSEMENT & OLB Report (1) (3).csv
Mary Njoki,727698567,,Unknown,Cate,18000,8/7/2026,JULY DISBURSEMENT (5).csv
Teresiah Nduta Gitau,0717160355,26903488,ENGINEER,,,,ENGINEER BRANCH DISBURSEMENT & OLB Report (1) (3) (1).csv
Simon Mtigiugu,798632927,,Unknown,Peter,10000,13/6/2026,JULY DISBURSEMENT (5).csv
Mose Bahati Bevlyne(Repeat),0711670920,32739955,ENGINEER,,,,ENGINEER BRANCH DISBURSEMENT & OLB Report (1) (3) (1).csv
Paul Kariuki Wangaru,,13882897,ENGINEER,Ann,20000,9/10/2026,ENGINEER BRANCH DISBURSEMENT & OLB Report (1) (3).csv
Margaret Moraa Kirera,,21143242,ENGINEER,Ann,10000,9/15/2026,ENGINEER BRANCH DISBURSEMENT & OLB Report (1) (3).csv
Sarah Nderitu,715706681,,Unknown,Peter,20000,22/7/2026,JULY DISBURSEMENT (5).csv
Mose Bahati Bevlyne(Repeat),,32739955,ENGINEER,Ann,20000,9/28/2026,ENGINEER BRANCH DISBURSEMENT & OLB Report (1) (3).csv
Alice Ngugi,729144308,,Unknown,Carol,12000,21/7/2026,JULY DISBURSEMENT (5).csv
Mirriam Wanjiku Gitonga,0725714984,20196938,ENGINEER,,,,ENGINEER BRANCH DISBURSEMENT & OLB Report (1) (3) (1).csv
Lydiah Gathura,748586361,,Unknown,Carol,5000,17/7/2026,JULY DISBURSEMENT (5).csv
Josphat Kamanu,724701702,,Unknown,Cate,12000,29/7/2026,JULY DISBURSEMENT (5).csv
Paul Kariuki Wangaru,0741724262,13882897,ENGINEER,,,,ENGINEER BRANCH DISBURSEMENT & OLB Report (1) (3) (1).csv
Mercy Muthoni,769261515,,Unknown,Peter,10000,1/7/2026,JULY DISBURSEMENT (5).csv
Tabitha Wangari Ndiro,0794080835,39262726,ENGINEER,,,,ENGINEER BRANCH DISBURSEMENT & OLB Report (1) (3) (1).csv
Francis Waweru Wang'ombe,0721179725,33439693,ENGINEER,,,,ENGINEER BRANCH DISBURSEMENT & OLB Report (1) (3) (1).csv
Teresa Wanjiku Nyaguthii,,21791345,ENGINEER,Ann Wangari Rigio,15000,9/4/2026,ENGINEER BRANCH DISBURSEMENT & OLB Report (1) (3).csv
Catherine Wachuka Kariuki,0722572202,7028707,ENGINEER,,,,ENGINEER BRANCH DISBURSEMENT & OLB Report (1) (3) (1).csv
Teresa Wanjiku Nyaguthii (REPEAT),0716872853,21791345,ENGINEER,,,,ENGINEER BRANCH DISBURSEMENT & OLB Report (1) (3) (1).csv
Samuel Ruhangi Mwangi,0722610107,12417467,ENGINEER,,,,ENGINEER BRANCH DISBURSEMENT & OLB Report (1) (3) (1).csv
John Maingi,724712026,,Unknown,Cate,12000,20/7/2026,JULY DISBURSEMENT (5).csv
Susyline Mukomune,723495587,,Unknown,Carol,15000,6/7/2026,JULY DISBURSEMENT (5).csv
Leah Kanyango,721950008,,Unknown,Peter,7000,28/7/2026,JULY DISBURSEMENT (5).csv
Pierra Makena,740854760,,Nyahururu,Damaris,12000,2/10/2026,OCTOBER DISBURSEMENT NYAHURURU.csv
Susan Wambui Matu,,26214022,ENGINEER,Ann,15000,9/15/2026,ENGINEER BRANCH DISBURSEMENT & OLB Report (1) (3).csv
Ambrosia Wanja Mwangi,,11082073,ENGINEER,Milka,10000,9/15/2026,ENGINEER BRANCH DISBURSEMENT & OLB Report (1) (3).csv
Lucy Nanbaiyaiye,716331062,,Unknown,Carol,5000,3/7/2026,JULY DISBURSEMENT (5).csv
Susan Wambui Matu,0715155936,26214022,ENGINEER,,,,ENGINEER BRANCH DISBURSEMENT & OLB Report (1) (3) (1).csv
Everlyne Atieno Ochieng,0706200790,315103,ENGINEER,,,,ENGINEER BRANCH DISBURSEMENT & OLB Report (1) (3) (1).csv
Patrick Mathenge Wachira,,13212667,ENGINEER,Ann,10000,9/17/2026,ENGINEER BRANCH DISBURSEMENT & OLB Report (1) (3).csv
Beatrice Nyambura Mwangi,0726601789,27307693,ENGINEER,,,,ENGINEER BRANCH DISBURSEMENT & OLB Report (1) (3) (1).csv
Teresa Wanjiku Nyaguthii,0716872853,21791345,ENGINEER,,,,ENGINEER BRANCH DISBURSEMENT & OLB Report (1) (3) (1).csv
Naomi Wanjiru Njuguna,0701890277,28102915,ENGINEER,,,,ENGINEER BRANCH DISBURSEMENT & OLB Report (1) (3) (1).csv
George Njuguna,710733293,,Nyahururu,Carol,7000,2/10/2026,OCTOBER DISBURSEMENT NYAHURURU.csv
Esther kimani,719700664,,Nyahururu,Joseph,7000,2/10/2026,OCTOBER DISBURSEMENT NYAHURURU.csv
Damaris Wairimu Mwangi,0791508489,31012591,ENGINEER,,,,ENGINEER BRANCH DISBURSEMENT & OLB Report (1) (3) (1).csv
Peter Maina Mworia,,21905797,ENGINEER,Milka,10000,9/29/2026,ENGINEER BRANCH DISBURSEMENT & OLB Report (1) (3).csv
Patrick Mathenge Wachira,0743201965,13212667,ENGINEER,,,,ENGINEER BRANCH DISBURSEMENT & OLB Report (1) (3) (1).csv
Jane Njeri Wanjiku,0119675041,42233463,ENGINEER,,,,ENGINEER BRANCH DISBURSEMENT & OLB Report (1) (3) (1).csv
Paulina Kipkurui,700132036,,Unknown,Carol,5000,10/7/2026,JULY DISBURSEMENT (5).csv
Charity Mwangi,724210636,,Unknown,Cate,7000,22/7/2026,JULY DISBURSEMENT (5).csv
Samuel Muya,725380367,,Unknown,Cate,10000,17/7/2026,JULY DISBURSEMENT (5).csv
Margaret Nyambura Mugekenyi,,24034006,ENGINEER,Ann,8000,9/17/2026,ENGINEER BRANCH DISBURSEMENT & OLB Report (1) (3).csv
Leah Wanjiru Waweru,0142165052,9815102,ENGINEER,,,,ENGINEER BRANCH DISBURSEMENT & OLB Report (1) (3) (1).csv
Catherine Muchoki,792612031,,Unknown,Carol,7000,24/7/2026,JULY DISBURSEMENT (5).csv
Grace Mugure Macharia,0116606404,32517912,ENGINEER,,,,ENGINEER BRANCH DISBURSEMENT & OLB Report (1) (3) (1).csv
Jane Njeri Wanjiku (repeat),0119675041,42233463,ENGINEER,,,,ENGINEER BRANCH DISBURSEMENT & OLB Report (1) (3) (1).csv
Ann Karua,714734249,,Unknown,Peter,7000,9/7/2026,JULY DISBURSEMENT (5).csv
Doris Mwiti,704746868,,Nyahururu,Peter,7000,3/10/2026,OCTOBER DISBURSEMENT NYAHURURU.csv
Abigael Gichemba Noah (REPEAT),0746130036,32798367,ENGINEER,,,,ENGINEER BRANCH DISBURSEMENT & OLB Report (1) (3) (1).csv
Jackson Njogu Ndekei,0758457833,33003036,ENGINEER,,,,ENGINEER BRANCH DISBURSEMENT & OLB Report (1) (3) (1).csv
Jane Ngata,743647697,,Unknown,Peter,7000,9/7/2026,JULY DISBURSEMENT (5).csv
Nelson Mwangi Kirima,0791724230,22118116,ENGINEER,,,,ENGINEER BRANCH DISBURSEMENT & OLB Report (1) (3) (1).csv
Grace Mugure Macharia,,32517912,ENGINEER,Milka,10000,9/25/2026,ENGINEER BRANCH DISBURSEMENT & OLB Report (1) (3).csv
Lucy Munene,720813561,,Unknown,Carol,19000,27/7/2026,JULY DISBURSEMENT (5).csv
Teresiah Nduta Gitau,,26903488,ENGINEER,Milka,10000,9/18/2026,ENGINEER BRANCH DISBURSEMENT & OLB Report (1) (3).csv
Samuel Kahura Kabiro,,20473278,ENGINEER,Milka,7000,9/10/2026,ENGINEER BRANCH DISBURSEMENT & OLB Report (1) (3).csv
Beth Kiarie,705757348,,Unknown,Peter,7000,24/7/2026,JULY DISBURSEMENT (5).csv
Magdaline Karuri,723364504,,Unknown,Carol,12000,24/7/2026,JULY DISBURSEMENT (5).csv
George Ndirangu,711382851,,Unknown,cate,5000,29/7/2026,JULY DISBURSEMENT (5).csv
Robinson Kariuki,790082214,,Unknown,Peter,7000,21/7/2026,JULY DISBURSEMENT (5).csv
Mary Maina,110724989,,Unknown,Peter,5000,24/7/2026,JULY DISBURSEMENT (5).csv
Magdaline Wacera,707143090,,Unknown,Peter,7000,24/7/2026,JULY DISBURSEMENT (5).csv
Josphine Wanjiru Mbae,,9504030,ENGINEER,Ann,20000,9/11/2026,ENGINEER BRANCH DISBURSEMENT & OLB Report (1) (3).csv
Esther Gathoni Chege,,25476433,ENGINEER,Milka,20000,9/22/2026,ENGINEER BRANCH DISBURSEMENT & OLB Report (1) (3).csv
Leonard Mwai,723849109,,Unknown,Carol,10000,21/7/2026,JULY DISBURSEMENT (5).csv
Lydia Kamau,701035799,,Unknown,Peter,12000,14/7/2026,JULY DISBURSEMENT (5).csv
Monica Wanjiru,0706815518,25532121,ENGINEER,,,,ENGINEER BRANCH DISBURSEMENT & OLB Report (1) (3) (1).csv
Hannah Muraguri,746405759,,Unknown,Cate,8000,6/7/2026,JULY DISBURSEMENT (5).csv
Harun Ngunjita,707029040,,Unknown,Peter,20000,23/7/2026,JULY DISBURSEMENT (5).csv
Nelson Mwangi Kirima,,22118116,ENGINEER,Ann,20000,9/25/2026,ENGINEER BRANCH DISBURSEMENT & OLB Report (1) (3).csv
Jane Njeri Wanjiku (repeat),,42233463,ENGINEER,Ann,10000,9/11/2026,ENGINEER BRANCH DISBURSEMENT & OLB Report (1) (3).csv
Mary Muchiri,713944872,,Unknown,Carol,7000,3/7/2026,JULY DISBURSEMENT (5).csv
Jacob Koech,724442266,,Unknown,Cate,15000,23/7/2026,JULY DISBURSEMENT (5).csv
Sarah Muthoni Wanjiru,,27774973,ENGINEER,Ann,15000,9/15/2026,ENGINEER BRANCH DISBURSEMENT & OLB Report (1) (3).csv
Jane Wanjiru Njogu,746811444,,Unknown,Carol,8000,9/7/2026,JULY DISBURSEMENT (5).csv
Samuel Gichia,702028822,,Unknown,Peter,10000,30/7/2026,JULY DISBURSEMENT (5).csv
John Mirara Muthoga,,22372303,ENGINEER,Ann,30000,9/18/2026,ENGINEER BRANCH DISBURSEMENT & OLB Report (1) (3).csv
Evalyne Wanjiru Gichuhi,,28599488,ENGINEER,Milka,10000,9/17/2026,ENGINEER BRANCH DISBURSEMENT & OLB Report (1) (3).csv
Mercy Nyambura Maina,,27492006,ENGINEER,Milka,15000,9/18/2026,ENGINEER BRANCH DISBURSEMENT & OLB Report (1) (3).csv
Esther Njambi Numera,,26869225,ENGINEER,Ann,15000,9/22/2026,ENGINEER BRANCH DISBURSEMENT & OLB Report (1) (3).csv
Penina Mathenge,748261697,,Unknown,Carol,7000,13/7/2026,JULY DISBURSEMENT (5).csv
Martha Wambui Mwangi,,21496227,ENGINEER,Ann Wangari Rigio,10000,9/7/2026,ENGINEER BRANCH DISBURSEMENT & OLB Report (1) (3).csv
Josphat Gitonga,748310063,,Unknown,Carol,10000,24/7/2026,JULY DISBURSEMENT (5).csv
Esther Njambi Numera,0720323442,26869225,ENGINEER,,,,ENGINEER BRANCH DISBURSEMENT & OLB Report (1) (3) (1).csv
Agnes Machua,724446422,,Unknown,Peter,5000,6/7/2026,JULY DISBURSEMENT (5).csv
Simon Loter,791933445,,Nyahururu,Damaris,7000,2/10/2026,OCTOBER DISBURSEMENT NYAHURURU.csv
Francis Waweru Wang'ombe,,33439693,ENGINEER,Milka,10000,9/10/2026,ENGINEER BRANCH DISBURSEMENT & OLB Report (1) (3).csv
Serah Nganga,724164082,,Unknown,Cate,8000,3/7/2026,JULY DISBURSEMENT (5).csv
Zipporah Muriithi,700480519,,Unknown,Cate,7000,7/6/2026,JULY DISBURSEMENT (5).csv
Priscillah Nyambura Mutonya (REPEAT),,25467679,ENGINEER,Ann,10000,9/28/2026,ENGINEER BRANCH DISBURSEMENT & OLB Report (1) (3).csv
Mercy Nyambura Maina,0705110957,27492006,ENGINEER,,,,ENGINEER BRANCH DISBURSEMENT & OLB Report (1) (3) (1).csv
Sarah Muthoni Wanjiru,0795042054,27774973,ENGINEER,,,,ENGINEER BRANCH DISBURSEMENT & OLB Report (1) (3) (1).csv
Serah Muthura,725818764,,Nyahururu,Damaris,8000,2/10/2026,OCTOBER DISBURSEMENT NYAHURURU.csv
Monica Wanjiru,,25532121,ENGINEER,Milka,10000,9/28/2026,ENGINEER BRANCH DISBURSEMENT & OLB Report (1) (3).csv
Tabitha Wangari Kimani,,26275607,ENGINEER,Milka,10000,9/28/2026,ENGINEER BRANCH DISBURSEMENT & OLB Report (1) (3).csv
Elizabeth Romero,792049781,,Unknown,Carol,7000,16/7/2026,JULY DISBURSEMENT (5).csv
Daisy Rotich,705557044,,Unknown,Cate,5000,8/7/2026,JULY DISBURSEMENT (5).csv
Naomi Wanjiru Njuguna,,28102915,ENGINEER,Ann,10000,9/22/2026,ENGINEER BRANCH DISBURSEMENT & OLB Report (1) (3).csv
Margaret Muchemi,700430558,27744743,Nyahururu,Damaris,7000,2/10/2026,OCTOBER DISBURSEMENT NYAHURURU.csv
Maureen Kagwora,723858169,,Unknown,Carol,5000,28/7/2026,JULY DISBURSEMENT (5).csv
Jane Njeri Wanjiku,,42233463,ENGINEER,Ann,10000,9/11/2026,ENGINEER BRANCH DISBURSEMENT & OLB Report (1) (3).csv
John Mwangi,720241837,,Unknown,Peter,10000,16/7/2026,JULY DISBURSEMENT (5).csv
Hellen Maina,712876987,,Unknown,Cate,7000,6/7/2026,JULY DISBURSEMENT (5).csv
Bancy Waweru,710540080,,Unknown,Carol,20000,6/7/2026,JULY DISBURSEMENT (5).csv
Mary Njeri Kimani,0710807679,25221358,ENGINEER,,,,ENGINEER BRANCH DISBURSEMENT & OLB Report (1) (3) (1).csv
Harriet Kibuchi,757723589,,Unknown,Cate,5000,27/7/2026,JULY DISBURSEMENT (5).csv
Diana Kageha,769409406,,Unknown,Peter,9000,14/7/2026,JULY DISBURSEMENT (5).csv
Evalyne Mugure Mwaura,,41394930,ENGINEER,Ann,10000,9/15/2026,ENGINEER BRANCH DISBURSEMENT & OLB Report (1) (3).csv
Jennifer Samuel,725709459,,Unknown,Carol,7000,8/7/2026,JULY DISBURSEMENT (5).csv
Everlyne Atieno Ochieng,,31510377,ENGINEER,Ann,10000,9/11/2026,ENGINEER BRANCH DISBURSEMENT & OLB Report (1) (3).csv
Elizabeth Nyambura Gitau,0716589853,27860175,ENGINEER,,,,ENGINEER BRANCH DISBURSEMENT & OLB Report (1) (3) (1).csv
Ann Njoki Njanja,0798733681,36160319,ENGINEER,,,,ENGINEER BRANCH DISBURSEMENT & OLB Report (1) (3) (1).csv
Abigael Gichemba Noah (REPEAT),,32798367,ENGINEER,Ann,20000,9/29/2026,ENGINEER BRANCH DISBURSEMENT & OLB Report (1) (3).csv
Virginia wairimu,718871498,,Unknown,Peter,5000,14/7/2026,JULY DISBURSEMENT (5).csv
Alice Wairimu,715068622,,Nyahururu,Damaris,7000,2/10/2026,OCTOBER DISBURSEMENT NYAHURURU.csv
Sarah Ndungu,706439225,,Unknown,Carol,10000,21/7/2026,JULY DISBURSEMENT (5).csv
Rahab Wanjiku Kimani,0704919175,5751111,ENGINEER,,,,ENGINEER BRANCH DISBURSEMENT & OLB Report (1) (3) (1).csv
Salome Njeri Mbuthia,,28382916,ENGINEER,Milka,10000,9/22/2026,ENGINEER BRANCH DISBURSEMENT & OLB Report (1) (3).csv
Susan Mburu,791842906,,Unknown,Carol,10000,13/7/2026,JULY DISBURSEMENT (5).csv
Rahab Wanjiku Kimani,,5751111,ENGINEER,Ann,15000,9/17/2026,ENGINEER BRANCH DISBURSEMENT & OLB Report (1) (3).csv
Janet Koech,795884457,,Nyahururu,Damaris,7000,2/10/2026,OCTOBER DISBURSEMENT NYAHURURU.csv
Tabitha Wangari Kimani,0715484117,26275607,ENGINEER,,,,ENGINEER BRANCH DISBURSEMENT & OLB Report (1) (3) (1).csv
Teresa Wanjiku Nyaguthii (REPEAT),,21791345,ENGINEER,Ann,15000,9/15/2026,ENGINEER BRANCH DISBURSEMENT & OLB Report (1) (3).csv
Ann Njoroge,715747806,,Unknown,Peter,7000,6/7/2026,JULY DISBURSEMENT (5).csv
Teresiah Wanjiru Kanyi,,2950435,ENGINEER,Milka,10000,9/15/2026,ENGINEER BRANCH DISBURSEMENT & OLB Report (1) (3).csv
Priscillah Nyambura Mutonya,0715885492,25467679,ENGINEER,,,,ENGINEER BRANCH DISBURSEMENT & OLB Report (1) (3) (1).csv
Judy Gitau,722527858,,Unknown,Cate,7000,15/7/2026,JULY DISBURSEMENT (5).csv
Jane Wanjiku Macharia,0721307339,25486582,ENGINEER,,,,ENGINEER BRANCH DISBURSEMENT & OLB Report (1) (3) (1).csv
Mirriam Wanjiku Gitonga,,20196938,ENGINEER,Milkah Wagaki Kihara,8000,9/9/2026,ENGINEER BRANCH DISBURSEMENT & OLB Report (1) (3).csv
Abigael Gichemba Noah,,32798367,ENGINEER,Ann Wangari Rigio,20000,9/9/2026,ENGINEER BRANCH DISBURSEMENT & OLB Report (1) (3).csv
Josphine Wanjiru Mbae,0706414682,9504030,ENGINEER,,,,ENGINEER BRANCH DISBURSEMENT & OLB Report (1) (3) (1).csv
Ambrosia Wanja Mwangi,0721422565,11082073,ENGINEER,,,,ENGINEER BRANCH DISBURSEMENT & OLB Report (1) (3) (1).csv
Beatrice  Achoto,795314749,,Nyahururu,Carol,7000,3/10/2026,OCTOBER DISBURSEMENT NYAHURURU.csv
Salome Njeri Mbuthia,0710359610,28382916,ENGINEER,,,,ENGINEER BRANCH DISBURSEMENT & OLB Report (1) (3) (1).csv
Abigael Gichemba Noah,0746130036,32798367,ENGINEER,,,,ENGINEER BRANCH DISBURSEMENT & OLB Report (1) (3) (1).csv
David Ngugi,723113511,,Unknown,Cate,7000,3/7/2026,JULY DISBURSEMENT (5).csv
Margaret Nyambura Mugekenyi,0113017122,24034006,ENGINEER,,,,ENGINEER BRANCH DISBURSEMENT & OLB Report (1) (3) (1).csv
Peter Mbugua,721356359,,Unknown,Cate,15000,28/7/2026,JULY DISBURSEMENT (5).csv
Esther Kahihia,722655548,,Unknown,Carol,8000,21/7/2026,JULY DISBURSEMENT (5).csv
Daniel Wambui,728981668,,Nyahururu,Damaris,7000,3/10/2026,OCTOBER DISBURSEMENT NYAHURURU.csv
Gladys Hiuko,715709400,,Unknown,Carol,7000,22/7/2026,JULY DISBURSEMENT (5).csv
Samuel Kahura Kabiro,0725940977,20473278,ENGINEER,,,,ENGINEER BRANCH DISBURSEMENT & OLB Report (1) (3) (1).csv
Teresiah Wanjiru Kanyi,0729296712,2950435,ENGINEER,,,,ENGINEER BRANCH DISBURSEMENT & OLB Report (1) (3) (1).csv
Damaris Wairimu Mwangi,,31012591,ENGINEER,Milka,10000,9/25/2026,ENGINEER BRANCH DISBURSEMENT & OLB Report (1) (3).csv
Anthony Muthoni,724479261,,Unknown,Peter,8000,3/7/2026,JULY DISBURSEMENT (5).csv
Margaret Wathiegeni,115480067,,Unknown,Peter,5000,16/7/2026,JULY DISBURSEMENT (5).csv
Lucy Karanja,703418234,,Unknown,Peter,7000,28/7/2026,JULY DISBURSEMENT (5).csv
Caroline kimuhu,758849257,,Unknown,Peter,8000,27/7/2026,JULY DISBURSEMENT (5).csv
Godfrey Mugo,715365131,,Unknown,Cate,10000,7/7/2026,JULY DISBURSEMENT (5).csv
Sera Wanjiku Mwangi,,11729390,ENGINEER,Milka,15000,9/15/2026,ENGINEER BRANCH DISBURSEMENT & OLB Report (1) (3).csv
Elizabeth Nyambura Gitau,,27860175,ENGINEER,Ann,10000,9/22/2026,ENGINEER BRANCH DISBURSEMENT & OLB Report (1) (3).csv
Mercy Macharia,715228494,,Unknown,Peter,10000,13/7/2026,JULY DISBURSEMENT (5).csv
Purity Kuria,769573260,,Unknown,Carol,10000,16/7/2026,JULY DISBURSEMENT (5).csv
Tabitha Wangari Ndiro,,39262726,ENGINEER,Ann,10000,9/17/2026,ENGINEER BRANCH DISBURSEMENT & OLB Report (1) (3).csv
Faith Njogu,710918080,,Unknown,Cate,7000,15/7/2026,JULY DISBURSEMENT (5).csv
Ann Njoki Njanja,,36160319,ENGINEER,Ann,10000,9/28/2026,ENGINEER BRANCH DISBURSEMENT & OLB Report (1) (3).csv
Martha Wambui Mwangi,0713404733,21496227,ENGINEER,,,,ENGINEER BRANCH DISBURSEMENT & OLB Report (1) (3) (1).csv
Beatrice Njaramba,799173612,,Unknown,Peter,10000,15/7/2026,JULY DISBURSEMENT (5).csv
John Musyoka Kamene,0707420132,28726796,ENGINEER,,,,ENGINEER BRANCH DISBURSEMENT & OLB Report (1) (3) (1).csv
Lucia Macharia,715390575,,Unknown,Carol,12000,24/7/2026,JULY DISBURSEMENT (5).csv
Evalyne Wanjiru Gichuhi,0727633627,28599488,ENGINEER,,,,ENGINEER BRANCH DISBURSEMENT & OLB Report (1) (3) (1).csv
Jackson Njogu Ndekei,,33003036,ENGINEER,Milka,10000,9/22/2026,ENGINEER BRANCH DISBURSEMENT & OLB Report (1) (3).csv
Margaret Moraa Kirera,0728843845,21143242,ENGINEER,,,,ENGINEER BRANCH DISBURSEMENT & OLB Report (1) (3) (1).csv
Tabitha Wachira,704825688,,Unknown,Carol,7000,29/7/2026,JULY DISBURSEMENT (5).csv
Monica Wambui Nguku,,8060028,ENGINEER,Milka,7000,10/2/2026,ENGINEER BRANCH DISBURSEMENT & OLB Report (1) (3).csv
Fridah Maluki,711312215,,Unknown,Carol,12000,13/7/2026,JULY DISBURSEMENT (5).csv
Priscillah Nyambura Mutonya (REPEAT),0715885492,25467679,ENGINEER,,,,ENGINEER BRANCH DISBURSEMENT & OLB Report (1) (3) (1).csv
Joyce Kesses,718659733,,Unknown,Carol,7000,29/7/2026,JULY DISBURSEMENT (5).csv
Faith Muturi,721318231,,Unknown,Carol,7000,7/7/2026,JULY DISBURSEMENT (5).csv
Esther Gathoni Chege,0724706953,25476433,ENGINEER,,,,ENGINEER BRANCH DISBURSEMENT & OLB Report (1) (3) (1).csv
Priscillah Nyambura Mutonya,,25467679,ENGINEER,Ann Wangari Rigio,10000,9/4/2026,ENGINEER BRANCH DISBURSEMENT & OLB Report (1) (3).csv
Lukas kabui,759900772,,Unknown,Peter,7000,15/7/2026,JULY DISBURSEMENT (5).csv
Glagys Waweru,717622386,,Unknown,Peter,12000,22/7/2026,JULY DISBURSEMENT (5).csv
Mary Njeri Kimani,,25221358,ENGINEER,Ann,20000,9/15/2026,ENGINEER BRANCH DISBURSEMENT & OLB Report (1) (3).csv
Leah Wanjiru Waweru,,9815102,ENGINEER,Milka,12000,9/29/2026,ENGINEER BRANCH DISBURSEMENT & OLB Report (1) (3).csv
Peter Maina Mworia,0703560538,21905797,ENGINEER,,,,ENGINEER BRANCH DISBURSEMENT & OLB Report (1) (3) (1).csv
Margaret Lomitir,740548417,,Unknown,Carol,5000,7/7/2026,JULY DISBURSEMENT (5).csv
Anthony Munene,714076538,,Unknown,Cate,10000,14/7/2026,JULY DISBURSEMENT (5).csv
Sera Wanjiku Mwangi,0715072434,11729390,ENGINEER,,,,ENGINEER BRANCH DISBURSEMENT & OLB Report (1) (3) (1).csv
John Mirara Muthoga,0720141895,22372303,ENGINEER,,,,ENGINEER BRANCH DISBURSEMENT & OLB Report (1) (3) (1).csv
Benson Wahome,748485559,,Unknown,Peter,7000,22/7/2026,JULY DISBURSEMENT (5).csv
Evalyne Mugure Mwaura,0713068523,41394930,ENGINEER,,,,ENGINEER BRANCH DISBURSEMENT & OLB Report (1) (3) (1).csv
Sera Muringa Ruoro,,24633265,ENGINEER,Milka,8000,10/2/2026,ENGINEER BRANCH DISBURSEMENT & OLB Report (1) (3).csv
Hannah Nyaguthii,,24938672,ENGINEER,Ann,15000,9/18/2026,ENGINEER BRANCH DISBURSEMENT & OLB Report (1) (3).csv
Lucy Wachira,707492014,,Unknown,Cate,8000,17/7/2026,JULY DISBURSEMENT (5).csv
Daniel Gitau,794416300,,Unknown,Peter,5000,16/7/2026,JULY DISBURSEMENT (5).csv
Simon Kinyanjui Nguhi,0741304619,27052355,ENGINEER,,,,ENGINEER BRANCH DISBURSEMENT & OLB Report (1) (3) (1).csv
Diana Kajuju,742282927,,Unknown,Carol,10000,21/7/2026,JULY DISBURSEMENT (5).csv
Catherine Wachuka Kariuki,,7028707,ENGINEER,Milka,15000,9/23/2026,ENGINEER BRANCH DISBURSEMENT & OLB Report (1) (3).csv
Sera Muringa Ruoro,0740897616,24633265,ENGINEER,,,,ENGINEER BRANCH DISBURSEMENT & OLB Report (1) (3) (1).csv
Mose Bahati Bevlyne,0711670920,32739955,ENGINEER,,,,ENGINEER BRANCH DISBURSEMENT & OLB Report (1) (3) (1).csv
Fredrick Odionyi,0723294698,26744903,ENGINEER,,,,ENGINEER BRANCH DISBURSEMENT & OLB Report (1) (3) (1).csv
Mary Kariuki,707655312,,Unknown,Cate,10000,27/7/2026,JULY DISBURSEMENT (5).csv
Hannah Nyaguthii,0716838439,24938672,ENGINEER,,,,ENGINEER BRANCH DISBURSEMENT & OLB Report (1) (3) (1).csv
Esther Gachigiri,795157747,,Unknown,Peter,7000,24/7/2026,JULY DISBURSEMENT (5).csv
