"Month Disbursed","Disbursement Date","Client Name","Client Contact","Client ID","Guarantor Name","Guarantor Contact","Guarantor ID","Amount Disbursed","Repayment Period","Processing Fees","Interest","OLB","Weekly Installment","Total Payments","Total Loan Balance","Loan Officer","Loan Product"
"May","15/5/2026","Mary Chege","254727833081","","Damaris King'ori","254721760596","15000","15000","6WEEKS","500","4500","19500","3250","","19500","Nancy","Vuka (6 Wks)"
"June","4/6/2026","Grace Muraya","2547011257897","","Tabitha Kibuu","254704781632","4Weeks","5000","4Weeks","500","1000","6000","1500","","4500","PETER","Karibu (4 Wks)"
"June","4/6/2026","fredrick Kihomge","254794206919","","Henry Maina","254745034146","6WEEKS","9000","6WEEKS","500","3000","12000","1950","","3520","Carol","Daraja (6 Wks)"
"June","6-May","Fridah Nairia","254740326857","","Jeniffer Anana","254718825740","6WEEKS","7000","6WEEKS","500","3000","10000","1516.67","","6935","Peter","Daraja (6 Wks)"
"June","5/6/2026","Monicah Amondi","254711124852","","Mary Maina","254110723989","6 weeks","7000","6 weeks","500","3000","10000","1516.67","","1667","Peter","Daraja (6 Wks)"
"June","12/6/2026","Esther Wanjohi","254759831343","","Frida Mahiga","254722715234","6weeks","7000","6weeks","500","3000","10000","1516.67","","6668","Carol","Daraja (6 Wks)"
"June","12/6/2026","Susan Modo","254721991675","","Lucy Nambayaiye","254716331062","6Weeks","7000","6Weeks","500","3000","10000","1516.67","","2401","Carol","Daraja (6 Wks)"
"June","16/6/2026","Tabitha Njenga ","254796291816","","Douglas Njenga","254759522005","6 weeks","7000","6 weeks","500","3000","10000","1516.67","","2001","Carol","Daraja (6 Wks)"
"June","17/6/2026","Monica Gatheca","254741227923","","Benson Wacihi","254757960463","6Weeks","7000","6Weeks","500","3000","10000","1516.67","","8333","Carol","Daraja (6 Wks)"
"June","17/6/2026","Nancy Gatwiri","254715924520","","Eunice Kendi","254114625557","6 Weeks","7000","6 Weeks","500","3000","10000","1516.67","","8333","Peter","Daraja (6 Wks)"
"June","18/6/2026","Justus Ndungu","254725718918","","Beatrice Wambugu","254711856758","6weeks","9000","6weeks","500","3000","11000","1950","","2000","Nancy","Daraja (6 Wks)"
"June","25/6/2026","Alice Wanjiru","758372505","","Margaret Wangari","254","10000","10,000","6WEEKS","500","3,000","13,000","2166.67","","10833","Carol","Daraja (6 Wks)"
"June","29/6/2026","Lucy Gathondu","705851219","","milka wangai","742242993","4weeks","7000","4weeks","500","2000","9000","2100","","4500","Peter","Daraja (4 Wks)"
"July","3/7/2026","Mary Muchiri","713944872","","Jecinta Wambui","","6weeks","7000","6weeks","500","3000","10000","1516.67","","5468","Carol","Daraja (6 Wks)"
"July","6/7/2026","Caroline Ngugi","743725400","","Nancy Mukami","","6weeks","7000","6weeks","500","3000","10000","1516.67","","1000","Peter","Daraja (6 Wks)"
"July","7/7/2026","Elizabeth Gachathi","114732234","","Rose Gachathi","","14000","15000","6weeks","500","4500","19500","3250","","5410","Cate","Vuka (6 Wks)"
"July","8/7/2026","Daisy Rotich","705557044","","Sharon Amolo","","4weeks","5000","4weeks","500","1000","6000","1500","","1000","Cate","Karibu (4 Wks)"
"July","8/7/2026","Rahab Njambi","746194202","","Catherine Maina","","5000","7000","6weeks","500","3000","10000","1516.67","","5001","Peter","Daraja (6 Wks)"
"July","9/7/2026","Purity Mwangi","746999243","","Jane Nyambura","","6weeks","10000","6weeks","500","3000","13000","2166.67","","4334","Carol","Daraja (6 Wks)"
"July","13/7/2026","Penina Mathenge","748261697","","Ruth Ndungu","","6weeks","7000","6weeks","500","3000","10000","1516.67","","295","Carol","Daraja (6 Wks)"
"July","15/7/2026","Faith Njogu","710918080","","Lilian Gathigia","","6weeks","7000","6weeks","500","3000","10000","1516.67","","5668","Cate","Daraja (6 Wks)"
"July","22/7/2026","Lucy Nyoro","717796794","","Susan Mburu","","108798026","10000","6weeks","500","3000","13000","2166.67","","667","Carol","Daraja (6 Wks)"
"July","23/7/2026","Lucy Nanbaiyaiye","716331062","","Beth Wachera","","4weeks","5000","4weeks","500","1000","6000","1500","","1400","Carol","Karibu (4 Wks)"
"July","24/7/2026","Magdaline Wacera","707143090","","Veronica Muchiri","","6weeks","7000","6weeks","500","3000","10000","1516.67","","8333","Peter","Daraja (6 Wks)"
"July","24/7/2026","Beth Kiarie","705757348","","Margaret Maina","","6weeks","7000","6weeks","500","3000","10000","1516.67","","2334","Peter","Daraja (6 Wks)"
"July","27/7/2026","Harriet Kibuchi","757723589","","Francis Muchai","","6weeks","5000","4weeks","500","1000","6000","1500","","4500","Cate","Karibu (4 Wks)"
