Month Disbursed,Disbursement Date,Client Name,Client Contact,Client ID,Guarantor Name,Guarantor Contact,Guarantor ID,Amount Disbursed,Repayment Period,Processing Fees,Interest,OLB,Weekly Installment,Total Payments,Total Loan Balance,Loan Officer,Loan Product
September,23/9/2026,Florence Wandaka,714359854,13065475.0,James  Karika,715778506.0,564306086.0,30000,6weeks,1500,10500,40500,6500.0,,33750,Carol,Ngaa (6 Wks)
September,24/9/2026,Micheal Ndege,729823193,25321156.0,Charles Kirugo,717722011.0,,30000,6weeks,1500,10500,40500,6500.0,,33750,Joseph,Ngaa (6 Wks)
September,22/9/2026,Rahab Kabui,711227118,27071216.0,Benson Mwaniki,724382862.0,,30000,6weeks,1500,10500,40500,6500.0,,33750,Joseph,Ngaa (6 Wks)
September,24/9/2026,Harun Nguchita,707029040,25234394.0,Magdaline Maina,707029040.0,25234394.0,20000,6weeks,1400,6000,26000,4333.33,,26000,Peter,wezesha (6 Wks)
September,1/9/2026,Catherine Mbuni,727865456,10892446.0,Hannah Macharia ,726503829.0,,30000,6weeks,1500,10500,40500,6500.0,,25000,Carol,Ngaa (6 Wks)
October,2/10/2026,Lucy Munene,720813561,22860388.0,Cecilia  Mumbua,715426487.0,36275179.0,19000,6weeks,1330,5800,24800,4116.67,,24800,Carol,wezesha (6 Wks)
September,28/9/2026,Agnes Muburi,704163771,22008964.0,Teresiah Gichohi,727306592.0,21631981.0,20000,4weeks,1400,4000,24000,6000.0,,24000,Carol,wezesha (4 Wks)
September,17/9/2026,Sarah Nderitu,715706681,28779840.0,Samuel Maina ,722948117.0,36016810.0,25000,6weeks,1400,9050,34050,5416.67,,22700,Joseph,Paa (6 Wks)
September,29/9/2026,Lydia Kamau,701035799,2308800.0,Ann Mwangi,703322932.0,,15000,6weeks,1050,4500,19500,3250.0,,19500,Peter,Vuka (6 Wks)
September,23/9/2026,Bancy Waweru,711973607,13844462.0,Peter Njoroge,742103835.0,4671412.0,20000,4weeks,1400,4000,20000,6000.0,,18000,Carol,wezesha (4 Wks)
August,24/8/2026,Mary Mwaura,708199244,3558521.0,Norman Macharia,70509057.0,,20000,4weeks,500,4000,24000,6000.0,7000.0,17000,Cate,wezesha (4 Wks)
October,2/10/2026,Pierra Makena,740854760,23647701.0,James Manyara,744847721.0,21148395.0,12000,6weeks,840,3600,15600,2600.0,,15600,Damaris,Vuka (6 Wks)
October,2/10/2026,Diana Kageha,769409406,,Tabitha Wandaka,700469416.0,36041808,12000,4weeks,840,2400,14400,3600.0,,14400,Peter,Vuka (4 Wks)
September,29/9/2026,Glagys Waweru,717622386,,Milka Wanjiku,1088117449.0,21967421.0,12000,4weeks,840,2400,14400,3600.0,,14400,Peter,Vuka (4 Wks)
August,31/8/2026,Margaret Wamai,721142486,25159522.0,Joseph Maina,721794032.0,624110398.0,30000,6weeks,500,10500,40500,6500.0,27000.0,13500,Cate,Ngaa (6 Wks)
October,2/10/2026,Josphat Gitonga,748310063,27436412.0,Simon Mwangi,721425519.0,9812519.0,10000,6weeks,700,3000,13000,2166.67,,13000,Carol,Daraja (6 Wks)
September,25/9/2026,Damaris Kimathi ,728290725,29150143.0,Elizabeth Wangui,714592685.0,2850183.0,12000,6weeks,840,3600,15600,2600.0,,13000,Carol,Vuka (6 Wks)
September,16/9/2026,Hannah Kuria,799871943,13395242.0,Sarah Kuria,742728359.0,30667729.0,12000,6weeks,840,3600,15600,2600.0,,13000,Carol,Vuka (6 Wks)
,,Jecinta Nduta ,769621536,13668008.0,Grace Njuguna ,724544938.0,20781055.0,10000,6weeks,700,3000,13000,2166.67,,13000,Carol,Daraja (6 Wks)
September,21/9/2026,Faith Muturi,721318231,,Eunice Nyambura,705850703.0,20281492.0,12000,6weeks,700,3600,15600,2600.0,,13000,Carol,Vuka (6 Wks)
September,7/9/2026,Esther Jairus,112149690,21334655.0,Lukas Ngugi,759900772.0,39410076.0,20000,6weeks,1400,6000,26000,4333.33,,12998,Carol,wezesha (6 Wks)
September,28/9/2026,Simon Mtigiugu,798632927,,Peter  waititu,720323599.0,,10000,4weeks,700,2000,12000,3000.0,,12000,Peter,Daraja (4 Wks)
September,28/9/2026,John Mwangi,720241837,23912762.0,Monica Njeri,794326731.0,,10000,4weeks,700,2000,12000,3000.0,,12000,Peter,Daraja (4 Wks)
September,17/9/2026,Susyline Mukomunene,723495587,,Joyce Macharia,729417206.0,13211850.0,12000,6weeks,840,3600,15600,2600.0,,11500,Carol,Vuka (6 Wks)
September,28/9/2026,Beth Muiruri,720630896,2219045.0,Martha Wairimu,113244500.0,37183640.0,8000,6weeks,700,3000,11000,1733.33,,11000,Carol,Daraja (6 Wks)
September,28/9/2026,Esther Kahihia,722655548,,Mary Wanjiru,701481316.0,38236905.0,8000,6weeks,700,3000,11000,1733.33,,11000,Carol,Daraja (6 Wks)
September,14/9/2026,Joyce Mwangi,711686002,13844502.0,David Mwangi,757069418.0,,12000,6weeks,840,3600,15600,2600.0,,11000,Joseph,Vuka (6 Wks)
September,21/9/2026,Tabitha Macharia,704244146,25716147.0,Christine Makena,725385232.0,25716147.0,10000,6weeks,700,3000,13000,2166.67,,10833,Damaris,Daraja (6 Wks)
September,16/9/2026,Daniel Ekadeli,7922579608,34260988.0,Paulina Isaka,743748162.0,40090371.0,10000,6weeks,700,3000,13000,2166.67,,10833,Damaris,Daraja (6 Wks)
September,25/9/2026,Mary Kariuki,707655312,31021311.0,Janet Matanu,711346285.0,,10000,6weeks,700,3000,13000,2166.67,,10833,Joseph,Daraja (6 Wks)
September,24/9/2026,Esther Kimari,726683825,26757694.0,Rahab Njambi,746194202.0,25284182.0,10000,6weeks,700,3000,13000,2166.67,,10833,Carol,Daraja (6 Wks)
September,21/9/2026,Samuel Muya ,725380367,7440363.0,Hellen Muiruri,728534959.0,,10000,6weeks,700,3000,13000,2166.67,,10833,Joseph,Daraja (6 Wks)
September,22/9/2026,Alice Ngugi,729144308,23118891.0,Margaret Macharia,700570661.0,42101696.0,10000,6weeks,700,3000,13000,2166.67,,10833,Carol,Daraja (6 Wks)
September,23/9/2026,Leonard Mwai,723849109,10877984.0,Alfred Etale,711237285.0,25788317.0,10000,6weeks,700,3000,13000,2166.67,,10833,Carol,Daraja (6 Wks)
September,25/9/2026,Susan Mburu,791542906,13219284.0,Esther Njoroge,710467216.0,13219284.0,10000,6weeks,700,3000,13000,2166.67,,10833,Carol,Daraja (6 Wks)
September,17/9/2026,Peter Waihenya,712833328,11707589.0,Elizabeth Wangari,792402413.0,,12000,6weeks,840,3600,15600,2600.0,,10400,Joseph,Vuka (6 Wks)
September,14/9/2026,Mary Mwangi,714885607,22023123.0,Simon Mwangi,796216948.0,7665674.0,12000,6weeks,840,3600,15600,2600.0,,10400,Joseph,Vuka (6 Wks)
September,18/9/2026,Godfrey Mugo,715365131,10119342.0,Philis Maina,713543764.0,,12000,6weeks,840,3600,15600,2600.0,,10400,Joseph,Vuka (6 Wks)
September,14/9/2026+A55:A62,Esther Ngugi,710540080,22039462.0,Joyce Njoroge,724066021.0,,12000,6weeks,840,3600,15600,2600.0,,10400,Joseph,Vuka (6 Wks)
October,2/10/2026,James Njuguna,718886595,32820266.0,Joseph Njoroge,726547536.0,22136798,7000,6weeks,700,3000,10000,1516.67,,10000,Peter,Daraja (6 Wks)
October,2/10/2026,George Njuguna,710733293,,Peter Ndungu,742259071.0,348261322.0,7000,6weeks,700,3000,10000,1516.67,,10000,Carol,Daraja (6 Wks)
October,3/10/2026,Marion Karunge,791046162,13394529.0,Ann Waruru,714388690.0,23986067,7000,6weeks,700,3000,10000,1516.67,,10000,Peter,Daraja (6 Wks)
October,2/10/2026,Esther kimani ,719700664,13212790.0,peter kimani ,107748401.0,28519319.0,7000,6weeks,700,3000,10000,1516.67,,10000,Joseph,Daraja (6 Wks)
,,Daniel Wambui,728981668,,Sabina Akope,769325233.0,32435433.0,7000,6weeks,500,3000,10000,1516.67,,10000,Damaris,Daraja (6 Wks)
October,3/10/2026,Beatrice  Achoto,795314749,34385557.0,Jedidah Kamais,726271471.0,31757130.0,7000,6weeks,700,3000,10000,1516.67,,10000,Carol,Daraja (6 Wks)
October,2/10/2026,Janet Koech,795884457,,Regina Lorei,724263450.0,22958472.0,7000,6weeks,700,3000,10000,1516.67,,10000,Damaris,Daraja (6 Wks)
October,2/10/2026,Margaret Muchemi,700430558,27744743.0,Miriam Maina,724225761.0,,7000,6weeks,700,3000,10000,1516.67,,10000,Damaris,Daraja (6 Wks)
October,3/10/2026,Naomi Mbuthia,790058345,108881495.0,Peter Kabata,11510784.0,784799938,8000,4weeks,700,2000,10000,2400.0,,10000,Joseph,Daraja (4 Wks)
October,3/10/2026,Rodah Ngarari,725559308,,Susan Wanjiku,705102133.0,28182575.0,7000,6weeks,700,3000,10000,1516.67,,10000,Peter,Daraja (6 Wks)
August,27/8/2026,Daniel Doya,726784976,,Hannah Njuguna,711962072.0,2178940.0,7000,6weeks,700,3000,10000,1516.67,0.0,10000,Cate,Daraja (6 Wks)
October,2/10/2026,Serah Muthura,725818764,124778336.0,Mary Kariuki,720847355.0,12487050.0,8000,4weeks,700,2000,10000,2400.0,,10000,Damaris,Daraja (4 Wks)
September,28/9/2026,James Wanyiri,714503794,22285121.0,Joyce Kiboi,745128614.0,35237828.0,7000,6weeks,700,3000,10000,1516.67,,10000,Carol,Daraja (6 Wks)
September,28/9/2026,Judy Gitau,722527858,,Penina maina,722706813.0,,7000,6weeks,700,3000,10000,1516.67,,10000,Joseph,Daraja (6 Wks)
September,28/9/2026,Benson Wahome,748485559,28086482.0,David Kamau,791470552.0,,7000,6weeks,700,3000,10000,1516.67,,10000,Peter,Daraja (6 Wks)
October,2/10/2026,Alice Wairimu ,715068622,,John Mucheru,790275139.0,37173662.0,7000,6weeks,700,3000,10000,1516.67,,10000,Damaris,Daraja (6 Wks)
August,25/8/2026,Brian Wanyama,114744475,,Lucy Nderitu,744652580.0,,7000,6weeks,500,3000,10000,1516.67,0.0,10000,Cate,Daraja (6 Wks)
September,29/9/2026,Edwin Montana,742033906,32536807.0,Peter Irungu,790412246.0,,7000,6weeks,700,3000,10000,1516.67,,10000,Joseph,Daraja (6 Wks)
August,25/8/2026,Harriet Kibuchi,757601818,,Francis Muchai,76227036.0,,7000,6weeks,500,3000,10000,1516.67,0.0,10000,Cate,Daraja (6 Wks)
September,22/9/2026,Hillary Kirwa,729518016,31331138.0,Norman Ngige,711063122.0,,8000,6weeks,700,3000,11000,1733.33,,9166,Peter,Daraja (6 Wks)
September,22/9/2026,Jane Kuuti,768824476,27008294.0,Diana Okeyo,768094794.0,40206258.0,8000,6weeks,700,3000,11000,1733.33,,9166,Carol,Daraja (6 Wks)
September,17/9/2026,Francis Njinju,704424647,,Peter Mwaura,711767396.0,20396292.0,10000,6weeks,700,3000,13000,2166.67,,9133,Carol,Daraja (6 Wks)
September,8/9/2026,Jesika Kangala,797775990,8077101.0,Jane Nyambura,748608288.0,,14000,6weeks,980,4200,18200,3033.33,,9098,Peter,Vuka (6 Wks)
October,2/10/2026,Peter Mbugua,721356359,,Duncan Njeri,721401919.0,813198,7000,4weeks,700,2000,9000,2100.0,,9000,Joseph,Daraja (4 Wks)
September,24/9/2026,Winnie Ndirangu,758091413,36004000.0,Winnie ndirangu,759607572.0,32416632.0,10000,4weeks,700,2000,12000,3000.0,,9000,Carol,Daraja (4 Wks)
September,22/9/2026,Teresa Gatheru,724836941,22843423.0,Grace Njeri,743320897.0,33308709.0,10000,4weeks,700,2000,12000,3000.0,,9000,Peter,Daraja (4 Wks)
September,29/9/2026,Grace Gachuhi,726949202,10810897.0,Tabitha Ndegwa,728773170.0,,7000,4weeks,700,2000,9000,2100.0,,9000,Peter,Daraja (4 Wks)
September,22/9/2026,Anthony Muthoni,724479261,28463770.0,Joyce Ndunge,728649729.0,,10000,4weeks,700,2000,12000,3000.0,,9000,Peter,Daraja (4 Wks)
October,2/10/2026,Simon Loter,791933445,31131940.0,Charles Wambugu,726765939.0,6835432.0,7000,4weeks,700,2000,9000,2100.0,,9000,Damaris,Daraja (4 Wks)
September,21/9/2026,Anthony  Munene,714076538,20957763.0,Ibrahim Kingori,798654955.0,,10000,4weeks,700,2000,12000,3000.0,,9000,Joseph,Daraja (4 Wks)
September,25/9/2026,Papeshwa Githinji,716339627,3919278.0,Magdaline Wambui,740182164.0,2950661.0,10000,4weeks,700,2000,12000,3000.0,,9000,Damaris,Daraja (4 Wks)
September,22/9/2026,Agnes Mwihaki,713101470,20043507.0,Mary Maina,110724989.0,26395099.0,7000,6weeks,700,3000,10000,1516.67,,8950,Carol,Daraja (6 Wks)
September,18/9/2026,Pauline Kamau,708448209,614340.0,Ann Mugambi,116691166.0,,10000,6weeks,700,3000,13000,2166.67,,8666,Joseph,Daraja (6 Wks)
September,18/9/2026,Samuel Gichia,702028822,8207591.0,Paul Mwangi,713501528.0,9199259.0,10000,6weeks,700,3000,13000,2166.67,,8666,Peter,Daraja (6 Wks)
September,14/9/2026,Ann Wangari,705304253,28687504.0,Naomi Bosibori,706841567.0,,10000,6weeks,700,3000,13000,2166.67,,8666,Joseph,Daraja (6 Wks)
September,15/9/2026,Simon Mwago,796216948,7665674.0,Peris Gathoni,720001026.0,28461332.0,10000,6weeks,700,3000,13000,2166.67,,8666,Damaris,Daraja (6 Wks)
September,14/9/2026,Joseph Munene,714716360,33092811.0,Richard Kamau,758589148.0,,10000,6weeks,700,3000,13000,2166.67,,8666,Joseph,Daraja (6 Wks)
September,22/9/2026,Tabitha Muiga,729828281,24015096.0,Susan Muchiri,713328411.0,2887671.0,7000,6weeks,700,3000,10000,1516.67,,8350,Carol,Daraja (6 Wks)
September,22/9/2026,Martha Mwinga,711869409,13132580.0,Ann Mwangi,710686602.0,21867011.0,7000,6weeks,700,3000,10000,1516.67,,8333,Carol,Daraja (6 Wks)
September,18/9/2026,Mary Wambui,757091865,23647610.0,Gladys Wahito,725084524.0,,7000,6weeks,700,3000,10000,1516.67,,8333,Peter,Daraja (6 Wks)
September,25/9/2026,Kelvin Kimaru,700677627,37384637.0,Charity Karia,724348241.0,,7000,6weeks,700,3000,10000,1516.67,,8333,Peter,Daraja (6 Wks)
September,24/9/2026,Selina  Ekitela,745464053,34005439.0,Susan Lomonyang,792049791.0,10316935.0,7000,6weeks,700,3000,10000,1516.67,,8333,Carol,Daraja (6 Wks)
September,25/9/2026,Doreen Kipchirchir,791981144,,Naomi Muthoni,714584701.0,21246820.0,7000,6weeks,700,3000,10000,1516.67,,8333,Joseph,Daraja (6 Wks)
September,21/9/2026,Patricia Githinji,727828552,21703988.0,Jane Wanjiku,726657229.0,21703988.0,7000,6weeks,700,3000,10000,1516.67,,8333,Damaris,Daraja (6 Wks)
September,25/9/2026,Molly Atieno,703832288,34273373.0,Jerusha Chege,725544551.0,21867011.0,7000,6weeks,700,3000,10000,1516.67,,8330,Carol,Daraja (6 Wks)
September,18/9/2026,James Kaboro,703915750,6091456.0,Rose Kamuri,720024027.0,,7000,6weeks,700,3000,10000,1516.67,,8134,Peter,Daraja (6 Wks)
September,11/9/2026,Mary Kingori,792149332,34566066.0,Mary Wangui,721786012.0,23515773.0,7000,6weeks,700,3000,10000,1516.67,,8033,Peter,Daraja (6 Wks)
September,16/9/2026,Milfridah Manyibe,742982500,2620781.0,Peter Onyari,723791251.0,9149045.0,9000,6weeks,700,3000,12000,1950.0,,8000,Carol,Daraja (6 Wks)
September,8/9/2026,Martin Kiarie,718846710,13068688.0,Paul Kimani,708382465.0,,12000,6weeks,840,3600,15600,2600.0,,7800,Joseph,Vuka (6 Wks)
September,8/9/2026,Magdaline Karuri,727364504,27206497.0,Jane Njogu,792519004.0,10512975.0,12000,6weeks,840,3600,15600,2600.0,,7800,Carol,Vuka (6 Wks)
September,10/9/2026,Winnie Mwangi,715616331,36728923.0,kelvin Mwangi,704690718.0,,12000,6weeks,840,3600,15600,2600.0,,7800,Joseph,Vuka (6 Wks)
September,15/9/2026,Mercy Njuguna,746828913,37703695.0,Grace Mwenda ,718529941.0,,8000,6weeks,700,3000,11000,1733.33,,7666,Carol,Daraja (6 Wks)
September,25/9/2026,Caroline kimuhu,758849257,,Stephen Kinyanjui,748300019.0,,8000,4weeks,700,2000,10000,2400.0,,7500,Peter,Daraja (4 Wks)
September,16/9/2026,Hannah Muraguri,746405759,,Sara Migwi,718102970.0,,8000,6Weeks,700,3000,11000,1733.33,,7332,Joseph,Daraja (6 Wks)
September,14/9/2026,Jennifer Samuel,725709459,,Kenneth kuria,722416830.0,13685946.0,8000,6weeks,700,3000,11000,1733.33,,7332,Carol,Daraja (6 Wks)
September,17/9/2026,Zipporah Muriithi,700480519,23593717.0,Teresiah Maina,715873084.0,,8000,6weeks,700,3000,11000,1733.33,,7332,Joseph,Daraja (6 Wks)
September,21/9/2026,Grace Wambui,705191158,11808084.0,Grace Cherotich,762070095.0,37056737.0,7000,6weeks,700,3000,10000,1516.67,,7097,Damaris,Daraja (6 Wks)
September,16/9/2026,Edwin Macharia Gaka,797064363,29299181.0,Wilson Mutonga,717892112.0,,7000,6weeks,700,3000,10000,1516.67,,6933,Damaris,Daraja (6 Wks)
September,11/9/2026,Susan Mwaura,724350985,24061793.0,Rachel Kiambati,796102762.0,,10000,4weeks,700,2000,12000,3000.0,,6900,Peter,Daraja (4 Wks)
September,8/9/2026,Virginia wairimu,718871498,24134466.0,Rahab Nyambura,700144012.0,,7000,6weeks,700,3000,10000,1516.67,,6866,Peter,Daraja (6 Wks)
September,24/9/2026,Keziah Wangechi,115006398,29484668.0,Beatrice Wangu,,33115042.0,7000,4weeks,700,2000,9000,2100.0,,6750,Damaris,Daraja (4 Wks)
September,25/9/2026,Leah Kanyango,721950008,,Alice Wachira,727258550.0,24290358.0,7000,4weeks,700,2000,9000,2100.0,,6750,Peter,Daraja (4 Wks)
September,25/9/2026,Mercy Njuguna,794817796,,Zipporah Njuki,702282198.0,,7000,4weeks,700,2000,9000,2100.0,,6750,Peter,Daraja (4 Wks)
September,25/9/2026,Elizabeth Lesurment,113811503,38594534.0,Serah Mugure,705287823.0,38594534.0,7000,4weeks,700,2000,9000,2100.0,,6750,Damaris,Daraja (4 Wks)
September,25/9/2026,Jane Ngata,743647697,,Charles Munene,741796731.0,,7000,4weeks,700,2000,9000,2100.0,,6750,Peter,Daraja (4 Wks)
September,21/9/2026,Esther Lomelo,725995376,26558864.0,Mercy Nabei,741508090.0,41854695.0,7000,4weeks,700,2000,10000,2100.0,,6750,Carol,Daraja (4 Wks)
September,25/9/2026,Faith Nduta,715024838,,Alice wanjiru,705729772.0,11468072.0,7000,4weeks,700,2000,9000,2100.0,,6750,Damaris,Daraja (4 Wks)
September,16/9/2026,Patricia Waithera,721111140,,Charity  Wangui,712561516.0,2134179.0,7000,6weeks,700,3000,10000,1516.67,,6666,Joseph,Daraja (6 Wks)
September,18/9/2026,Boniface Wanjiru,758394044,,kelvin Mwangi,746652412.0,,7000,6weeks,700,3000,10000,1516.67,,6666,Carol,Daraja (6 Wks)
September,14/9/2026,Susan Mburu,113300495,13219284.0,Charles Nganga,721920114.0,,7000,6weeks,700,3000,10000,1516.67,,6666,Joseph,Daraja (6 Wks)
September,11/9/2026,Jedidah Wambui,705102985,27791326.0,Joy Kamwere,714203055.0,,7000,6weeks,700,3000,10000,1516.67,,6666,Peter,Daraja (6 Wks)
September,16/9/2026,Agnes Machua,724446422,,Mercy Busianei,726768133.0,,7000,6weeks,700,3000,10000,1516.67,,6666,Peter,Daraja (6 Wks)
September,9/9/2026,Joyce Macharia,729417206,8678387.0,Joseph Gachoki,745945541.0,8678387.0,10000,6weeks,700,3000,13000,2166.67,,6499,Carol,Daraja (6 Wks)
September,4/9/2026,Elizabeth Mathaga,706607577,5173672.0,Moses Mathaga,743458451.0,5173672.0,10000,6weeks,700,3000,13000,2166.67,,6499,Carol,Daraja (6 Wks)
September,2/9/2026,Jane Theuri,795544079,35917647.0,John Theuri,713472309.0,,10000,6weeks,700,3000,13000,2166.67,,6499,Carol,Daraja (6 Wks)
August,26/8/2026,Robinson Kariuki,790082214,38548046.0,Maryann Maina,712258783.0,,9000,6weeks,500,3000,12000,1950.0,5900.0,6100,Peter,Daraja (6 Wks)
September,7/9/2026,Mercy Macharia,715228494,,Mercy Njoiki,727816849.0,,7000,6weeks,700,3000,10000,1516.67,,6066,Peter,Daraja (6 Wks)
September,10/9/2026,Jane Njogu,746811444,7038285.0,John Nderitu,115403692.0,2266044.0,9000,6weeks,700,3000,12000,1950.0,,6000,Carol,Daraja (6 Wks)
September,16/9/2026,Sarah Ndungu,706439225,,Alex Mwiti,10660229.0,42319022.0,10000,4weeks,700,2000,12000,3000.0,,6000,Carol,Daraja (4 Wks)
September,9/9/2026,Teresia Kinyua,705400456,14476495.0,Francis Njoroge,746322882.0,13210626.0,8000,6weeks,700,3000,11000,1733.33,,5498,Joseph,Daraja (6 Wks)
September,9/9/2029,Catherine Muchoki,792612031,,Mary Wanjiku,716523140.0,29104668.0,7000,6weeks,700,3000,10000,1516.67,,5400,Carol,Daraja (6 Wks)
August,31/8/2026,Josphat Kamanu ,724701702,,Jane Wanjiku,710576285.0,20765795.0,12000,6weeks,500,3600,15600,2600.0,10400.0,5200,Cate,Vuka (6 Wks)
September,8/9/2026,Mary Remoi,701169467,24095273.0,Agnes Barno,712438585.0,,8000,6weeks,700,3000,11000,1733.33,,5198,Peter,Daraja (6 Wks)
September,10/9/2026,Joyce Munyiri,740300218,,Neema Loliam,722117246.0,23148113.0,7000,6weeks,700,3000,10000,1516.67,,4999,Damaris,Daraja (6 Wks)
September,8/9/2026,Alloys Mathenge,799332321,213687386.0,Cicily Wambui,717004382.0,28614982.0,7000,6weeks,700,3000,10000,1516.67,,4999,Damaris,Daraja (6 Wks)
September,8/9/2026,Serah Chege,727877025,27653272.0,Sarah Chege,726297808.0,,7000,6weeks,700,3000,10000,1516.67,,4999,Carol,Daraja (6 Wks)
September,7/9/2026,Jeddy Wachira,707593937,10512633.0,Everline   Wachira,704452061.0,3647165.0,10000,6weeks,700,3000,10000,2166.67,,4999,Joseph,Daraja (6 Wks)
August,31/8/2026,Rabecca Echom,794400120,28512556.0,Faith Nyambura,7200886677.0,,7000,6weeks,500,3000,10000,1516.67,5001.0,4999,Damaris,Daraja (6 Wks)
September,10/9/2026,Martha Kariuki,742751846,,Janet Matanu,711346285.0,,7000,6weeks,700,3000,10000,1516.67,,4999,Peter,Daraja (6 Wks)
September,11/9/2026,Naomi Gituria,794029149,26365817.0,Esther Gweche,717512042.0,,7000,6weeks,700,3000,10000,1516.67,,4999,Peter,Daraja (6 Wks)
August,27/8/2026,Alice Naserian,758991413,,Patricia wacuka,752560980.0,,7000,6weeks,500,3000,10000,1516.67,5001.0,4999,Cate,Daraja (6 Wks)
September,9/9/2026,Daniel Gitau,794416300,,Glady Njeri,728397868.0,,7000,6weeks,700,3000,10000,1516.67,,4999,Peter,Daraja (6 Wks)
September,10/9/2026,Caroline Ngari,740605836,36868661.0,Monica Ngige,703215864.0,,7000,6weeks,700,3000,10000,1516.67,,4993,Joseph,Daraja (6 Wks)
September,1/9/2026,Gladwel Thindi,727387416,9056128.0,Susan Wanjohi,710954164.0,,10000,6weeks,700,3000,13000,2166.67,,4332,Carol,Daraja (6 Wks)
August,31/8/2026,Grace Njuguna,724544938,20781055.0,Rabecca Njuguna,740441273.0,,10000,6weeks,500,3000,13000,2166.67,8668.0,4332,Carol,Daraja (6 Wks)
September,2/9/2026,Mary Karuri,721994091,1032563.0,Catherine Karuri,715747740.0,,10000,6weeks,700,3000,13000,2166.67,,4332,Carol,Daraja (6 Wks)
August,28/8/2026,Rahab Kagema,710711406,2485400.0,Beth Gichohi,757956212.0,,7000,6weeks,700,3000,10000,1516.67,5832.0,4168,Carol,Daraja (6 Wks)
September,4/9/2026,Jane Njoroge,720552419,8719789.0,Samwel Njoroge,756240295.0,,9000,6weeks,700,3000,12000,1950.0,,4000,Peter,Daraja (6 Wks)
August,27/8/2026,Lucy Wachira,707492014,3439701.0,Esther Njuguna,720311445.0,,8000,6weeks,500,3000,11000,1733.33,7337.0,3663,Cate,Daraja (6 Wks)
September,11/9/2026,Kelvin Njau,796250750,2944535.0,Julius Njau ,741199155.0,35392700.0,12000,4weeks,840,2400,14400,3600.0,,3600,Peter,Vuka (4 Wks)
September,10/9/2026,Charity Mwangi,724210636,1392706.0,Rosemary Njeri,740491220.0,45276895.0,10000,6weeks,700,3000,13000,2166.67,,3499,Joseph,Daraja (6 Wks)
September,10/9/2026,Salome Kibunja,719105265,11306416.0,Daniel Gitau,726580019.0,,10000,6weeks,700,3000,13000,2166.67,,3499,Peter,Daraja (6 Wks)
September,10/9/2026,Joseph Mwangi,799835033,28269341.0,Esther Wambui,726683825.0,26757694.0,10000,6weeks,700,3000,13000,2166.67,,3499,Carol,Daraja (6 Wks)
September,10/9/2026,Lucia Macharia,715390575,,Daniel Maina,759859581.0,30815397.0,10000,6weeks,700,3000,13000,2166.67,,3499,Carol,Daraja (6 Wks)
September,4/9/2026,Esther Gachigiri,795157747,,Rose Muchoki,757630138.0,,7000,6weeks,700,3000,10000,1516.67,,3332,Peter,Daraja (6 Wks)
August,31/8/2026,Francis Njuguna,119173109,21539425.0,Mary Wanjiku,728845042.0,23293606.0,7000,6weeks,500,3000,10000,1516.67,6668.0,3332,Peter,Daraja (6 Wks)
September,2/9/2026,Racheal Mwangi,741590773,23494763.0,Alice Irungu,791282933.0,5216122.0,7000,6weeks,700,3000,10000,1516.67,,3332,Carol,Daraja (6 Wks)
August,28/8/2026,John Maingi,724712026,,Leah Karimi,746563025.0,,14000,6weeks,500,4200,18200,3033.33,15170.0,3030,Cate,Vuka (6 Wks)
September,7/9/2026,Serah Nganga,724164082,10316527.0,Rachel Njoroge,727992553.0,,10000,4weeks,700,2000,12000,3000.0,,3000,Joseph,Daraja (4 Wks)
August,31/8/2026,Samuel Chege,793568159,37839074.0,Veronica Nyokabi,748306569.0,,7000,4weeks,700,2000,9000,2100.0,6150.0,2850,Peter,Daraja (4 Wks)
September,8/9/2026,Lukas kabui,759900772,,Micheal Gatimu,710625385.0,,9000,4weeks,700,2000,11000,2700.0,,2750,Peter,Daraja (4 Wks)
August,27/8/2026,Ruth Kihara,745242789,20814330.0,Janet Koech,795884457.0,,10000,6Weeks,700,3000,13000,2166.67,10728.0,2272,Peter,Daraja (6 Wks)
September,9/9/2026,Catherine Nduta ,720340478,23255554.0,Esther Mwaniki,720132021.0,23255554.0,7000,4 weeks,700,3000,9000,2100.0,,2250,Carol,Daraja (4 Wks)
August,26/8/2026,Jane Naivest,724024611,13531125.0,Agnes Lele,795493127.0,,10000,6weeks,500,3000,13000,2166.67,10835.0,2165,Carol,Daraja (6 Wks)
August,27/8/2026,Simon Mutunga,723519085,11896471.0,Grace Mathaga,712989540.0,,10000,6weeks,500,3000,13000,2166.67,10835.0,2165,Peter,Daraja (6 Wks)
August,25/8/2026,Mary Kimamo,701483016,20360106.0,James Apere,719699112.0,160469172.0,8000,6weeks,500,3000,11000,1733.33,9170.0,1830,Cate,Daraja (6 Wks)
August,25/8/2026,Samuel Macharia ,115563126,37192764.0,Joseph Waithaka,722337146.0,,7000,6weeks,500,3000,10000,1516.67,8335.0,1665,Damaris,Daraja (6 Wks)
August,25/8/2026,Auther Kiarie,706535129,30542910.0,Hesbon Mwaniki,746332140.0,,7000,6weeks,500,3000,10000,1516.67,8335.0,1665,Damaris,Daraja (6 Wks)
August,24/8/2026,Edwin Montana,742033906,32536807.0,Peter Irungu,790412246.0,,7000,6weeks,500,3000,10000,1516.67,8335.0,1665,Cate,Daraja (6 Wks)
