Client Name,Phone,Branch,Source
Doris Mwiti,0704746868,Nyahururu,Loan Files
Alice Naserian,0758991413,Unknown,Loan Files
Judy Gitau,0722527858,Unknown,Loan Files
Simon Mtigiugu,0798632927,Unknown,Loan Files
Virginia wairimu,0718871498,Unknown,Loan Files
Mary Njoki,0727698567,Unknown,Loan Files
Josphat Kamanu,0724701702,Unknown,Loan Files
Catherine Muchoki,0792612031,Unknown,Loan Files
Mercy Muthoni,0769261515,Unknown,Loan Files
Daniel Wambui,0728981668,Nyahururu,Loan Files
Esther Gachigiri,0795157747,Unknown,Loan Files
Peter Kibiru,0794861894,Unknown,Loan Files
Margaret Wathiegeni,0115480067,Unknown,Loan Files
Daniel Gitau,0794416300,Unknown,Loan Files
Alice Wairimu,0715068622,Nyahururu,Loan Files
Pierra Makena,0740854760,Nyahururu,Loan Files
Maureen Kagwora,0723858169,Unknown,Loan Files
Charity Mwangi,0724210636,Unknown,Loan Files
Lukas kabui,0759900772,Unknown,Loan Files
Esther Kahihia,0722655548,Unknown,Loan Files
Agnes Machua,0724446422,Unknown,Loan Files
Penina Mathenge,0748261697,Unknown,Loan Files
Diana Kageha,0769409406,Unknown,Loan Files
Jane Ngata,0743647697,Unknown,Loan Files
Faith Muturi,0721318231,Unknown,Loan Files
Beth Kiarie,0705757348,Unknown,Loan Files
Ann Karua,0714734249,Unknown,Loan Files
Tabitha Wachira,0704825688,Unknown,Loan Files
Glagys Waweru,0717622386,Unknown,Loan Files
Paulina Kipkurui,0700132036,Unknown,Loan Files
Jane Kuuti,0768824476,Unknown,Loan Files
Nyahururu,Dormant,,Main Client List
Janet Koech,0795884457,Nyahururu,Loan Files
John Maingi,0724712026,Unknown,Loan Files
Lucia Macharia,0715390575,Unknown,Loan Files
Lucy Munene,0720813561,Unknown,Loan Files
Hannah Muraguri,0746405759,Unknown,Loan Files
Mercy Macharia,0715228494,Unknown,Loan Files
Simon Loter,0791933445,Nyahururu,Loan Files
Peter Mbugua,0721356359,Unknown,Loan Files
Lydiah Gathura,0748586361,Unknown,Loan Files
Sarah Nderitu,0715706681,Unknown,Loan Files
George Njuguna,0710733293,Nyahururu,Loan Files
Faith Njogu,0710918080,Unknown,Loan Files
Leah Kanyango,0721950008,Unknown,Loan Files
George Ndirangu,0711382851,Unknown,Loan Files
Rodah Ngarari,0725559308,Unknown,Loan Files
Esther kimani,0719700664,Nyahururu,Loan Files
Gladys Hiuko,0715709400,Unknown,Loan Files
Susyline Mukomune,0723495587,Unknown,Loan Files
Zipporah Muriithi,0700480519,Unknown,Loan Files
Jennifer Samuel,0725709459,Unknown,Loan Files
Diana Kajuju,0742282927,Unknown,Loan Files
Mary Muchiri,0713944872,Unknown,Loan Files
Daisy Rotich,0705557044,Unknown,Loan Files
Jacob Koech,0724442266,Unknown,Loan Files
Lucy Karanja,0703418234,Unknown,Loan Files
Serah Muthura,0725818764,Nyahururu,Loan Files
Francis Njinju,0704424647,Unknown,Loan Files
Magdaline Wacera,0707143090,Unknown,Loan Files
Susan Mburu,0791842906,Unknown,Loan Files
Lucy Nanbaiyaiye,0716331062,Unknown,Loan Files
Benson Wahome,0748485559,Unknown,Loan Files
Bancy Waweru,0710540080,Unknown,Loan Files
Caroline kimuhu,0758849257,Unknown,Loan Files
Godfrey Mugo,0715365131,Unknown,Loan Files
Pauline Kamau,0708448209,Unknown,Loan Files
Fridah Maluki,0711312215,Unknown,Loan Files
Josphat Gitonga,0748310063,Unknown,Loan Files
Margaret Lomitir,0740548417,Unknown,Loan Files
James Kaboro,0703915750,Unknown,Loan Files
Leonard Mwai,0723849109,Unknown,Loan Files
Beatrice  Achoto,0795314749,Nyahururu,Loan Files
Harriet Kibuchi,0757723589,Unknown,Loan Files
Purity Kuria,0769573260,Unknown,Loan Files
John Mwangi,0720241837,Unknown,Loan Files
Serah Nganga,0724164082,Unknown,Loan Files
Sarah Ndungu,0706439225,Unknown,Loan Files
David Ngugi,0723113511,Unknown,Loan Files
Margaret Mugo,0721572161,Unknown,Loan Files
Ann Njoroge,0715747806,Unknown,Loan Files
Robinson Kariuki,0790082214,Unknown,Loan Files
Mary Maina,0110724989,Unknown,Loan Files
Hellen Maina,0712876987,Unknown,Loan Files
Alice Ngugi,0729144308,Unknown,Loan Files
Samuel Muya,0725380367,Unknown,Loan Files
Joyce Kesses,0718659733,Unknown,Loan Files
Lydia Kamau,0701035799,Unknown,Loan Files
Harun Ngunjita,0707029040,Unknown,Loan Files
Anthony Munene,0714076538,Unknown,Loan Files
Anthony Muthoni,0724479261,Unknown,Loan Files
Beatrice Njaramba,0799173612,Unknown,Loan Files
Elizabeth Romero,0792049781,Unknown,Loan Files
Samuel Gichia,0702028822,Unknown,Loan Files
Lawrence Wanjala,0701728665,Unknown,Loan Files
Mary Kariuki,0707655312,Unknown,Loan Files
Jane Wanjiru Njogu,0746811444,Unknown,Loan Files
Magdaline Karuri,0723364504,Unknown,Loan Files
Lucy Wachira,0707492014,Unknown,Loan Files
Gladwel Thindi,0727387416,Unknown,Loan Files
