Client Name,Phone,ID Number,Branch,Loan Officer,Address,Business Type,Business Location,Status,Source,Guarantor Name,Guarantor Contact,Guarantor ID
Margret Wanjiku Maina,0790641180,33390967,Karatina,Joseph Ngondi,Mukuruweini,Daycare/shoe dealer,Mukurweini,Dormant,Main Client List,,,
Joyce Njoki Mwangi,0721718125,31766801,Karatina,Joseph Ngondi,Mukuruweini,Pub,Mukurweini,Dormant,Main Client List,,,
Gabriel Kamenju Muriithi,0759787946,38239291,Karatina,Joseph Ngondi,Ngandu,Farming,Ngandu,Dormant,Main Client List,,,
Margret Wangui Kiama,0720373041,10243423,Karatina,Joseph Ngondi,Mathari,Cyber,Mathari,Dormant,Main Client List,,,
Esther Wacuka Ngatia,0715508081,11565747,Karatina,Joseph Ngondi,Gitunduti,Dairy farming,Gitunduti,Dormant,Main Client List,,,
Esther Wambui Kimani,0723826235,31983269,Karatina,Joseph Ngondi,Josca,Green grocery,Kngemi,Dormant,Main Client List,,,
Elizabeth Nyakihu Mungai,0706689932,28551082,Karatina,Joseph Ngondi,Kabiruini,Farming,Kabiruini,Dormant,Main Client List,,,
Mercy Wanjira Wahome,0723771057,7323241,Karatina,Joseph Ngondi,Gikumbo,Farming,Gikumbo,Dormant,Main Client List,,,
Beatrice Wairimu Kinyua,0769836382,27003178,Karatina,Joseph Ngondi,Kigengi,Farming,Karatina,Dormant,Main Client List,,,
Samuel Wachira Wairimu,0706656148,26620909,Karatina,Joseph Ngondi,Tetu,Green grocery/fruits vendor,Tetu,Dormant,Main Client List,,,
Lydiah Wamuyu Gacheru,0700215714,26725986,Karatina,Joseph Ngondi,Gitunduti/karatina,Hotel/malimali,Gitunduti/karatina,Dormant,Main Client List,,,
Priscah Akinyi Opiyo,0797379334,38572104,Karatina,Joseph Ngondi,Mukuruweini,Fish vendor,Mukurweini,Dormant,Main Client List,,,
Esther kimani,0719700664,,Nyahururu,Joseph,,,,Active,Loan Files,peter kimani,0107748401,
Jane Nduta Mwangi,0720970169,5795173,Karatina,Joseph Ngondi,Mukuruweini,Pub/butchery,Mukurweini,Dormant,Main Client List,,,
Agatha Wangui Muhia,0705886960,23950856,Karatina,Joseph Ngondi,Nyeri,Salon,Nyeri,Dormant,Main Client List,,,
Sabina Nyaruai Kanyugo,0790788290,29053498,Karatina,Joseph Ngondi,Thunguma /nyeri,Second hand clothes,Thunguma/nyeri,Dormant,Main Client List,,,
Tabitha Wanjugu Mwangi,0725809583,22007426,Karatina,Joseph Ngondi,Gikumbo,Farming,Gikumbo,Dormant,Main Client List,,,
Lydiah Nyawira Waithiegeni,0794260448,40204994,Karatina,Joseph Ngondi,Nyeri/kangemi,Grocery/chips,Nyeri,Dormant,Main Client List,,,
Caroline Owino Omondi,0713546819,21344563,Karatina,Joseph Ngondi,Mukuruweini,Fish vendor,Mukurweini,Dormant,Main Client List,,,
Margret Wangeci Muturi,0115250515,35257945,Karatina,Joseph Ngondi,Mukuruweini,Green grocery,Mukurweini,Dormant,Main Client List,,,
Sarah Wesiko Iregi,0740655804,29942460,Karatina,Joseph Ngondi,Rafina/karatina,Green grocery,Rafina/karatina,Dormant,Main Client List,,,
Mary Wamucii Muturi,0724818034,3181952,Karatina,Joseph Ngondi,Skuta/nyeri,Green grocery,Skuta/nyeri,Dormant,Main Client List,,,
Christine Wangui Matu,0704370725,29363204,Karatina,Joseph Ngondi,Gitunduti/karatina,Tailor/vetenary,Gitunduti,Dormant,Main Client List,,,
Mary Mukami Kuria,0768120247,23382279,Karatina,Joseph Ngondi,Giakaibei,Farming,Giakaibei,Dormant,Main Client List,,,
Jane Wangui Muturi,0757230450,31641149,Karatina,Joseph Ngondi,Mukuruweini,Farming,Mukurweini,Dormant,Main Client List,,,
Magdalene Nyambura Mwangi,0715751451,25649921,Karatina,Joseph Ngondi,Kangemi /nyeri,Mobile salon,Kangemi/nyeri,Dormant,Main Client List,,,
Dorica Nyanchama Kimonge,0708218811,27208549,Karatina,Joseph Ngondi,Gikumbo/karatina,Farming,Gikumbo,Dormant,Main Client List,,,
Beatrice Nyawira Mwangi,0793696199,24744527,Karatina,Joseph Ngondi,Gikumbo/karatina,Farming,Gikumbo,Dormant,Main Client List,,,
Margret Nyambura Karuga,0796882652,22705795,Karatina,Joseph Ngondi,Mukuruweini,Grocery/hawking,Mukurweini,Dormant,Main Client List,,,
Winrose Wanjira Maina,0707472431,29647822,Karatina,Joseph Ngondi,Karidundu,Shop/hotel,Karidundu,Dormant,Main Client List,,,
