Sarah Ng'ang'a,0724164082,,Unknown,0,,,,,Active,Loan Files,Rachel njoroge,0727992553,
Francis Njinju,0704424647,,Unknown,13000,,,,,Active,Loan Files,Peter Wainana,0711767396,
Joseph mwangi,0799835033,,Unknown,13000,,,,,Active,Loan Files,Esther Wambui,0726683825,
Lydia Kamau,0701035799,,Unknown,0,,,,,Active,Loan Files,Ann Mwangi,0703322932,
James Kaboro,0703915750,,Unknown,0,,,,,Active,Loan Files,Magdaline Maina,0720024027,
Esther Ngugi,0710540080,,Unknown,0,,,,,Active,Loan Files,Joyce Njoroge,07240666021,
Lucy Munene,0720813561,,Unknown,0,,,,,Active,Loan Files,Cecilia Mutungili,0725426487,
Sarah Ndung'u,0706439225,,Unknown,0,,,,,Active,Loan Files,Alex Mwiti,0706602209,
Purity Mwangi,0746999243,,Unknown,000",,,,,Active,Loan Files,Jane Roro,0745305142,
George Waiganjo,0711382851,,Unknown,0,,,,,Active,Loan Files,Charity Ndirangu,0758274400,
Ann Njoroge,0715747806,,Unknown,0,,,,,Active,Loan Files,Teressiah Njoroge,0798764337,
Zipporah Muriithi,0700480519,,Unknown,0,,,,,Active,Loan Files,Teresia Maina,015873084,
Margaret Mugo,0721572161,,Unknown,0,,,,,Active,Loan Files,jane  kariuki,0734256765,
Joshua Kibon,0721937013,,Unknown,0,,,,,Active,Loan Files,ealice kimeli,0797691850,
Esther kimani,0719700664,,Unknown,0,,,,,Active,Loan Files,peter kimani,0107748401,
Esther Kimari,0726683825,,Unknown,0,,,,,Active,Loan Files,rahab njambi,0753040119,
Faith Njogu Njoki,0710918080,,Unknown,0,,,,,Active,Loan Files,lilian mwai,0793774262,
catherine wanjiru,0720340478,,Unknown,0,,,,,Active,Loan Files,joyce kamau,0745658943,
Rahab Njambi,0746194202,,Unknown,0,,,,,Active,Loan Files,catherine maina,0736819560,
Fatuma Duba,0116140156,,Unknown,0,,,,,Active,Loan Files,stephen sirikwa,0798372422,
Josphine Kapel,0142842993,,Unknown,0,,,,,Active,Loan Files,susan nabaru,0718878829,
Rahab Nyambura,0711227118,,Unknown,0,,,,,Active,Loan Files,benson mwaniki,0724382862,
Mary Mwaura,0708199244,,Unknown,0,,,,,Active,Loan Files,norman macharia,0700509057,
Margart Ekai,0740548417,,Unknown,0,,,,,Active,Loan Files,Eunice Akoth,0728108487,
Lucy Nambaiyaiye,0720294359,,Unknown,0,,,,,Active,Loan Files,Beth wacera,0716331062,
Lucy Nyoro Nduta,0717796794,,Unknown,000",,,,,Active,Loan Files,Susan mburu,0108798026,
philomena Nguitu    Francis NGUITUI,0718400068,,Unknown,000",,,,,Active,Loan Files,,070051009,
Grace Muraya,07011257897,,Unknown,4500,,,,,Active,Loan Files,Tabitha Kibuu,0704781632,
fredrick Kihomge,0794206919,,Unknown,3520,,,,,Active,Loan Files,Henry Maina,0745034146,
Paul Thuo,07050330,,Unknown,0,,,,,Active,Loan Files,Jonathan Chemase=254&705033064,0708005715,
Peninah Mathenge,0748261697,,Unknown,0,,,,,Active,Loan Files,Ruth Ndungu,0792748608,
Jane Kuuti,0768824476,,Unknown,0,,,,,Active,Loan Files,Diana Okeyo,0768094794,
Sarah Waruguru,0715706681,,Unknown,0,,,,,Active,Loan Files,Sa muel Maina,0722948117,
Julius Gichuru,0705915891,,Unknown,0,,,,,Active,Loan Files,Hellen Kawira,07700066941,
Gladys Waweru,0717622386,,Unknown,0,,,,,Active,Loan Files,Mary Kariuki,0708817449,
Fridah Nairia,0740326857,,Unknown,6935,,,,,Active,Loan Files,Jeniffer Anana,0718825740,
Monicah Amondi,0711124852,,Unknown,1667,,,,,Active,Loan Files,Mary Maina,0110723989,
Godfrey Maina,07153665131,,Unknown,0,,,,,Active,Loan Files,Philis Maina,0713543764,
Charity Mwangi,05724210636,,Unknown,0,,,,,Active,Loan Files,Rosemary Njeri,0740471220,
Joyce Nyaguthii,0711680002,,Unknown,0,,,,,Active,Loan Files,David Mwangi,08757069418,
James Wanyiri,0714503794,,Unknown,0,,,,,Active,Loan Files,Joyce Nduta,0745128614,
Leonard kamwaru,023849109,,Unknown,0,,,,,Active,Loan Files,Alfred  Etale,0711237285,
Sarah Ndung'u,0706439225,,Unknown,0,,,,,Active,Loan Files,Alex Mwiti,0706602209,
Robinson Kariuki,0790082214,,Unknown,0,,,,,Active,Loan Files,Maryann Wangui,0712258783,
Elizabeth Gachathi,0114732234,,Unknown,0,,,,,Active,Loan Files,Rose Gachathi,0723842892,
Peris Wanjugu,0712005347,,Unknown,0,,,,,Active,Loan Files,Catherine Wangechi=254&712005347,0758025726,
Mary Maina,0110724989,,Unknown,0,,,,,Active,Loan Files,John Labor,0712416909,
Patrick Kimani,0726706952,,Unknown,0,,,,,Active,Loan Files,Diana Mathathi,0716611899,
Gladys Hiuko,0715709400,,Unknown,0,,,,,Active,Loan Files,Agnes Nduta,0713101470,
Elizabeth Romero,0792049781,,Unknown,0,,,,,Active,Loan Files,Catherine Irungu,0728587387,
Samuel Mwangi,0741687879,,Unknown,0,,,,,Active,Loan Files,Maryann Wangui,0793965045,
Anthony Wachira,0714076538,,Unknown,0,,,,,Active,Loan Files,Ibrahim Kingori,0798654955,
Mary Njoki,0727698567,,Unknown,0,,,,,Active,Loan Files,Faris Mwangi,0719306554,
Susan Mwaura,0724350985,,Unknown,0,,,,,Active,Loan Files,Rachel Kiambati,0796102762,
Benson Wahome,0748485559,,Unknown,0,,,,,Active,Loan Files,David Kamau,0791470552,
Bancy Njeri Waweru,0711973607,,Unknown,0,,,,,Active,Loan Files,Peter Njoroge,0742103835,
Agnes Muthon KioniNana Wanjiru,0769694106,,Unknown,0,,,,,Active,Loan Files,,0769228244,
Naomi Mbuthia mu,0790058345,,Unknown,0,,,,,Active,Loan Files,Peter Ndindiri,0111510789,
Lawrence Wanjala,0701728665,,Unknown,0,,,,,Active,Loan Files,Rose Wangechi,0714901793,
Michael Munene,07729823193,,Unknown,0,,,,,Active,Loan Files,Charles Kirugo,0717720111,
Alice Naserian,0758991413,,Unknown,0,,,,,Active,Loan Files,Patricia Wacuka,0752560980,
Jane Wanjiru,0746811444,,Unknown,0,,,,,Active,Loan Files,John Nderitu,0704825688,
Jane Ngata,0743647697,,Unknown,0,,,,,Active,Loan Files,Charles Karari,0741796731,
Jackline Lesemante Rabecca Echom,0118525881,,Unknown,0,,,,,Active,Loan Files,,0794400120,
Gladys Wairimu Maingikelvin kiptoo,0728225297,,Unknown,0,,,,,Active,Loan Files,kelvin kiptoo,0719545318,
Catherine Muchoki,0792612031,,Unknown,0,,,,,Active,Loan Files,Mary kinyanjui,0716523140,
Jeniffer Mukiri,0725709459,,Unknown,0,,,,,Active,Loan Files,Kenneth Kuria,0722416830,
Susan Kiai,0727368599,,Unknown,0,,,,,Active,Loan Files,Boniface Njambi,0714398204,
Esther Wanjohi,0759831343,,Unknown,6668,,,,,Active,Loan Files,Frida Mahiga,0722715234,
Tabitha Wachira,0704825688,,Unknown,0,,,,,Active,Loan Files,Jane Muthoni,0726890467,
Elizabeth Mathaga,0706607577,,Unknown,0,,,,,Active,Loan Files,Moses Mithaga,0743458451,
Hillary Kirwa,0729518016,,Unknown,0,,,,,Active,Loan Files,Norman Ngige,0711063122,
Susyline Mukono,0723495587,,Unknown,0,,,,,Active,Loan Files,Joyce Macharia,0729417206,
Susan Modo,0721991675,,Unknown,2401,,,,,Active,Loan Files,Lucy Nambayaiye,0716331062,
Maurine Kagwora,0723858169,,Unknown,0,,,,,Active,Loan Files,Esther Maina,0703286633,
Ann Wangari,0705304253,,Unknown,0,,,,,Active,Loan Files,Naomi Bosibori,0706841567,
Rosemary Maina,0724153150,,Unknown,0,,,,,Active,Loan Files,Molly Mugure,0721815920,
Lucia Mukami,07153905575,,Unknown,0,,,,,Active,Loan Files,Daniel Maina,0759859581,
Esther Gachigiri,0795157747,,Unknown,0,,,,,Active,Loan Files,Rose Muchoki,0757630137,
Florence Wandaka,0714359854,,Unknown,0,,,,,Active,Loan Files,James Karika,0751778506,
Maureen Waweru,0727877025,,Unknown,0,,,,,Active,Loan Files,Serah Chege,05726297808,
Alice Ngugi,0729144308,,Unknown,0,,,,,Active,Loan Files,Margaret Wangui,0700570661,
Mary Karuri,0721994091,,Unknown,0,,,,,Active,Loan Files,Catherine kiruri,0715747740,
Grace Njuguna,0724544938,,Unknown,0,,,,,Active,Loan Files,Rabecca Njuguna,0740441273,
Jane Naivest,0724024611,,Unknown,0,,,,,Active,Loan Files,Agnes Lele,0795493127,
Gogfrey Mugo,0715365131,,Unknown,0,,,,,Active,Loan Files,Philis Maina,0713543764,
Joyce Wanjiru,0700934013,,Unknown,0,,,,,Active,Loan Files,Peter Mwangi,0796819892,
Purity Gacoki,0769573260,,Unknown,0,,,,,Active,Loan Files,Hanah Muchemi,0702653933,
Catherine Maina,0728586678,,Unknown,0,,,,,Active,Loan Files,Mary Macharia,0725585188,
Mary Kariuki,0707655312,,Unknown,0,,,,,Active,Loan Files,Janet Matanu,0711346285,
Susan Mburu,0791842906,,Unknown,0,,,,,Active,Loan Files,Esther Njoroge,0354710467216,
Esther Kahihia,0722655548,,Unknown,0,,,,,Active,Loan Files,Mary kimamo,0701481316,
Teresa Gatheru,0724836941,,Unknown,0,,,,,Active,Loan Files,Grace Mathenge,0743320897,
Joyce Wandaka,0793621965,,Unknown,0,,,,,Active,Loan Files,Tabitha Maina,0728627914,
Diana Kajuju,0742282927,,Unknown,0,,,,,Active,Loan Files,Ann Githaiga,0701965026,
Simon Karani,07989632927,,Unknown,0,,,,,Active,Loan Files,Peter Waititu,0720323599,
Fridah Kanini,0711312215,,Unknown,0,,,,,Active,Loan Files,Susan Wanjiru,0790646590,
Diana Kageha,0769409406,,Unknown,0,,,,,Active,Loan Files,Tabitha Wandaka,0700469416,
Peter Waihenya,0712833328,,Unknown,0,,,,,Active,Loan Files,Elizabeth Wangari,0792402413,
Mercy Macharia,0715228494,,Unknown,0,,,,,Active,Loan Files,Mercy Wanjiru,0727816846,
Tabitha Njenga,0796291816,,Unknown,2001,,,,,Active,Loan Files,Douglas Njenga,0759522005,
Hannah Kuria,0799871943,,Unknown,0,,,,,Active,Loan Files,Sarah Kuria,0742728359,
Hellen Chesang,0790244173,,Unknown,0,,,,,Active,Loan Files,Elijah Kihonge,0768208209,
Pauline Kamau,0708448209,,Unknown,0,,,,,Active,Loan Files,Ann Wangui,0116691166,
Magdaline Karuri,0727364504,,Unknown,0,,,,,Active,Loan Files,Jane Njogu,0792519004,
Monica Gatheca,0741227923,,Unknown,8333,,,,,Active,Loan Files,Benson Wacihi,0757960463,
Josphat Guandarua,0748310063,,Unknown,0,,,,,Active,Loan Files,Simon  Mwangi,0721425519,
Sarah Ndungu,0706439225,,Unknown,0,,,,,Active,Loan Files,Alex Mwiti,0106602609,
Anne Akech Atieno,0715577248,,Unknown,0,,,,,Active,Loan Files,Martha Akinyi,0741463602,
Beatrice Njaramba,0799173612,,Unknown,0,,,,,Active,Loan Files,Peter Njaramba,0708387501,
Nancy Gatwiri,0715924520,,Unknown,8333,,,,,Active,Loan Files,Eunice Kendi,0114625557,
Nancy Maina,024592850,,Unknown,0,,,,,Active,Loan Files,Margaret Kimani,0726768129,
Martin Kiarie,0718846710,,Unknown,0,,,,,Active,Loan Files,Paul Kimani,07708382465,
Harry Thuku,0705436184,,Unknown,0,,,,,Active,Loan Files,Geofrey Njenga,0791919951,
Lucy Wachira,0707492014,,Unknown,0,,,,,Active,Loan Files,Esther Nyambura,0720311445,
Justus Ndungu,0725718918,,Unknown,2000,,,,,Active,Loan Files,Beatrice Wambugu,0711856758,
Samuel Muya,0725380367,,Unknown,0,,,,,Active,Loan Files,Hellen Wanjiku,0728534959,
Josphine Chebet,0791967871,,Unknown,0,,,,,Active,Loan Files,Hannah Kuke,07757262313,
Silvia Wachira,0797396337,,Unknown,0,,,,,Active,Loan Files,Mercy Wangechi,0715228494,
Mary Kingori,0792149332,,Unknown,0,,,,,Active,Loan Files,Mary Chuma,0721778601,
Catherine Mbuni,0727865456,,Unknown,0,,,,,Active,Loan Files,Hannah Macharia,0726503829,
Peter Njoroge,0721356359,,Unknown,0,,,,,Active,Loan Files,Duncan Maina,0721401919,
Hellen Wainana,0727059976,,Unknown,0,,,,,Active,Loan Files,Joseph Munene,0714716360,
Grace Gachuhi,0726949202,,Unknown,0,,,,,Active,Loan Files,Tabitha Ndegwa,0728735170,
Naomi Gituria,0794029149,,Unknown,0,,,,,Active,Loan Files,Esther Gachechere,0717512042,
Daniel Gitau,0794416300,,Unknown,0,,,,,Active,Loan Files,Gladt Njeri,0728397868,
John Mwangi,0724712026,,Unknown,0,,,,,Active,Loan Files,Leah Waruguru,0746563025,
Jesika Kangala,0797775990,,Unknown,0,,,,,Active,Loan Files,Jane Nyambura,0748608288,
Josephat Ngugi,0724701702,,Unknown,0,,,,,Active,Loan Files,Jane Wangari,0710576285,
Edwin Montana,0742033906,,Unknown,0,,,,,Active,Loan Files,Peter Irungu,0790412266,
Joshua Kibon,0721937013,,Unknown,0,,,,,Active,Loan Files,Alice Kimeli,0797691850,
Kelvin Karau,0796250750,,Unknown,500",,,,,Active,Loan Files,Julius Njau,0742199155,
Jecinta Nduta,0769621536,,Unknown,18200,,,,,Active,Loan Files,Grace njuguna,0724544938,
Agnes Muburi,0704163771,,Unknown,0,,,,,Active,Loan Files,Teresiah Gichohi,0727306592,
Milfrida Nyaboke,0742982500,,Unknown,0,,,,,Active,Loan Files,Peter Onyari,0723791251,
Jeddy Wachira,0707593937,,Unknown,0,,,,,Active,Loan Files,Everline   Wachira,0704452061,
Magdaline Wacera,0707143090,,Unknown,0,,,,,Active,Loan Files,Veronica Muchiri,0738427495,
Winnie Mwangi,0715616331,,Unknown,0,,,,,Active,Loan Files,Kelvin Ndung'u,0704690718,
Naomi Ndiritu,0726100264,,Unknown,0,,,,,Active,Loan Files,Zipporah Kamau,0720882664,
Winnie ndirangu,0759607572,,Unknown,0,,,,,Active,Loan Files,Jane Wangui,0758091413,
James Njuguna,0718886595,,Unknown,0,,,,,Active,Loan Files,Joseph Mwangi,0726547436,
Mary Mwangi,0714885607,,Unknown,0,,,,,Active,Loan Files,Simon Mwangi,0796216948,
Damaris Kimathi,0728290725,,Unknown,19500,,,,,Active,Loan Files,Elizabeth Ndung'u,0714592685,
Anthony Wachira,0714076538,,Unknown,0,,,,,Active,Loan Files,Ibrahim Kingori,0798654955,
Mary Lokorach,0701169467,,Unknown,0,,,,,Active,Loan Files,Agnes Barno,0712438585,
Grace Wairimu,0706099951,,Unknown,0,,,,,Active,Loan Files,Loice Njoroge,0727526497,
Naomi Mbuthia,0790058345,,Unknown,0,,,,,Active,Loan Files,Peter Kabata,0111510784,
Joseph ndiritu,0714716360,,Unknown,0,,,,,Active,Loan Files,Richard Karanja,0758589148,
Lydia Kamau,0701035799,,Unknown,0,,,,,Active,Loan Files,Ann Mwangi,0703322932,
Francis Njuguna,0119173109,,Unknown,0,,,,,Active,Loan Files,Mary Wanjiku,0728845042,
Josphine Kapel,0142842993,,Unknown,0,,,,,Active,Loan Files,susan nabaru,0718878829,
Keziah Wamaitha,0700549110,,Unknown,0,,,,,Active,Loan Files,Lucy Mwangi,079480201,
Jacob Koech,0724442266,,Unknown,0,,,,,Active,Loan Files,Fridah Kimagal,072214101,
Alice Wanjiru,0758372505,,Unknown,000",,,,,Active,Loan Files,Margaret Wangari,0,
Joyce kesses,0718659733,,Unknown,0,,,,,Active,Loan Files,Annah Chelagat,0790796424,
Gladys Waweru,0717622386,,Unknown,0,,,,,Active,Loan Files,Milka Kariuki,0 108817449,
Samuel gichia,0702028822,,Unknown,0,,,,,Active,Loan Files,Paul Macharia,0713501528,
Paul Mwangi,0711410254,,Unknown,0,,,,,Active,Loan Files,John Ndirangu,0715257237,
John Irungu,0702599233,,Unknown,0,,,,,Active,Loan Files,Caroline Wanja,0797584851,
Jane Mumbi Theuri,0795544079,,Unknown,13000,,,,,Active,Loan Files,John Theuri,0713472309,
Tabitha Muiga,0729828281,,Unknown,0,,,,,Active,Loan Files,Susan Muchiri,0713328411,
Leonard kamwaru,023849109,,Unknown,0,,,,,Active,Loan Files,Alfred  Etale,0711237285,
cecilia Muraya,0721961454,,Unknown,0,,,,,Active,Loan Files,Esther Kariuki,0714126599,
Mercy Wanjiku,0743665781,,Unknown,0,,,,,Active,Loan Files,Esther Muriuki,0721439189,
Lucy Munene,0720813561,,Unknown,0,,,,,Active,Loan Files,Cecilia Mutungili,0725426487,
Lucy Gathondu,0705851219,,Unknown,4500,,,,,Active,Loan Files,milka wangai,0742242993,
George Waiganjo,0711382851,,Unknown,0,,,,,Active,Loan Files,Charity Ndirangu,0758274400,
Mary Mwaura,0708199244,,Unknown,0,,,,,Active,Loan Files,norman macharia,0700509057,
Sarah Waruguru,0715706681,,Unknown,0,,,,,Active,Loan Files,Samuel Maina,0722948117,
Purity Gacoki,0769573260,,Unknown,0,,,,,Active,Loan Files,Hanah Muchemi,0702653933,
Maurine Kagwora,0723858169,,Unknown,0,,,,,Active,Loan Files,Esther Maina,0703286633,
