LN-740,,0724164082,,Daraja (4 Wks),7000,9000,700,20,0.92,months,active,1/6/2026,29/6/2026,Mixed,,Migrated from JUNE DISBURSEMENT (1).csv,Rachel njoroge,0727992553
LN-741,,0704424647,,Daraja (6 Wks),10000,13,700,30,1.39,months,active,1/6/2026,43/6/2026,Mixed,,Migrated from JUNE DISBURSEMENT (1).csv,Peter Wainana,0711767396
LN-742,,0799835033,,Daraja (6 Wks),10000,13,700,30,1.39,months,active,1/6/2026,43/6/2026,Mixed,,Migrated from JUNE DISBURSEMENT (1).csv,Esther Wambui,0726683825
LN-743,,0701035799,,Daraja (4 Wks),10000,12000,700,20,0.92,months,active,1/6/2026,29/6/2026,Mixed,,Migrated from JUNE DISBURSEMENT (1).csv,Ann Mwangi,0703322932
LN-744,,0703915750,,Daraja (6 Wks),7000,10000,700,30,1.39,months,active,1/6/2026,43/6/2026,Mixed,,Migrated from JUNE DISBURSEMENT (1).csv,Magdaline Maina,0720024027
LN-745,,0710540080,,Vuka (6 Wks),15000,19500,700,30,1.39,months,active,2/6/2026,44/6/2026,Mixed,,Migrated from JUNE DISBURSEMENT (1).csv,Joyce Njoroge,07240666021
LN-746,,0720813561,,Vuka (6 Wks),15000,19500,700,30,1.39,months,active,2/6/2026,44/6/2026,Mixed,,Migrated from JUNE DISBURSEMENT (1).csv,Cecilia Mutungili,0725426487
LN-747,,0706439225,,Daraja (4 Wks),10000,12000,700,20,0.92,months,active,2/6/2026,30/6/2026,Mixed,,Migrated from JUNE DISBURSEMENT (1).csv,Alex Mwiti,0706602209
LN-748,,0746999243,,Daraja (6 Wks),10000,13000,700,30,1.39,months,active,2/6/2026,44/6/2026,Mixed,,Migrated from JUNE DISBURSEMENT (1).csv,Jane Roro,0745305142
LN-749,,0711382851,,Karibu (4 Wks),5000,6000,700,20,0.92,months,active,2/6/2026,30/6/2026,Mixed,,Migrated from JUNE DISBURSEMENT (1).csv,Charity Ndirangu,0758274400
LN-750,,0715747806,,Daraja (6 Wks),7000,10000,700,30,1.39,months,active,2/6/2026,44/6/2026,Mixed,,Migrated from JUNE DISBURSEMENT (1).csv,Teressiah Njoroge,0798764337
LN-751,,0700480519,,Daraja (6 Wks),7000,10000,700,30,1.39,months,active,2/6/2026,44/6/2026,Mixed,,Migrated from JUNE DISBURSEMENT (1).csv,Teresia Maina,015873084
LN-752,,0721572161,,Vuka (6 Wks),15000,19500,700,30,1.39,months,active,3/6/2026,45/6/2026,Mixed,,Migrated from JUNE DISBURSEMENT (1).csv,jane  kariuki,0734256765
LN-753,,0721937013,,Daraja (4 Wks),10000,12000,700,20,0.92,months,active,3/6/2026,31/6/2026,Mixed,,Migrated from JUNE DISBURSEMENT (1).csv,ealice kimeli,0797691850
LN-754,,0719700664,,Daraja (6 Wks),7000,10000,700,30,1.39,months,active,3/6/2026,45/6/2026,Mixed,,Migrated from JUNE DISBURSEMENT (1).csv,peter kimani,0107748401
LN-755,,0726683825,,Daraja (6 Wks),10000,13000,700,30,1.39,months,active,3/6/2026,45/6/2026,Mixed,,Migrated from JUNE DISBURSEMENT (1).csv,rahab njambi,0753040119
LN-756,,0710918080,,Daraja (4 Wks),7000,10000,700,20,0.92,months,active,3/6/2026,31/6/2026,Mixed,,Migrated from JUNE DISBURSEMENT (1).csv,lilian mwai,0793774262
LN-757,,0720340478,,Karibu (4 Wks),5000,6000,700,20,0.92,months,active,3/6/2026,31/6/2026,Mixed,,Migrated from JUNE DISBURSEMENT (1).csv,joyce kamau,0745658943
LN-758,,0746194202,,Daraja (6 Wks),7000,10000,700,30,1.39,months,active,3/6/2026,45/6/2026,Mixed,,Migrated from JUNE DISBURSEMENT (1).csv,catherine maina,0736819560
LN-759,,0116140156,,Vuka (6 Wks),15000,19500,700,30,1.39,months,active,4/6/2026,46/6/2026,Mixed,,Migrated from JUNE DISBURSEMENT (1).csv,stephen sirikwa,0798372422
LN-760,,0142842993,,Karibu (4 Wks),5000,6000,700,20,0.92,months,active,4/6/2026,32/6/2026,Mixed,,Migrated from JUNE DISBURSEMENT (1).csv,susan nabaru,0718878829
LN-761,,0711227118,,Ngaa (6 Wks),30000,40500,700,30,1.39,months,active,4/6/2026,46/6/2026,Mixed,,Migrated from JUNE DISBURSEMENT (1).csv,benson mwaniki,0724382862
LN-762,,0708199244,,wezesha (4 Wks),20000,24000,700,20,0.92,months,active,4/6/2026,32/6/2026,Mixed,,Migrated from JUNE DISBURSEMENT (1).csv,norman macharia,0700509057
LN-763,,0740548417,,Karibu (4 Wks),5000,6000,700,20,0.92,months,active,4/6/2026,32/6/2026,Mixed,,Migrated from JUNE DISBURSEMENT (1).csv,Eunice Akoth,0728108487
LN-764,,0720294359,,Karibu (4 Wks),5000,6000,700,20,0.92,months,active,4/6/2026,32/6/2026,Mixed,,Migrated from JUNE DISBURSEMENT (1).csv,Beth wacera,0716331062
LN-765,,0717796794,,Unknown,10,3,700,0,0,months,active,4/6/2026,4/6/2026,Mixed,,Migrated from JUNE DISBURSEMENT (1).csv,Susan mburu,0108798026
LN-766,,0718400068,,Unknown,10,3,700,0,0,months,active,4/6/2026,4/6/2026,Mixed,,Migrated from JUNE DISBURSEMENT (1).csv,,070051009
LN-767,,07011257897,,Karibu (4 Wks),5000,6000,700,20,0.92,months,active,4/6/2026,32/6/2026,Mixed,,Migrated from JUNE DISBURSEMENT (1).csv,Tabitha Kibuu,0704781632
LN-768,,0794206919,,Daraja (6 Wks),9000,12000,700,30,1.39,months,active,4/6/2026,46/6/2026,Mixed,,Migrated from JUNE DISBURSEMENT (1).csv,Henry Maina,0745034146
LN-769,,07050330,,Paa (6 Wks),25000,34050,700,30,1.39,months,active,5/6/2026,47/6/2026,Mixed,,Migrated from JUNE DISBURSEMENT (1).csv,Jonathan Chemase=254&705033064,0708005715
LN-770,,0748261697,,Daraja (6 Wks),7000,10000,700,30,1.39,months,active,5/6/2026,47/6/2026,Mixed,,Migrated from JUNE DISBURSEMENT (1).csv,Ruth Ndungu,0792748608
LN-771,,0768824476,,Daraja (6 Wks),7000,10000,700,30,1.39,months,active,5/6/2026,47/6/2026,Mixed,,Migrated from JUNE DISBURSEMENT (1).csv,Diana Okeyo,0768094794
LN-772,,0715706681,,wezesha (4 Wks),20000,24000,700,20,0.92,months,active,5/6/2026,33/6/2026,Mixed,,Migrated from JUNE DISBURSEMENT (1).csv,Sa muel Maina,0722948117
LN-773,,0705915891,,wezesha (6 Wks),20000,26000,700,30,1.39,months,active,5/6/2026,47/6/2026,Mixed,,Migrated from JUNE DISBURSEMENT (1).csv,Hellen Kawira,07700066941
LN-774,,0717622386,,Vuka (4 Wks),12000,12000,700,20,0.92,months,active,5/6/2026,33/6/2026,Mixed,,Migrated from JUNE DISBURSEMENT (1).csv,Mary Kariuki,0708817449
LN-775,,0740326857,,Daraja (6 Wks),7000,10000,700,30,1.39,months,active,6-May,,Mixed,,Migrated from JUNE DISBURSEMENT (1).csv,Jeniffer Anana,0718825740
LN-776,,0711124852,,Daraja (6 Wks),7000,10000,700,30,1.39,months,active,5/6/2026,47/6/2026,Mixed,,Migrated from JUNE DISBURSEMENT (1).csv,Mary Maina,0110723989
LN-777,,07153665131,,Daraja (6 Wks),10000,13000,700,30,1.39,months,active,8/6/2026,50/6/2026,Mixed,,Migrated from JUNE DISBURSEMENT (1).csv,Philis Maina,0713543764
LN-778,,05724210636,,Daraja (6 Wks),10000,13000,700,30,1.39,months,active,8/6/2026,50/6/2026,Mixed,,Migrated from JUNE DISBURSEMENT (1).csv,Rosemary Njeri,0740471220
LN-779,,0711680002,,Daraja (6 Wks),10000,13000,700,30,1.39,months,active,8/6/2026,50/6/2026,Mixed,,Migrated from JUNE DISBURSEMENT (1).csv,David Mwangi,08757069418
LN-780,,0714503794,,Daraja (6 Wks),7000,10000,700,30,1.39,months,active,8/6/2026,50/6/2026,Mixed,,Migrated from JUNE DISBURSEMENT (1).csv,Joyce Nduta,0745128614
LN-781,,023849109,,Daraja (6 Wks),10000,13000,700,30,1.39,months,active,8/6/2026,50/6/2026,Mixed,,Migrated from JUNE DISBURSEMENT (1).csv,Alfred  Etale,0711237285
LN-782,,0706439225,,Daraja (4 Wks),10000,12000,700,20,0.92,months,active,9/6/2026,37/6/2026,Mixed,,Migrated from JUNE DISBURSEMENT (1).csv,Alex Mwiti,0706602209
LN-783,,0790082214,,Daraja (6 Wks),7000,10000,700,30,1.39,months,active,9/6/2026,51/6/2026,Mixed,,Migrated from JUNE DISBURSEMENT (1).csv,Maryann Wangui,0712258783
LN-784,,0114732234,,Vuka (6 Wks),14000,18204,700,30,1.39,months,active,9/6/2026,51/6/2026,Mixed,,Migrated from JUNE DISBURSEMENT (1).csv,Rose Gachathi,0723842892
LN-785,,0712005347,,Daraja (6 Wks),7000,10000,700,30,1.39,months,active,9/6/2026,51/6/2026,Mixed,,Migrated from JUNE DISBURSEMENT (1).csv,Catherine Wangechi=254&712005347,0758025726
LN-786,,0110724989,,Daraja (6 Wks),7000,10000,700,30,1.39,months,active,9/6/2026,51/6/2026,Mixed,,Migrated from JUNE DISBURSEMENT (1).csv,John Labor,0712416909
LN-787,,0726706952,,Daraja (4 Wks),7000,10000,700,20,0.92,months,active,9/6/2026,37/6/2026,Mixed,,Migrated from JUNE DISBURSEMENT (1).csv,Diana Mathathi,0716611899
LN-788,,0715709400,,Daraja (6 Wks),7000,10000,700,30,1.39,months,active,9/6/2026,51/6/2026,Mixed,,Migrated from JUNE DISBURSEMENT (1).csv,Agnes Nduta,0713101470
LN-789,,0792049781,,Daraja (6 Wks),7000,10000,700,30,1.39,months,active,9/6/2026,51/6/2026,Mixed,,Migrated from JUNE DISBURSEMENT (1).csv,Catherine Irungu,0728587387
LN-790,,0741687879,,Daraja (6 Wks),10000,13000,700,30,1.39,months,active,9/6/2026,51/6/2026,Mixed,,Migrated from JUNE DISBURSEMENT (1).csv,Maryann Wangui,0793965045
LN-791,,0714076538,,Daraja (4 Wks),10000,12000,700,20,0.92,months,active,9/6/2026,37/6/2026,Mixed,,Migrated from JUNE DISBURSEMENT (1).csv,Ibrahim Kingori,0798654955
LN-792,,0727698567,,wezesha (4 Wks),18000,21600,700,20,0.92,months,active,9/6/2026,37/6/2026,Mixed,,Migrated from JUNE DISBURSEMENT (1).csv,Faris Mwangi,0719306554
LN-793,,0724350985,,Vuka (6 Wks),12000,15600,700,30,1.39,months,active,9/6/2026,51/6/2026,Mixed,,Migrated from JUNE DISBURSEMENT (1).csv,Rachel Kiambati,0796102762
LN-794,,0748485559,,Daraja (6 Wks),7000,10000,700,30,1.39,months,active,10/6/2026,52/6/2026,Mixed,,Migrated from JUNE DISBURSEMENT (1).csv,David Kamau,0791470552
LN-795,,0711973607,,wezesha (4 Wks),20000,24000,700,20,0.92,months,active,10/6/2026,38/6/2026,Mixed,,Migrated from JUNE DISBURSEMENT (1).csv,Peter Njoroge,0742103835
LN-796,,0769694106,,Daraja (4 Wks),10000,12000,700,20,0.92,months,active,10/6/2026,38/6/2026,Mixed,,Migrated from JUNE DISBURSEMENT (1).csv,,0769228244
LN-797,,0790058345,,Daraja (4 Wks),8000,10000,700,20,0.92,months,active,10/6/2026,38/6/2026,Mixed,,Migrated from JUNE DISBURSEMENT (1).csv,Peter Ndindiri,0111510789
LN-798,,0701728665,,Daraja (6 Wks),7000,10000,700,30,1.39,months,active,10/6/2026,52/6/2026,Mixed,,Migrated from JUNE DISBURSEMENT (1).csv,Rose Wangechi,0714901793
LN-799,,07729823193,,Ngaa (6 Wks),30000,40500,700,30,1.39,months,active,11/6/2026,53/6/2026,Mixed,,Migrated from JUNE DISBURSEMENT (1).csv,Charles Kirugo,0717720111
LN-800,,0758991413,,Daraja (6 Wks),9000,12000,700,30,1.39,months,active,11/6/2026,53/6/2026,Mixed,,Migrated from JUNE DISBURSEMENT (1).csv,Patricia Wacuka,0752560980
LN-801,,0746811444,,Daraja (6 Wks),7000,10000,700,30,1.39,months,active,11/6/2026,53/6/2026,Mixed,,Migrated from JUNE DISBURSEMENT (1).csv,John Nderitu,0704825688
LN-802,,0743647697,,Karibu (6 Wks),5000,6000,700,30,1.39,months,active,11/6/2026,53/6/2026,Mixed,,Migrated from JUNE DISBURSEMENT (1).csv,Charles Karari,0741796731
LN-803,,0118525881,,Daraja (4 Wks),7000,9000,700,20,0.92,months,active,11/6/2026,39/6/2026,Mixed,,Migrated from JUNE DISBURSEMENT (1).csv,,0794400120
LN-804,,0728225297,,Daraja (6 Wks),7000,10000,700,30,1.39,months,active,11/6/2026,53/6/2026,Mixed,,Migrated from JUNE DISBURSEMENT (1).csv,kelvin kiptoo,0719545318
LN-805,,0792612031,,Daraja (6 Wks),7000,10000,700,30,1.39,months,active,11/6/2026,53/6/2026,Mixed,,Migrated from JUNE DISBURSEMENT (1).csv,Mary kinyanjui,0716523140
LN-806,,0725709459,,Daraja (6 Wks),7000,10000,700,30,1.39,months,active,11/6/2026,53/6/2026,Mixed,,Migrated from JUNE DISBURSEMENT (1).csv,Kenneth Kuria,0722416830
LN-807,,0727368599,,Daraja (6 Wks),7000,10000,700,30,1.39,months,active,12/6/2026,54/6/2026,Mixed,,Migrated from JUNE DISBURSEMENT (1).csv,Boniface Njambi,0714398204
LN-808,,0759831343,,Daraja (6 Wks),7000,10000,700,30,1.39,months,active,12/6/2026,54/6/2026,Mixed,,Migrated from JUNE DISBURSEMENT (1).csv,Frida Mahiga,0722715234
LN-809,,0704825688,,Daraja (6 Wks),7000,10000,700,30,1.39,months,active,12/6/2026,54/6/2026,Mixed,,Migrated from JUNE DISBURSEMENT (1).csv,Jane Muthoni,0726890467
LN-810,,0706607577,,Daraja (6 Wks),10000,13000,700,30,1.39,months,active,12/6/2026,54/6/2026,Mixed,,Migrated from JUNE DISBURSEMENT (1).csv,Moses Mithaga,0743458451
LN-811,,0729518016,,Karibu (4 Wks),5000,6000,700,20,0.92,months,active,12/6/2026,40/6/2026,Mixed,,Migrated from JUNE DISBURSEMENT (1).csv,Norman Ngige,0711063122
LN-812,,0723495587,,Vuka (6 Wks),15000,19500,700,30,1.39,months,active,12/6/2026,54/6/2026,Mixed,,Migrated from JUNE DISBURSEMENT (1).csv,Joyce Macharia,0729417206
LN-813,,0721991675,,Daraja (6 Wks),7000,10000,700,30,1.39,months,active,12/6/2026,54/6/2026,Mixed,,Migrated from JUNE DISBURSEMENT (1).csv,Lucy Nambayaiye,0716331062
LN-814,,0723858169,,Daraja (4 Wks),7000,9000,700,20,0.92,months,active,12/6/2026,40/6/2026,Mixed,,Migrated from JUNE DISBURSEMENT (1).csv,Esther Maina,0703286633
LN-815,,0705304253,,Daraja (6 Wks),9000,12000,700,30,1.39,months,active,12/6/2026,54/6/2026,Mixed,,Migrated from JUNE DISBURSEMENT (1).csv,Naomi Bosibori,0706841567
LN-816,,0724153150,,Daraja (6 Wks),10000,13000,700,30,1.39,months,active,12/6/2026,54/6/2026,Mixed,,Migrated from JUNE DISBURSEMENT (1).csv,Molly Mugure,0721815920
LN-817,,07153905575,,Daraja (6 Wks),10000,13000,700,30,1.39,months,active,12/6/2026,54/6/2026,Mixed,,Migrated from JUNE DISBURSEMENT (1).csv,Daniel Maina,0759859581
LN-818,,0795157747,,Daraja (6 Wks),7000,10000,700,30,1.39,months,active,12/6/2026,54/6/2026,Mixed,,Migrated from JUNE DISBURSEMENT (1).csv,Rose Muchoki,0757630137
LN-819,,0714359854,,Paa (6 Wks),25000,34050,700,30,1.39,months,active,12/6/2026,54/6/2026,Mixed,,Migrated from JUNE DISBURSEMENT (1).csv,James Karika,0751778506
LN-820,,0727877025,,Daraja (6 Wks),7000,10000,700,30,1.39,months,active,15/6/2026,57/6/2026,Mixed,,Migrated from JUNE DISBURSEMENT (1).csv,Serah Chege,05726297808
LN-821,,0729144308,,Vuka (6 Wks),12000,15600,700,30,1.39,months,active,15/6/2026,57/6/2026,Mixed,,Migrated from JUNE DISBURSEMENT (1).csv,Margaret Wangui,0700570661
LN-822,,0721994091,,Daraja (6 Wks),8000,11004,700,30,1.39,months,active,15/6/2026,57/6/2026,Mixed,,Migrated from JUNE DISBURSEMENT (1).csv,Catherine kiruri,0715747740
LN-823,,0724544938,,Daraja (6 Wks),8000,11000,700,30,1.39,months,active,15/6/2026,57/6/2026,Mixed,,Migrated from JUNE DISBURSEMENT (1).csv,Rabecca Njuguna,0740441273
LN-824,,0724024611,,Daraja (6 Wks),10000,13000,700,30,1.39,months,active,15/6/2026,57/6/2026,Mixed,,Migrated from JUNE DISBURSEMENT (1).csv,Agnes Lele,0795493127
LN-825,,0715365131,,Daraja (6 Wks),10000,13000,700,30,1.39,months,active,15/6/2026,57/6/2026,Mixed,,Migrated from JUNE DISBURSEMENT (1).csv,Philis Maina,0713543764
LN-826,,0700934013,,Daraja (4 Wks),10000,12000,700,20,0.92,months,active,15/6/2026,43/6/2026,Mixed,,Migrated from JUNE DISBURSEMENT (1).csv,Peter Mwangi,0796819892
LN-827,,0769573260,,Daraja (4 Wks),10000,12000,700,20,0.92,months,active,15/6/2026,43/6/2026,Mixed,,Migrated from JUNE DISBURSEMENT (1).csv,Hanah Muchemi,0702653933
LN-828,,0728586678,,Daraja (4 Wks),7000,9000,700,20,0.92,months,active,15/6/2026,43/6/2026,Mixed,,Migrated from JUNE DISBURSEMENT (1).csv,Mary Macharia,0725585188
LN-829,,0707655312,,Daraja (6 Wks),9000,12000,700,30,1.39,months,active,15/6/2026,57/6/2026,Mixed,,Migrated from JUNE DISBURSEMENT (1).csv,Janet Matanu,0711346285
LN-830,,0791842906,,Daraja (6 Wks),10000,13000,700,30,1.39,months,active,15/6/2026,57/6/2026,Mixed,,Migrated from JUNE DISBURSEMENT (1).csv,Esther Njoroge,0354710467216
LN-831,,0722655548,,Daraja (6 Wks),8000,11000,700,30,1.39,months,active,15/6/2026,57/6/2026,Mixed,,Migrated from JUNE DISBURSEMENT (1).csv,Mary kimamo,0701481316
LN-832,,0724836941,,Daraja (4 Wks),10000,12000,700,20,0.92,months,active,15/6/2026,43/6/2026,Mixed,,Migrated from JUNE DISBURSEMENT (1).csv,Grace Mathenge,0743320897
LN-833,,0793621965,,wezesha (4 Wks),20000,24000,700,20,0.92,months,active,15/6/2026,43/6/2026,Mixed,,Migrated from JUNE DISBURSEMENT (1).csv,Tabitha Maina,0728627914
LN-834,,0742282927,,Daraja (6 Wks),10000,13000,700,30,1.39,months,active,15/6/2026,57/6/2026,Mixed,,Migrated from JUNE DISBURSEMENT (1).csv,Ann Githaiga,0701965026
LN-835,,07989632927,,Daraja (4 Wks),10000,12000,700,20,0.92,months,active,15/6/2026,43/6/2026,Mixed,,Migrated from JUNE DISBURSEMENT (1).csv,Peter Waititu,0720323599
LN-836,,0711312215,,Vuka (6 Wks),12000,15600,700,30,1.39,months,active,16/6/2026,58/6/2026,Mixed,,Migrated from JUNE DISBURSEMENT (1).csv,Susan Wanjiru,0790646590
LN-837,,0769409406,,Daraja (4 Wks),7000,9000,700,20,0.92,months,active,16/6/2026,44/6/2026,Mixed,,Migrated from JUNE DISBURSEMENT (1).csv,Tabitha Wandaka,0700469416
LN-838,,0712833328,,Daraja (6 Wks),10000,13000,700,30,1.39,months,active,16/6/2026,58/6/2026,Mixed,,Migrated from JUNE DISBURSEMENT (1).csv,Elizabeth Wangari,0792402413
LN-839,,0715228494,,Daraja (4 Wks),10000,12000,700,20,0.92,months,active,16/6/2026,44/6/2026,Mixed,,Migrated from JUNE DISBURSEMENT (1).csv,Mercy Wanjiru,0727816846
LN-840,,0796291816,,Daraja (6 Wks),7000,10000,700,30,1.39,months,active,16/6/2026,58/6/2026,Mixed,,Migrated from JUNE DISBURSEMENT (1).csv,Douglas Njenga,0759522005
LN-841,,0799871943,,Daraja (6 Wks),10000,13000,700,30,1.39,months,active,16/6/2026,58/6/2026,Mixed,,Migrated from JUNE DISBURSEMENT (1).csv,Sarah Kuria,0742728359
LN-842,,0790244173,,Daraja (6 Wks),10000,13000,700,30,1.39,months,active,17/6/2026,59/6/2026,Mixed,,Migrated from JUNE DISBURSEMENT (1).csv,Elijah Kihonge,0768208209
LN-843,,0708448209,,Vuka (6 Wks),12000,15600,700,30,1.39,months,active,17/6/2026,59/6/2026,Mixed,,Migrated from JUNE DISBURSEMENT (1).csv,Ann Wangui,0116691166
LN-844,,0727364504,,Vuka (6 Wks),12000,15600,700,30,1.39,months,active,17/6/2026,59/6/2026,Mixed,,Migrated from JUNE DISBURSEMENT (1).csv,Jane Njogu,0792519004
LN-845,,0741227923,,Daraja (6 Wks),7000,10000,700,30,1.39,months,active,17/6/2026,59/6/2026,Mixed,,Migrated from JUNE DISBURSEMENT (1).csv,Benson Wacihi,0757960463
LN-846,,0748310063,,Daraja (6 Wks),10000,13000,700,30,1.39,months,active,17/6/2026,59/6/2026,Mixed,,Migrated from JUNE DISBURSEMENT (1).csv,Simon  Mwangi,0721425519
LN-847,,0706439225,,Daraja (4 Wks),10000,12000,700,20,0.92,months,active,17/6/2026,45/6/2026,Mixed,,Migrated from JUNE DISBURSEMENT (1).csv,Alex Mwiti,0106602609
LN-848,,0715577248,,Daraja (6 Wks),8000,11000,700,30,1.39,months,active,17/6/2026,59/6/2026,Mixed,,Migrated from JUNE DISBURSEMENT (1).csv,Martha Akinyi,0741463602
LN-849,,0799173612,,Daraja (4 Wks),10000,12000,700,20,0.92,months,active,17/6/2026,45/6/2026,Mixed,,Migrated from JUNE DISBURSEMENT (1).csv,Peter Njaramba,0708387501
LN-850,,0715924520,,Daraja (6 Wks),7000,10000,700,30,1.39,months,active,17/6/2026,59/6/2026,Mixed,,Migrated from JUNE DISBURSEMENT (1).csv,Eunice Kendi,0114625557
LN-851,,024592850,,Daraja (6 Wks),7000,10000,700,30,1.39,months,active,18/6/2026,60/6/2026,Mixed,,Migrated from JUNE DISBURSEMENT (1).csv,Margaret Kimani,0726768129
LN-852,,0718846710,,Vuka (6 Wks),12000,15600,700,30,1.39,months,active,18/6/2026,60/6/2026,Mixed,,Migrated from JUNE DISBURSEMENT (1).csv,Paul Kimani,07708382465
LN-853,,0705436184,,Karibu (4 Wks),5000,6000,700,20,0.92,months,active,18/6/2026,46/6/2026,Mixed,,Migrated from JUNE DISBURSEMENT (1).csv,Geofrey Njenga,0791919951
LN-854,,0707492014,,Daraja (6 Wks),7000,10000,700,30,1.39,months,active,18/6/2026,60/6/2026,Mixed,,Migrated from JUNE DISBURSEMENT (1).csv,Esther Nyambura,0720311445
LN-855,,0725718918,,Daraja (6 Wks),9000,11000,700,30,1.39,months,active,18/6/2026,60/6/2026,Mixed,,Migrated from JUNE DISBURSEMENT (1).csv,Beatrice Wambugu,0711856758
LN-856,,0725380367,,Daraja (6 Wks),10000,13000,700,30,1.39,months,active,18/6/2026,60/6/2026,Mixed,,Migrated from JUNE DISBURSEMENT (1).csv,Hellen Wanjiku,0728534959
LN-857,,0791967871,,Karibu (4 Wks),5000,6000,700,20,0.92,months,active,18/6/2026,46/6/2026,Mixed,,Migrated from JUNE DISBURSEMENT (1).csv,Hannah Kuke,07757262313
LN-858,,0797396337,,Daraja (4 Wks),10000,12000,700,20,0.92,months,active,19/6/2026,47/6/2026,Mixed,,Migrated from JUNE DISBURSEMENT (1).csv,Mercy Wangechi,0715228494
LN-859,,0792149332,,Daraja (6 Wks),7000,10000,700,30,1.39,months,active,19/6/2026,61/6/2026,Mixed,,Migrated from JUNE DISBURSEMENT (1).csv,Mary Chuma,0721778601
LN-860,,0727865456,,Paa (6 Wks),25000,34050,700,30,1.39,months,active,19/6/2026,61/6/2026,Mixed,,Migrated from JUNE DISBURSEMENT (1).csv,Hannah Macharia,0726503829
LN-861,,0721356359,,Vuka (6 Wks),15000,19500,700,30,1.39,months,active,19/6/2026,61/6/2026,Mixed,,Migrated from JUNE DISBURSEMENT (1).csv,Duncan Maina,0721401919
LN-862,,0727059976,,Karibu (4 Wks),5000,6000,700,20,0.92,months,active,19/6/2026,47/6/2026,Mixed,,Migrated from JUNE DISBURSEMENT (1).csv,Joseph Munene,0714716360
LN-863,,0726949202,,Daraja (6 Wks),7000,10000,700,30,1.39,months,active,19/6/2026,61/6/2026,Mixed,,Migrated from JUNE DISBURSEMENT (1).csv,Tabitha Ndegwa,0728735170
LN-864,,0794029149,,Daraja (6 Wks),7000,10000,700,30,1.39,months,active,19/6/2026,61/6/2026,Mixed,,Migrated from JUNE DISBURSEMENT (1).csv,Esther Gachechere,0717512042
LN-865,,0794416300,,Karibu (4 Wks),5000,6000,700,20,0.92,months,active,19/6/2026,47/6/2026,Mixed,,Migrated from JUNE DISBURSEMENT (1).csv,Gladt Njeri,0728397868
LN-866,,0724712026,,Daraja (4 Wks),10000,12000,700,20,0.92,months,active,19/6/2026,47/6/2026,Mixed,,Migrated from JUNE DISBURSEMENT (1).csv,Leah Waruguru,0746563025
LN-867,,0797775990,,Vuka (6 Wks),12000,15600,700,30,1.39,months,active,22/6/2026,64/6/2026,Mixed,,Migrated from JUNE DISBURSEMENT (1).csv,Jane Nyambura,0748608288
LN-868,,0724701702,,Vuka (6 Wks),12000,15600,700,30,1.39,months,active,22/6/2026,64/6/2026,Mixed,,Migrated from JUNE DISBURSEMENT (1).csv,Jane Wangari,0710576285
LN-869,,0742033906,,Vuka (6 Wks),12000,15600,700,30,1.39,months,active,22/6/2026,64/6/2026,Mixed,,Migrated from JUNE DISBURSEMENT (1).csv,Peter Irungu,0790412266
LN-870,,0721937013,,Daraja (4 Wks),10000,12000,700,20,0.92,months,active,22/6/2026,50/6/2026,Mixed,,Migrated from JUNE DISBURSEMENT (1).csv,Alice Kimeli,0797691850
LN-871,,0796250750,,Unknown,15,4,700,0,0,months,active,22/6/2026,22/6/2026,Mixed,,Migrated from JUNE DISBURSEMENT (1).csv,Julius Njau,0742199155
LN-872,,0769621536,,Vuka (6 Wks),14000,18,700,30,1.39,months,active,22/6/2026,64/6/2026,Mixed,,Migrated from JUNE DISBURSEMENT (1).csv,Grace njuguna,0724544938
LN-873,,0704163771,,wezesha (4 Wks),20000,24000,700,20,0.92,months,active,22/6/2026,50/6/2026,Mixed,,Migrated from JUNE DISBURSEMENT (1).csv,Teresiah Gichohi,0727306592
LN-874,,0742982500,,Daraja (6 Wks),8000,11000,700,30,1.39,months,active,22/6/2026,64/6/2026,Mixed,,Migrated from JUNE DISBURSEMENT (1).csv,Peter Onyari,0723791251
LN-875,,0707593937,,Daraja (6 Wks),7000,10000,700,30,1.39,months,active,22/6/2026,64/6/2026,Mixed,,Migrated from JUNE DISBURSEMENT (1).csv,Everline   Wachira,0704452061
LN-876,,0707143090,,Daraja (6 Wks),7000,10000,700,30,1.39,months,active,23/6/2026,65/6/2026,Mixed,,Migrated from JUNE DISBURSEMENT (1).csv,Veronica Muchiri,0738427495
LN-877,,0715616331,,Vuka (6 Wks),12000,15600,700,30,1.39,months,active,23/6/2026,65/6/2026,Mixed,,Migrated from JUNE DISBURSEMENT (1).csv,Kelvin Ndung'u,0704690718
LN-878,,0726100264,,Karibu (4 Wks),5000,6000,700,20,0.92,months,active,23/6/2026,51/6/2026,Mixed,,Migrated from JUNE DISBURSEMENT (1).csv,Zipporah Kamau,0720882664
LN-879,,0759607572,,Daraja (4 Wks),10000,12000,700,20,0.92,months,active,23/6/2026,51/6/2026,Mixed,,Migrated from JUNE DISBURSEMENT (1).csv,Jane Wangui,0758091413
LN-880,,0718886595,,Karibu (4 Wks),5000,6000,700,20,0.92,months,active,23/6/2026,51/6/2026,Mixed,,Migrated from JUNE DISBURSEMENT (1).csv,Joseph Mwangi,0726547436
LN-881,,0714885607,,Vuka (6 Wks),12000,15600,700,30,1.39,months,active,23/6/2026,65/6/2026,Mixed,,Migrated from JUNE DISBURSEMENT (1).csv,Simon Mwangi,0796216948
LN-882,,0728290725,,Vuka (6 Wks),15000,19,700,30,1.39,months,active,23/6/2026,65/6/2026,Mixed,,Migrated from JUNE DISBURSEMENT (1).csv,Elizabeth Ndung'u,0714592685
LN-883,,0714076538,,Daraja (4 Wks),10000,12000,700,20,0.92,months,active,24/6/2026,52/6/2026,Mixed,,Migrated from JUNE DISBURSEMENT (1).csv,Ibrahim Kingori,0798654955
LN-884,,0701169467,,Daraja (6 Wks),8000,11000,700,30,1.39,months,active,24/6/2026,66/6/2026,Mixed,,Migrated from JUNE DISBURSEMENT (1).csv,Agnes Barno,0712438585
LN-885,,0706099951,,Daraja (6 Wks),7000,10000,700,30,1.39,months,active,24/6/2026,66/6/2026,Mixed,,Migrated from JUNE DISBURSEMENT (1).csv,Loice Njoroge,0727526497
LN-886,,0790058345,,Daraja (4 Wks),8000,10000,700,20,0.92,months,active,24/6/2026,52/6/2026,Mixed,,Migrated from JUNE DISBURSEMENT (1).csv,Peter Kabata,0111510784
LN-887,,0714716360,,Daraja (6 Wks),10000,13000,700,30,1.39,months,active,24/6/2026,66/6/2026,Mixed,,Migrated from JUNE DISBURSEMENT (1).csv,Richard Karanja,0758589148
LN-888,,0701035799,,Daraja (4 Wks),10000,12000,700,20,0.92,months,active,24/6/2026,52/6/2026,Mixed,,Migrated from JUNE DISBURSEMENT (1).csv,Ann Mwangi,0703322932
LN-889,,0119173109,,Daraja (6 Wks),10000,13000,700,30,1.39,months,active,24/6/2026,66/6/2026,Mixed,,Migrated from JUNE DISBURSEMENT (1).csv,Mary Wanjiku,0728845042
LN-890,,0142842993,,Karibu (4 Wks),5000,6000,700,20,0.92,months,active,25/6/2026,53/6/2026,Mixed,,Migrated from JUNE DISBURSEMENT (1).csv,susan nabaru,0718878829
LN-891,,0700549110,,Daraja (6 Wks),10000,13000,700,30,1.39,months,active,25/6/2026,67/6/2026,Mixed,,Migrated from JUNE DISBURSEMENT (1).csv,Lucy Mwangi,079480201
LN-892,,0724442266,,Daraja (4 Wks),10000,12000,700,20,0.92,months,active,25/6/2026,53/6/2026,Mixed,,Migrated from JUNE DISBURSEMENT (1).csv,Fridah Kimagal,072214101
LN-893,,0758372505,,Unknown,10,3,700,0,0,months,active,25/6/2026,25/6/2026,Mixed,,Migrated from JUNE DISBURSEMENT (1).csv,Margaret Wangari,0
LN-894,,0718659733,,Daraja (6 Wks),7000,10000,700,30,1.39,months,active,25/6/2026,67/6/2026,Mixed,,Migrated from JUNE DISBURSEMENT (1).csv,Annah Chelagat,0790796424
LN-895,,0717622386,,Vuka (4 Wks),12000,14400,700,20,0.92,months,active,26/6/2026,54/6/2026,Mixed,,Migrated from JUNE DISBURSEMENT (1).csv,Milka Kariuki,0 108817449
LN-896,,0702028822,,Daraja (6 Wks),10000,13000,700,30,1.39,months,active,26/6/2026,68/6/2026,Mixed,,Migrated from JUNE DISBURSEMENT (1).csv,Paul Macharia,0713501528
LN-897,,0711410254,,Daraja (6 Wks),7000,10000,700,30,1.39,months,active,26/6/2026,68/6/2026,Mixed,,Migrated from JUNE DISBURSEMENT (1).csv,John Ndirangu,0715257237
LN-898,,0702599233,,Daraja (6 Wks),7000,10000,700,30,1.39,months,active,26/6/2026,68/6/2026,Mixed,,Migrated from JUNE DISBURSEMENT (1).csv,Caroline Wanja,0797584851
LN-899,,0795544079,,Daraja (6 Wks),10000,13,700,30,1.39,months,active,26/6/2026,68/6/2026,Mixed,,Migrated from JUNE DISBURSEMENT (1).csv,John Theuri,0713472309
LN-900,,0729828281,,Daraja (6 Wks),7000,10000,700,30,1.39,months,active,29/6/2026,71/6/2026,Mixed,,Migrated from JUNE DISBURSEMENT (1).csv,Susan Muchiri,0713328411
LN-901,,023849109,,Daraja (6 Wks),10000,13000,700,30,1.39,months,active,29/6/2026,71/6/2026,Mixed,,Migrated from JUNE DISBURSEMENT (1).csv,Alfred  Etale,0711237285
LN-902,,0721961454,,Daraja (6 Wks),7000,10000,700,30,1.39,months,active,29/6/2026,71/6/2026,Mixed,,Migrated from JUNE DISBURSEMENT (1).csv,Esther Kariuki,0714126599
LN-903,,0743665781,,Daraja (6 Wks),7000,10000,700,30,1.39,months,active,29/6/2026,71/6/2026,Mixed,,Migrated from JUNE DISBURSEMENT (1).csv,Esther Muriuki,0721439189
LN-904,,0720813561,,wezesha (6 Wks),17000,22100,700,30,1.39,months,active,29/6/2026,71/6/2026,Mixed,,Migrated from JUNE DISBURSEMENT (1).csv,Cecilia Mutungili,0725426487
LN-905,,0705851219,,Daraja (4 Wks),7000,9000,700,20,0.92,months,active,29/6/2026,57/6/2026,Mixed,,Migrated from JUNE DISBURSEMENT (1).csv,milka wangai,0742242993
LN-906,,0711382851,,Karibu (4 Wks),5000,6000,700,20,0.92,months,active,30/6/2026,58/6/2026,Mixed,,Migrated from JUNE DISBURSEMENT (1).csv,Charity Ndirangu,0758274400
LN-907,,0708199244,,wezesha (4 Wks),20000,24000,700,20,0.92,months,active,30/6/2026,58/6/2026,Mixed,,Migrated from JUNE DISBURSEMENT (1).csv,norman macharia,0700509057
LN-908,,0715706681,,wezesha (4 Wks),20000,24000,700,20,0.92,months,active,30/6/2026,58/6/2026,Mixed,,Migrated from JUNE DISBURSEMENT (1).csv,Samuel Maina,0722948117
LN-909,,0769573260,,Daraja (4 Wks),10000,12000,700,20,0.92,months,active,30/6/2026,58/6/2026,Mixed,,Migrated from JUNE DISBURSEMENT (1).csv,Hanah Muchemi,0702653933
LN-910,,0723858169,,Daraja (4 Wks),7000,9000,700,20,0.92,months,active,30/6/2026,58/6/2026,Mixed,,Migrated from JUNE DISBURSEMENT (1).csv,Esther Maina,0703286633
