Loan Number,Client Name,Client ID,Client Phone,Guarantor Name,Guarantor Contact,Product Name,Principal,Balance,Interest Rate,Disbursement Date,Maturity Date,Branch,Loan Officer,Status,Arrears Indicator,Source File
LN-736,,,790058345,,,Daraja (4 Wks),8000,10000,20,3/10/2026,31/10/2026,Nyahururu,,YES - In Arrears,Migrated from OCTOBER DISBURSEMENT NYAHURURU.csv
LN-737,,,791046162,,,Daraja (6 Wks),7000,10000,30,3/10/2026,45/10/2026,Nyahururu,,YES - In Arrears,Migrated from OCTOBER DISBURSEMENT NYAHURURU.csv
LN-735,,,725559308,,,Daraja (6 Wks),7000,10000,30,3/10/2026,45/10/2026,Nyahururu,,YES - In Arrears,Migrated from OCTOBER DISBURSEMENT NYAHURURU.csv
LN-734,,,795314749,,,Daraja (6 Wks),7000,10000,30,3/10/2026,45/10/2026,Nyahururu,,YES - In Arrears,Migrated from OCTOBER DISBURSEMENT NYAHURURU.csv
LN-209,,,795314749,,,Daraja (6 Wks),7000,10000,30,3/10/2026,45/10/2026,Nyahururu,,YES - In Arrears,Migrated from OCTOBER DISBURSEMENT NYAHURURU.csv
LN-212,,,791046162,,,Daraja (6 Wks),7000,10000,30,3/10/2026,45/10/2026,Nyahururu,,YES - In Arrears,Migrated from OCTOBER DISBURSEMENT NYAHURURU.csv
LN-211,,,790058345,,,Daraja (4 Wks),8000,10000,20,3/10/2026,31/10/2026,Nyahururu,,YES - In Arrears,Migrated from OCTOBER DISBURSEMENT NYAHURURU.csv
LN-210,,,725559308,,,Daraja (6 Wks),7000,10000,30,3/10/2026,45/10/2026,Nyahururu,,YES - In Arrears,Migrated from OCTOBER DISBURSEMENT NYAHURURU.csv
LN-196,,,791933445,,,Daraja (4 Wks),7000,9000,20,2/10/2026,30/10/2026,Nyahururu,,YES - In Arrears,Migrated from OCTOBER DISBURSEMENT NYAHURURU.csv
LN-200,,,718886595,,,Daraja (6 Wks),7000,10000,30,2/10/2026,44/10/2026,Nyahururu,,YES - In Arrears,Migrated from OCTOBER DISBURSEMENT NYAHURURU.csv
LN-201,,,720813561,,,wezesha (6 Wks),19000,24800,30,2/10/2026,44/10/2026,Nyahururu,,YES - In Arrears,Migrated from OCTOBER DISBURSEMENT NYAHURURU.csv
LN-202,,,710733293,,,Daraja (6 Wks),7000,10000,30,2/10/2026,44/10/2026,Nyahururu,,YES - In Arrears,Migrated from OCTOBER DISBURSEMENT NYAHURURU.csv
LN-197,,,715068622,,,Daraja (6 Wks),7000,10000,30,2/10/2026,44/10/2026,Nyahururu,,YES - In Arrears,Migrated from OCTOBER DISBURSEMENT NYAHURURU.csv
LN-198,,,725818764,,,Daraja (4 Wks),8000,10000,20,2/10/2026,30/10/2026,Nyahururu,,YES - In Arrears,Migrated from OCTOBER DISBURSEMENT NYAHURURU.csv
LN-199,,,721356359,,,Daraja (4 Wks),7000,9000,20,2/10/2026,30/10/2026,Nyahururu,,YES - In Arrears,Migrated from OCTOBER DISBURSEMENT NYAHURURU.csv
LN-206,,,740854760,,,Vuka (6 Wks),12000,15600,30,2/10/2026,44/10/2026,Nyahururu,,YES - In Arrears,Migrated from OCTOBER DISBURSEMENT NYAHURURU.csv
LN-207,,,769409406,,,Vuka (4 Wks),12000,14400,20,2/10/2026,30/10/2026,Nyahururu,,YES - In Arrears,Migrated from OCTOBER DISBURSEMENT NYAHURURU.csv
LN-208,,,795884457,,,Daraja (6 Wks),7000,10000,30,2/10/2026,44/10/2026,Nyahururu,,YES - In Arrears,Migrated from OCTOBER DISBURSEMENT NYAHURURU.csv
LN-203,,,748310063,,,Daraja (6 Wks),10000,13000,30,2/10/2026,44/10/2026,Nyahururu,,YES - In Arrears,Migrated from OCTOBER DISBURSEMENT NYAHURURU.csv
LN-204,,,700430558,,,Daraja (6 Wks),7000,10000,30,2/10/2026,44/10/2026,Nyahururu,,YES - In Arrears,Migrated from OCTOBER DISBURSEMENT NYAHURURU.csv
LN-205,,,719700664,,,Daraja (6 Wks),7000,10000,30,2/10/2026,44/10/2026,Nyahururu,,YES - In Arrears,Migrated from OCTOBER DISBURSEMENT NYAHURURU.csv
LN-728,,,748310063,,,Daraja (6 Wks),10000,13000,30,2/10/2026,44/10/2026,Nyahururu,,YES - In Arrears,Migrated from OCTOBER DISBURSEMENT NYAHURURU.csv
LN-727,,,710733293,,,Daraja (6 Wks),7000,10000,30,2/10/2026,44/10/2026,Nyahururu,,YES - In Arrears,Migrated from OCTOBER DISBURSEMENT NYAHURURU.csv
LN-726,,,720813561,,,wezesha (6 Wks),19000,24800,30,2/10/2026,44/10/2026,Nyahururu,,YES - In Arrears,Migrated from OCTOBER DISBURSEMENT NYAHURURU.csv
LN-730,,,719700664,,,Daraja (6 Wks),7000,10000,30,2/10/2026,44/10/2026,Nyahururu,,YES - In Arrears,Migrated from OCTOBER DISBURSEMENT NYAHURURU.csv
LN-733,,,795884457,,,Daraja (6 Wks),7000,10000,30,2/10/2026,44/10/2026,Nyahururu,,YES - In Arrears,Migrated from OCTOBER DISBURSEMENT NYAHURURU.csv
LN-732,,,769409406,,,Vuka (4 Wks),12000,14400,20,2/10/2026,30/10/2026,Nyahururu,,YES - In Arrears,Migrated from OCTOBER DISBURSEMENT NYAHURURU.csv
LN-731,,,740854760,,,Vuka (6 Wks),12000,15600,30,2/10/2026,44/10/2026,Nyahururu,,YES - In Arrears,Migrated from OCTOBER DISBURSEMENT NYAHURURU.csv
LN-723,,,725818764,,,Daraja (4 Wks),8000,10000,20,2/10/2026,30/10/2026,Nyahururu,,YES - In Arrears,Migrated from OCTOBER DISBURSEMENT NYAHURURU.csv
LN-729,,,700430558,,,Daraja (6 Wks),7000,10000,30,2/10/2026,44/10/2026,Nyahururu,,YES - In Arrears,Migrated from OCTOBER DISBURSEMENT NYAHURURU.csv
LN-722,,,715068622,,,Daraja (6 Wks),7000,10000,30,2/10/2026,44/10/2026,Nyahururu,,YES - In Arrears,Migrated from OCTOBER DISBURSEMENT NYAHURURU.csv
LN-721,,,791933445,,,Daraja (4 Wks),7000,9000,20,2/10/2026,30/10/2026,Nyahururu,,YES - In Arrears,Migrated from OCTOBER DISBURSEMENT NYAHURURU.csv
LN-725,,,718886595,,,Daraja (6 Wks),7000,10000,30,2/10/2026,44/10/2026,Nyahururu,,YES - In Arrears,Migrated from OCTOBER DISBURSEMENT NYAHURURU.csv
LN-724,,,721356359,,,Daraja (4 Wks),7000,9000,20,2/10/2026,30/10/2026,Nyahururu,,YES - In Arrears,Migrated from OCTOBER DISBURSEMENT NYAHURURU.csv
LN-189,,,794400120,,,Karibu (6 Wks),3000,4999,30,31/8/2026,70031/8/2026,Nyahururu,,YES - In Arrears,Migrated from AUGUST DISBURSEMENT NYAHURURU (2).csv
LN-190,,,793568159,,,Unknown,2000,2850,0,31/8/2026,63031/8/2026,Nyahururu,,YES - In Arrears,Migrated from AUGUST DISBURSEMENT NYAHURURU (2).csv
LN-187,,,748310063,,,Karibu (6 Wks),3000,0,30,31/8/2026,91031/8/2026,Nyahururu,,NO - Paid,Migrated from AUGUST DISBURSEMENT NYAHURURU (2).csv
LN-188,,,724701702,,,Karibu (6 Wks),3600,5200,30,31/8/2026,109231/8/2026,Nyahururu,,YES - In Arrears,Migrated from AUGUST DISBURSEMENT NYAHURURU (2).csv
LN-191,,,119173109,,,Karibu (6 Wks),3000,3332,30,31/8/2026,70031/8/2026,Nyahururu,,YES - In Arrears,Migrated from AUGUST DISBURSEMENT NYAHURURU (2).csv
LN-194,,,721142486,,,Unknown,10500,13500,0,31/8/2026,283531/8/2026,Nyahururu,,YES - In Arrears,Migrated from AUGUST DISBURSEMENT NYAHURURU (2).csv
LN-195,,,724544938,,,Karibu (6 Wks),3000,4332,30,31/8/2026,91031/8/2026,Nyahururu,,YES - In Arrears,Migrated from AUGUST DISBURSEMENT NYAHURURU (2).csv
LN-192,,,720241837,,,Unknown,2000,0,0,31/8/2026,84031/8/2026,Nyahururu,,NO - Paid,Migrated from AUGUST DISBURSEMENT NYAHURURU (2).csv
LN-193,,,798632927,,,Unknown,2000,0,0,31/8/2026,84031/8/2026,Nyahururu,,NO - Paid,Migrated from AUGUST DISBURSEMENT NYAHURURU (2).csv
LN-184,,,724712026,,,Karibu (6 Wks),4200,3030,30,28/8/2026,127428/8/2026,Nyahururu,,YES - In Arrears,Migrated from AUGUST DISBURSEMENT NYAHURURU (2).csv
LN-183,,,710711406,,,Karibu (6 Wks),3000,4168,30,28/8/2026,70028/8/2026,Nyahururu,,YES - In Arrears,Migrated from AUGUST DISBURSEMENT NYAHURURU (2).csv
LN-186,,,740364099,,,Karibu (6 Wks),3000,1665,30,28/8/2026,70028/8/2026,Nyahururu,,YES - In Arrears,Migrated from AUGUST DISBURSEMENT NYAHURURU (2).csv
LN-185,,,724836941,,,Unknown,2000,0,0,28/8/2026,84028/8/2026,Nyahururu,,NO - Paid,Migrated from AUGUST DISBURSEMENT NYAHURURU (2).csv
LN-178,,,758091413,,,Unknown,2000,0,0,27/8/2026,84027/8/2026,Nyahururu,,NO - Paid,Migrated from AUGUST DISBURSEMENT NYAHURURU (2).csv
LN-177,,,745242789,,,Karibu (6 Wks),3000,2272,30,27/8/2026,91027/8/2026,Nyahururu,,YES - In Arrears,Migrated from AUGUST DISBURSEMENT NYAHURURU (2).csv
LN-176,,,726784976,,,Karibu (6 Wks),3000,10000,30,27/8/2026,70027/8/2026,Nyahururu,,YES - In Arrears,Migrated from AUGUST DISBURSEMENT NYAHURURU (2).csv
LN-179,,,758991413,,,Karibu (6 Wks),3000,4999,30,27/8/2026,70027/8/2026,Nyahururu,,YES - In Arrears,Migrated from AUGUST DISBURSEMENT NYAHURURU (2).csv
LN-182,,,704746868,,,Karibu (6 Wks),3000,0,30,27/8/2026,70027/8/2026,Nyahururu,,NO - Paid,Migrated from AUGUST DISBURSEMENT NYAHURURU (2).csv
LN-181,,,723519085,,,Karibu (6 Wks),3000,2165,30,27/8/2026,91027/8/2026,Nyahururu,,YES - In Arrears,Migrated from AUGUST DISBURSEMENT NYAHURURU (2).csv
LN-180,,,707492014,,,Karibu (6 Wks),3000,3663,30,27/8/2026,77027/8/2026,Nyahururu,,YES - In Arrears,Migrated from AUGUST DISBURSEMENT NYAHURURU (2).csv
LN-171,,,728290725,,,Karibu (6 Wks),3600,0,30,26/8/2026,109226/8/2026,Nyahururu,,NO - Paid,Migrated from AUGUST DISBURSEMENT NYAHURURU (2).csv
LN-170,,,714503794,,,Karibu (6 Wks),3000,0,30,26/8/2026,70026/8/2026,Nyahururu,,NO - Paid,Migrated from AUGUST DISBURSEMENT NYAHURURU (2).csv
LN-169,,,724024611,,,Karibu (6 Wks),3000,2165,30,26/8/2026,91026/8/2026,Nyahururu,,YES - In Arrears,Migrated from AUGUST DISBURSEMENT NYAHURURU (2).csv
LN-175,,,711973607,,,Karibu (6 Wks),4000,0,30,26/8/2026,168026/8/2026,Nyahururu,,NO - Paid,Migrated from AUGUST DISBURSEMENT NYAHURURU (2).csv
LN-173,,,790082214,,,Karibu (6 Wks),3000,6100,30,26/8/2026,84026/8/2026,Nyahururu,,YES - In Arrears,Migrated from AUGUST DISBURSEMENT NYAHURURU (2).csv
LN-172,,,714076538,,,Unknown,2000,0,0,26/8/2026,84026/8/2026,Nyahururu,,NO - Paid,Migrated from AUGUST DISBURSEMENT NYAHURURU (2).csv
LN-163,,,701483016,,,Karibu (6 Wks),3000,1830,30,25/8/2026,77025/8/2026,Nyahururu,,YES - In Arrears,Migrated from AUGUST DISBURSEMENT NYAHURURU (2).csv
LN-164,,,757601818,,,Karibu (6 Wks),3000,10000,30,25/8/2026,70025/8/2026,Nyahururu,,YES - In Arrears,Migrated from AUGUST DISBURSEMENT NYAHURURU (2).csv
LN-161,,,721950008,,,Unknown,2000,0,0,25/8/2026,63025/8/2026,Nyahururu,,NO - Paid,Migrated from AUGUST DISBURSEMENT NYAHURURU (2).csv
LN-162,,,797775990,,,Karibu (6 Wks),3600,0,30,25/8/2026,109225/8/2026,Nyahururu,,NO - Paid,Migrated from AUGUST DISBURSEMENT NYAHURURU (2).csv
LN-167,,,115563126,,,Karibu (6 Wks),3000,1665,30,25/8/2026,70025/8/2026,Nyahururu,,YES - In Arrears,Migrated from AUGUST DISBURSEMENT NYAHURURU (2).csv
LN-168,,,114744475,,,Karibu (6 Wks),3000,10000,30,25/8/2026,70025/8/2026,Nyahururu,,YES - In Arrears,Migrated from AUGUST DISBURSEMENT NYAHURURU (2).csv
LN-165,,,700677627,,,Karibu (6 Wks),3000,0,30,25/8/2026,70025/8/2026,Nyahururu,,NO - Paid,Migrated from AUGUST DISBURSEMENT NYAHURURU (2).csv
LN-166,,,706535129,,,Karibu (6 Wks),3000,1665,30,25/8/2026,70025/8/2026,Nyahururu,,YES - In Arrears,Migrated from AUGUST DISBURSEMENT NYAHURURU (2).csv
LN-153,,,715365131,,,Karibu (6 Wks),3000,0,30,24/8/2026,91024/8/2026,Nyahururu,,NO - Paid,Migrated from AUGUST DISBURSEMENT NYAHURURU (2).csv
LN-154,,,728981668,,,Karibu (6 Wks),3000,0,30,24/8/2026,70024/8/2026,Nyahururu,,NO - Paid,Migrated from AUGUST DISBURSEMENT NYAHURURU (2).csv
LN-152,,,708199244,,,Karibu (6 Wks),4000,17000,30,24/8/2026,168024/8/2026,Nyahururu,,YES - In Arrears,Migrated from AUGUST DISBURSEMENT NYAHURURU (2).csv
LN-150,,,740548417,,,Unknown,2000,0,0,24/8/2026,63024/8/2026,Nyahururu,,NO - Paid,Migrated from AUGUST DISBURSEMENT NYAHURURU (2).csv
LN-151,,,769621536,,,Karibu (6 Wks),4500,3250,30,24/8/2026,136524/8/2026,Nyahururu,,YES - In Arrears,Migrated from AUGUST DISBURSEMENT NYAHURURU (2).csv
LN-155,,,758849257,,,Unknown,2000,0,0,24/8/2026,70024/8/2026,Nyahururu,,NO - Paid,Migrated from AUGUST DISBURSEMENT NYAHURURU (2).csv
LN-159,,,743647697,,,Unknown,2000,0,0,24/8/2026,63024/8/2026,Nyahururu,,NO - Paid,Migrated from AUGUST DISBURSEMENT NYAHURURU (2).csv
LN-158,,,794817796,,,Karibu (6 Wks),3000,0,30,24/8/2026,70024/8/2026,Nyahururu,,NO - Paid,Migrated from AUGUST DISBURSEMENT NYAHURURU (2).csv
LN-160,,,724479261,,,Unknown,2000,0,0,24/8/2026,84024/8/2026,Nyahururu,,NO - Paid,Migrated from AUGUST DISBURSEMENT NYAHURURU (2).csv
LN-156,,,742033906,,,Karibu (6 Wks),3000,1665,30,24/8/2026,70024/8/2026,Nyahururu,,YES - In Arrears,Migrated from AUGUST DISBURSEMENT NYAHURURU (2).csv
LN-157,,,723204844,,,Karibu (6 Wks),3000,0,30,24/8/2026,70024/8/2026,Nyahururu,,NO - Paid,Migrated from AUGUST DISBURSEMENT NYAHURURU (2).csv
