"Month Disbursed","Disbursement Date","Client Name","Client Contact","Client ID","Guarantor Name","Guarantor Contact","Guarantor ID","Amount Disbursed","Repayment Period","Processing Fees","Interest","OLB","Weekly Installment","Total Payments","Total Loan Balance","Loan Officer"
"September","24/9/2026","Micheal Ndege","729823193","","Charles Kirugo","717722011","","30000","6weeks","1500","10500","40500",,,"33750","Joseph"
"September","23/9/2026","Florence Wandaka","714359854","","James  Karika","715778506","564306086","30000","6weeks","1500","10500","40500",,,"33750","Carol"
"September","22/9/2026","Rahab Kabui","711227118","","Benson Mwaniki","724382862","","30000","6weeks","1500","10500","40500",,,"33750","Joseph"
"September","24/9/2026","Harun Nguchita","707029040","","Magdaline Maina","707029040","","20000","6weeks","1400","6000","26000",,,"26000","Peter"
"September","1/9/2026","Catherine Mbuni","727865456","","Hannah Macharia ","726503829","","30000","6weeks","1500","10500","40500",,,"25000","Carol"
"October","2/10/2026","Lucy Munene","720813561","","Cecilia  Mumbua","715426487","36275179","19000","6weeks","1330","5800","24800",,,"24800","Carol"
"September","28/9/2026","Agnes Muburi","704163771","","Teresiah Gichohi","727306592","21631981","20000","4weeks","1400","4000","24000",,,"24000","Carol"
"September","17/9/2026","Sarah Nderitu","715706681","","Samuel Maina ","722948117","","25000","6weeks","1400","9050","34050",,,"22700","Joseph"
"September","29/9/2026","Lydia Kamau","701035799","","Ann Mwangi","703322932","","15000","6weeks","1050","4500","19500",,,"19500","Peter"
"September","23/9/2026","Bancy Waweru","711973607","","Peter Njoroge","742103835","4671412","20000","4weeks","1400","4000","20000",,,"18000","Carol"
"August","24/8/2026","Mary Mwaura","708199244","","Norman Macharia","70509057",,"20000","4weeks","500","4000","24000","6000","7000","17000","Cate"
"October","2/10/2026","Pierra Makena","740854760","","James Manyara","744847721","21148395","12000","6weeks","840","3600","15600",,,"15600","Damaris"
"September","29/9/2026","Glagys Waweru","717622386","","Milka Wanjiku","1088117449","","12000","4weeks","840","2400","14400",,,"14400","Peter"
"October","2/10/2026","Diana Kageha","769409406","","Tabitha Wandaka","700469416","","12000","4weeks","840","2400","14400",,,"14400","Peter"
"August","31/8/2026","Margaret Wamai","721142486","","Joseph Maina","721794032",,"30000","6weeks","500","10500","40500","6750","27000","13500","Cate"
"September","25/9/2026","Damaris Kimathi ","728290725","","Elizabeth Wangui","714592685","2850183","12000","6weeks","840","3600","15600",,,"13000","Carol"
"October","","Jecinta Nduta ","769621536","","Grace Njuguna ","724544938","20781055","10000","6weeks","700","3000","13000",,,"13000","Carol"
"September","16/9/2026","Hannah Kuria","799871943","","Sarah Kuria","742728359","30667729","12000","6weeks","840","3600","15600",,,"13000","Carol"
"October","2/10/2026","Josphat Gitonga","748310063","","Simon Mwangi","721425519","9812519","10000","6weeks","700","3000","13000",,,"13000","Carol"
"September","21/9/2026","Faith Muturi","721318231","","Eunice Nyambura","705850703","20281492","12000","6weeks","700","3600","15600",,,"13000","Carol"
"September","7/9/2026","Esther Jairus","112149690","","Lukas Ngugi","759900772","","20000","6weeks","1400","6000","26000",,,"12998","Carol"
"September","28/9/2026","John Mwangi","720241837","","Monica Njeri","794326731","","10000","4weeks","700","2000","12000",,,"12000","Peter"
"September","28/9/2026","Simon Mtigiugu","798632927","","Peter  waititu","720323599","","10000","4weeks","700","2000","12000",,,"12000","Peter"
"September","17/9/2026","Susyline Mukomunene","723495587","","Joyce Macharia","729417206","13211850","12000","6weeks","840","3600","15600",,,"11500","Carol"
"September","28/9/2026","Esther Kahihia","722655548","","Mary Wanjiru","701481316","","8000","6weeks","700","3000","11000",,,"11000","Carol"
"September","28/9/2026","Beth Muiruri","720630896","","Martha Wairimu","113244500","37183640","8000","6weeks","700","3000","11000",,,"11000","Carol"
"September","14/9/2026","Joyce Mwangi","711686002","","David Mwangi","757069418","","12000","6weeks","840","3600","15600",,,"11000","Joseph"
"September","25/9/2026","Mary Kariuki","707655312","","Janet Matanu","711346285","","10000","6weeks","700","3000","13000",,,"10833","Joseph"
"September","21/9/2026","Tabitha Macharia","704244146","","Christine Makena","725385232","25716147","10000","6weeks","700","3000","13000",,,"10833","Damaris"
"September","25/9/2026","Susan Mburu","791542906","","Esther Njoroge","710467216","13219284","10000","6weeks","700","3000","13000",,,"10833","Carol"
"September","22/9/2026","Alice Ngugi","729144308","","Margaret Macharia","700570661","42101696","10000","6weeks","700","3000","13000",,,"10833","Carol"
"September","21/9/2026","Samuel Muya ","725380367","","Hellen Muiruri","728534959","","10000","6weeks","700","3000","13000",,,"10833","Joseph"
"September","23/9/2026","Leonard Mwai","723849109","","Alfred Etale","711237285","25788317","10000","6weeks","700","3000","13000",,,"10833","Carol"
"September","16/9/2026","Daniel Ekadeli","7922579608","","Paulina Isaka","743748162","40090371","10000","6weeks","700","3000","13000",,,"10833","Damaris"
"September","24/9/2026","Esther Kimari","726683825","","Rahab Njambi","746194202","25284182","10000","6weeks","700","3000","13000",,,"10833","Carol"
"September","18/9/2026","Godfrey Mugo","715365131","","Philis Maina","713543764","","12000","6weeks","840","3600","15600",,,"10400","Joseph"
"September","14/9/2026","Mary Mwangi","714885607","","Simon Mwangi","796216948","","12000","6weeks","840","3600","15600",,,"10400","Joseph"
"September","14/9/2026+A55:A62","Esther Ngugi","710540080","","Joyce Njoroge","724066021","","12000","6weeks","840","3600","15600",,,"10400","Joseph"
"September","17/9/2026","Peter Waihenya","712833328","","Elizabeth Wangari","792402413","","12000","6weeks","840","3600","15600",,,"10400","Joseph"
"October","3/10/2026","Rodah Ngarari","725559308","","Susan Wanjiku","705102133","","7000","6weeks","700","3000","10000",,,"10000","Peter"
"October","3/10/2026","Beatrice  Achoto","795314749","34385557","Jedidah Kamais","726271471","31757130","7000","6weeks","700","3000","10000",,,"10000","Carol"
"October","2/10/2026","Janet Koech","795884457","","Regina Lorei","724263450","22958472","7000","6weeks","700","3000","10000",,,"10000","Damaris"
"October","3/10/2026","Marion Karunge","791046162","","Ann Waruru","714388690","","7000","6weeks","700","3000","10000",,,"10000","Peter"
"October","3/10/2026","Naomi Mbuthia","790058345","","Peter Kabata","11510784","","8000","4weeks","700","2000","10000",,,"10000","Joseph"
"October","","Daniel Wambui","728981668","","Sabina Akope","769325233","32435433","7000","6weeks","500","3000","10000",,,"10000","Damaris"
"October","2/10/2026","James Njuguna","718886595","","Joseph Njoroge","726547536","","7000","6weeks","700","3000","10000",,,"10000","Peter"
"October","2/10/2026","Serah Muthura","725818764","","Mary Kariuki","720847355","12487050","8000","4weeks","700","2000","10000",,,"10000","Damaris"
"October","2/10/2026","Alice Wairimu ","715068622","","John Mucheru","790275139","37173662","7000","6weeks","700","3000","10000",,,"10000","Damaris"
"October","2/10/2026","Esther kimani ","719700664","","peter kimani ","107748401","","7000","6weeks","700","3000","10000",,,"10000","Joseph"
"October","2/10/2026","Margaret Muchemi","700430558","27744743","Miriam Maina","724225761","","7000","6weeks","700","3000","10000",,,"10000","Damaris"
"October","2/10/2026","George Njuguna","710733293","","Peter Ndungu","742259071","348261322","7000","6weeks","700","3000","10000",,,"10000","Carol"
"August","27/8/2026","Daniel Doya","726784976","","Hannah Njuguna","711962072",,"7000","6weeks","700","3000","10000","1667","0","10000","Cate"
"August","25/8/2026","Brian Wanyama","114744475","","Lucy Nderitu","744652580",,"7000","6weeks","500","3000","10000","1667","0","10000","Cate"
"August","25/8/2026","Harriet Kibuchi","757601818","","Francis Muchai","76227036",,"7000","6weeks","500","3000","10000","1667","0","10000","Cate"
"September","28/9/2026","James Wanyiri","714503794","","Joyce Kiboi","745128614","35237828","7000","6weeks","700","3000","10000",,,"10000","Carol"
"September","28/9/2026","Benson Wahome","748485559","","David Kamau","791470552","","7000","6weeks","700","3000","10000",,,"10000","Peter"
"September","29/9/2026","Edwin Montana","742033906","","Peter Irungu","790412246","","7000","6weeks","700","3000","10000",,,"10000","Joseph"
"September","28/9/2026","Judy Gitau","722527858","","Penina maina","722706813","","7000","6weeks","700","3000","10000",,,"10000","Joseph"
"September","22/9/2026","Jane Kuuti","768824476","","Diana Okeyo","768094794","40206258","8000","6weeks","700","3000","11000",,,"9166","Carol"
"September","22/9/2026","Hillary Kirwa","729518016","","Norman Ngige","711063122","","8000","6weeks","700","3000","11000",,,"9166","Peter"
"September","17/9/2026","Francis Njinju","704424647","","Peter Mwaura","711767396","20396292","10000","6weeks","700","3000","13000",,,"9133","Carol"
"September","8/9/2026","Jesika Kangala","797775990","","Jane Nyambura","748608288","","14000","6weeks","980","4200","18200",,,"9098","Peter"
"September","25/9/2026","Papeshwa Githinji","716339627","","Magdaline Wambui","740182164","2950661","10000","4weeks","700","2000","12000",,,"9000","Damaris"
"September","29/9/2026","Grace Gachuhi","726949202","","Tabitha Ndegwa","728773170","","7000","4weeks","700","2000","9000",,,"9000","Peter"
"September","21/9/2026","Anthony  Munene","714076538","","Ibrahim Kingori","798654955","","10000","4weeks","700","2000","12000",,,"9000","Joseph"
"September","22/9/2026","Teresa Gatheru","724836941","","Grace Njeri","743320897","","10000","4weeks","700","2000","12000",,,"9000","Peter"
"October","2/10/2026","Simon Loter","791933445","","Charles Wambugu","726765939","6835432","7000","4weeks","700","2000","9000",,,"9000","Damaris"
"September","22/9/2026","Anthony Muthoni","724479261","","Joyce Ndunge","728649729","","10000","4weeks","700","2000","12000",,,"9000","Peter"
"September","24/9/2026","Winnie Ndirangu","758091413","36004000","Winnie ndirangu","759607572","32416632","10000","4weeks","700","2000","12000",,,"9000","Carol"
"October","2/10/2026","Peter Mbugua","721356359","","Duncan Njeri","721401919","","7000","4weeks","700","2000","9000",,,"9000","Joseph"
"September","22/9/2026","Agnes Mwihaki","713101470","20043507","Mary Maina","110724989","","7000","6weeks","700","3000","10000",,,"8950","Carol"
"September","15/9/2026","Simon Mwago","796216948","","Peris Gathoni","720001026","28461332","10000","6weeks","700","3000","13000",,,"8666","Damaris"
"September","18/9/2026","Samuel Gichia","702028822","","Paul Mwangi","713501528","","10000","6weeks","700","3000","13000",,,"8666","Peter"
"September","14/9/2026","Ann Wangari","705304253","","Naomi Bosibori","706841567","","10000","6weeks","700","3000","13000",,,"8666","Joseph"
"September","14/9/2026","Joseph Munene","714716360","","Richard Kamau","758589148","","10000","6weeks","700","3000","13000",,,"8666","Joseph"
"September","18/9/2026","Pauline Kamau","708448209","","Ann Mugambi","116691166","","10000","6weeks","700","3000","13000",,,"8666","Joseph"
"September","22/9/2026","Tabitha Muiga","729828281","","Susan Muchiri","713328411","2887671","7000","6weeks","700","3000","10000",,,"8350","Carol"
"September","24/9/2026","Selina  Ekitela","745464053","","Susan Lomonyang","792049791","10316935","7000","6weeks","700","3000","10000",,,"8333","Carol"
"September","25/9/2026","Kelvin Kimaru","700677627","","Charity Karia","724348241","","7000","6weeks","700","3000","10000",,,"8333","Peter"
"September","25/9/2026","Doreen Kipchirchir","791981144","","Naomi Muthoni","714584701","","7000","6weeks","700","3000","10000",,,"8333","Joseph"
"September","22/9/2026","Martha Mwinga","711869409","13132580","Ann Mwangi","710686602","21867011","7000","6weeks","700","3000","10000",,,"8333","Carol"
"September","21/9/2026","Patricia Githinji","727828552","","Jane Wanjiku","726657229","21703988","7000","6weeks","700","3000","10000",,,"8333","Damaris"
"September","18/9/2026","Mary Wambui","757091865","","Gladys Wahito","725084524","","7000","6weeks","700","3000","10000",,,"8333","Peter"
"September","25/9/2026","Molly Atieno","703832288","","Jerusha Chege","725544551","21867011","7000","6weeks","700","3000","10000",,,"8330","Carol"
"September","18/9/2026","James Kaboro","703915750","","Rose Kamuri","720024027","","7000","6weeks","700","3000","10000",,,"8134","Peter"
"September","11/9/2026","Mary Kingori","792149332","","Mary Wangui","721786012","","7000","6weeks","700","3000","10000",,,"8033","Peter"
"September","16/9/2026","Milfridah Manyibe","742982500","","Peter Onyari","723791251","9149045","9000","6weeks","700","3000","12000",,,"8000","Carol"
"September","10/9/2026","Winnie Mwangi","715616331","","kelvin Mwangi","704690718","","12000","6weeks","840","3600","15600",,,"7800","Joseph"
"September","8/9/2026","Martin Kiarie","718846710","","Paul Kimani","708382465","","12000","6weeks","840","3600","15600",,,"7800","Joseph"
"September","8/9/2026","Magdaline Karuri","727364504","","Jane Njogu","792519004","10512975","12000","6weeks","840","3600","15600",,,"7800","Carol"
"September","15/9/2026","Mercy Njuguna","746828913","","Grace Mwenda ","718529941","","8000","6weeks","700","3000","11000",,,"7666","Carol"
"September","25/9/2026","Caroline kimuhu","758849257","","Stephen Kinyanjui","748300019","","8000","4weeks","700","2000","10000",,,"7500","Peter"
"September","17/9/2026","Zipporah Muriithi","700480519","","Teresiah Maina","715873084","","8000","6weeks","700","3000","11000",,,"7332","Joseph"
"September","16/9/2026","Hannah Muraguri","746405759","","Sara Migwi","718102970","","8000","6Weeks","700","3000","11000",,,"7332","Joseph"
"September","14/9/2026","Jennifer Samuel","725709459","","Kenneth kuria","722416830","13685946","8000","6weeks","700","3000","11000",,,"7332","Carol"
"September","21/9/2026","Grace Wambui","705191158","","Grace Cherotich","762070095","37056737","7000","6weeks","700","3000","10000",,,"7097","Damaris"
"September","16/9/2026","Edwin Macharia Gaka","797064363","","Wilson Mutonga","717892112","","7000","6weeks","700","3000","10000",,,"6933","Damaris"
"September","11/9/2026","Susan Mwaura","724350985","","Rachel Kiambati","796102762","","10000","4weeks","700","2000","12000",,,"6900","Peter"
"September","8/9/2026","Virginia wairimu","718871498","","Rahab Nyambura","700144012","","7000","6weeks","700","3000","10000",,,"6866","Peter"
"September","25/9/2026","Elizabeth Lesurment","113811503","38594534","Serah Mugure","705287823","38594534","7000","4weeks","700","2000","9000",,,"6750","Damaris"
"September","25/9/2026","Jane Ngata","743647697","","Charles Munene","741796731","","7000","4weeks","700","2000","9000",,,"6750","Peter"
"September","24/9/2026","Keziah Wangechi","115006398","29484668","Beatrice Wangu","","33115042","7000","4weeks","700","2000","9000",,,"6750","Damaris"
"September","25/9/2026","Mercy Njuguna","794817796","","Zipporah Njuki","702282198","","7000","4weeks","700","2000","9000",,,"6750","Peter"
"September","25/9/2026","Leah Kanyango","721950008","","Alice Wachira","727258550","","7000","4weeks","700","2000","9000",,,"6750","Peter"
"September","25/9/2026","Faith Nduta","715024838","","Alice wanjiru","705729772","11468072","7000","4weeks","700","2000","9000",,,"6750","Damaris"
"September","21/9/2026","Esther Lomelo","725995376","","Mercy Nabei","741508090","41854695","7000","4weeks","700","2000","10000",,,"6750","Carol"
"September","18/9/2026","Boniface Wanjiru","758394044","","kelvin Mwangi","746652412","","7000","6weeks","700","3000","10000",,,"6666","Carol"
"September","14/9/2026","Susan Mburu","113300495","","Charles Nganga","721920114","","7000","6weeks","700","3000","10000",,,"6666","Joseph"
"September","16/9/2026","Patricia Waithera","721111140","","Charity  Wangui","712561516","2134179","7000","6weeks","700","3000","10000",,,"6666","Joseph"
"September","16/9/2026","Agnes Machua","724446422","","Mercy Busianei","726768133","","7000","6weeks","700","3000","10000",,,"6666","Peter"
"September","11/9/2026","Jedidah Wambui","705102985","","Joy Kamwere","714203055","","7000","6weeks","700","3000","10000",,,"6666","Peter"
"September","4/9/2026","Elizabeth Mathaga","706607577","","Moses Mathaga","743458451","5173672","10000","6weeks","700","3000","13000",,,"6499","Carol"
"September","9/9/2026","Joyce Macharia","729417206","","Joseph Gachoki","745945541","8678387","10000","6weeks","700","3000","13000",,,"6499","Carol"
"September","2/9/2026","Jane Theuri","795544079","","John Theuri","713472309","","10000","6weeks","700","3000","13000",,,"6499","Carol"
"August","26/8/2026","Robinson Kariuki","790082214","","Maryann Maina","712258783",,"9000","6weeks","500","3000","12000","2000","5900","6100","Peter"
"September","7/9/2026","Mercy Macharia","715228494","","Mercy Njoiki","727816849","","7000","6weeks","700","3000","10000",,,"6066","Peter"
"September","16/9/2026","Sarah Ndungu","706439225","","Alex Mwiti","10660229","42319022","10000","4weeks","700","2000","12000",,,"6000","Carol"
"September","10/9/2026","Jane Njogu","746811444","","John Nderitu","115403692","2266044","9000","6weeks","700","3000","12000",,,"6000","Carol"
"September","9/9/2026","Teresia Kinyua","705400456","14476495","Francis Njoroge","746322882","13210626","8000","6weeks","700","3000","11000",,,"5498","Joseph"
"September","9/9/2029","Catherine Muchoki","792612031","","Mary Wanjiku","716523140","29104668","7000","6weeks","700","3000","10000",,,"5400","Carol"
"August","31/8/2026","Josphat Kamanu ","724701702","","Jane Wanjiku","710576285",,"12000","6weeks","500","3600","15600","2600","10400","5200","Cate"
"September","8/9/2026","Mary Remoi","701169467","","Agnes Barno","712438585","","8000","6weeks","700","3000","11000",,,"5198","Peter"
"September","7/9/2026","Jeddy Wachira","707593937","","Everline   Wachira","704452061","3647165","10000","6weeks","700","3000","10000",,,"4999","Joseph"
"September","8/9/2026","Alloys Mathenge","799332321","","Cicily Wambui","717004382","28614982","7000","6weeks","700","3000","10000",,,"4999","Damaris"
"September","11/9/2026","Naomi Gituria","794029149","","Esther Gweche","717512042","","7000","6weeks","700","3000","10000",,,"4999","Peter"
"September","8/9/2026","Serah Chege","727877025","","Sarah Chege","726297808","","7000","6weeks","700","3000","10000",,,"4999","Carol"
"September","10/9/2026","Martha Kariuki","742751846","","Janet Matanu","711346285","","7000","6weeks","700","3000","10000",,,"4999","Peter"
"August","31/8/2026","Rabecca Echom","794400120","","Faith Nyambura","7200886677",,"7000","6weeks","500","3000","10000","1667","5001","4999","Damaris"
"September","9/9/2026","Daniel Gitau","794416300","","Glady Njeri","728397868","","7000","6weeks","700","3000","10000",,,"4999","Peter"
"September","10/9/2026","Joyce Munyiri","740300218","","Neema Loliam","722117246","23148113","7000","6weeks","700","3000","10000",,,"4999","Damaris"
"August","27/8/2026","Alice Naserian","758991413","","Patricia wacuka","752560980",,"7000","6weeks","500","3000","10000","1667","5001","4999","Cate"
"September","10/9/2026","Caroline Ngari","740605836","","Monica Ngige","703215864","","7000","6weeks","700","3000","10000",,,"4993","Joseph"
"September","2/9/2026","Mary Karuri","721994091","","Catherine Karuri","715747740","","10000","6weeks","700","3000","13000",,,"4332","Carol"
"August","31/8/2026","Grace Njuguna","724544938","","Rabecca Njuguna","740441273",,"10000","6weeks","500","3000","13000","2167","8668","4332","Carol"
"September","1/9/2026","Gladwel Thindi","727387416","","Susan Wanjohi","710954164","","10000","6weeks","700","3000","13000",,,"4332","Carol"
"August","28/8/2026","Rahab Kagema","710711406","","Beth Gichohi","757956212",,"7000","6weeks","700","3000","10000","1667","5832","4168","Carol"
"September","4/9/2026","Jane Njoroge","720552419","","Samwel Njoroge","756240295","","9000","6weeks","700","3000","12000",,,"4000","Peter"
"August","27/8/2026","Lucy Wachira","707492014","","Esther Njuguna","720311445",,"8000","6weeks","500","3000","11000","1834","7337","3663","Cate"
"September","11/9/2026","Kelvin Njau","796250750","","Julius Njau ","741199155","35392700","12000","4weeks","840","2400","14400",,,"3600","Peter"
"September","10/9/2026","Charity Mwangi","724210636","","Rosemary Njeri","740491220","","10000","6weeks","700","3000","13000",,,"3499","Joseph"
"September","10/9/2026","Salome Kibunja","719105265","","Daniel Gitau","726580019","","10000","6weeks","700","3000","13000",,,"3499","Peter"
"September","10/9/2026","Lucia Macharia","715390575","","Daniel Maina","759859581","30815397","10000","6weeks","700","3000","13000",,,"3499","Carol"
"September","10/9/2026","Joseph Mwangi","799835033","","Esther Wambui","726683825","26757694","10000","6weeks","700","3000","13000",,,"3499","Carol"
"September","4/9/2026","Esther Gachigiri","795157747","","Rose Muchoki","757630138","","7000","6weeks","700","3000","10000",,,"3332","Peter"
"August","31/8/2026","Francis Njuguna","119173109","","Mary Wanjiku","728845042",,"7000","6weeks","500","3000","10000","1667","6668","3332","Peter"
"September","2/9/2026","Racheal Mwangi","741590773","","Alice Irungu","791282933","5216122","7000","6weeks","700","3000","10000",,,"3332","Carol"
"August","28/8/2026","John Maingi","724712026","","Leah Karimi","746563025",,"14000","6weeks","500","4200","18200","3034","15170","3030","Cate"
"September","7/9/2026","Serah Nganga","724164082","","Rachel Njoroge","727992553","","10000","4weeks","700","2000","12000",,,"3000","Joseph"
"August","31/8/2026","Samuel Chege","793568159","","Veronica Nyokabi","748306569",,"7000","4weeks","700","2000","9000","2250","6150","2850","Peter"
"September","8/9/2026","Lukas kabui","759900772","","Micheal Gatimu","710625385","","9000","4weeks","700","2000","11000",,,"2750","Peter"
"August","27/8/2026","Ruth Kihara","745242789","","Janet Koech","795884457",,"10000","6Weeks","700","3000","13000","2167","10728","2272","Peter"
"September","9/9/2026","Catherine Nduta ","720340478","","Esther Mwaniki","720132021","23255554","7000","4 weeks","700","3000","9000",,,"2250","Carol"
"August","26/8/2026","Jane Naivest","724024611","","Agnes Lele","795493127",,"10000","6weeks","500","3000","13000","2167","10835","2165","Carol"
"August","27/8/2026","Simon Mutunga","723519085","","Grace Mathaga","712989540",,"10000","6weeks","500","3000","13000","2167","10835","2165","Peter"
"August","25/8/2026","Mary Kimamo","701483016","","James Apere","719699112",,"8000","6weeks","500","3000","11000","1834","9170","1830","Cate"
"August","26/82026","Metrine Lukuyi","700041662","","Mary Wangui","721778601",,"7000","6weeks","700","3000","10000","1667","8335","1665","Peter"
"August","24/8/2026","Edwin Montana","742033906","","Peter Irungu","790412246",,"7000","6weeks","500","3000","10000","1667","8335","1665","Cate"
"August","28/8/2026","Joseph Wairimu","740364099","","Silvia Wambui","1133391643",,"7000","6weeks","700","3000","10000","1667","8335","1665","Damaris"
"August","25/8/2026","Samuel Macharia ","115563126","","Joseph Waithaka","722337146",,"7000","6weeks","500","3000","10000","1667","8335","1665","Damaris"
"August","25/8/2026","Auther Kiarie","706535129","","Hesbon Mwaniki","746332140",,"7000","6weeks","500","3000","10000","1667","8335","1665","Damaris"
