Disbursement Date,Client Name,Guarantor Name,Client Contact,Client ID,Amount Disbursed,Repayment Period,Processing Fees,Interest,OLB,Weekly Instalment,Total Payments,Total Loan Balance,Loan Officer,Source File
1/7/2026,Mercy Muthoni,Simon Kimathi,769261515,141001738,10000,6weeks,500,3000,13000,2167,13000,0,Peter,JULY DISBURSEMENT (5).csv
3/7/2026,Anthony Muthoni,Joyce Ndunge,724479261,728649729,8000,4weeks,500,2000,10000,2500,6000,0,Peter,JULY DISBURSEMENT (5).csv
6/7/2026,Agnes Machua,Mercy Busianei,724446422,726768133,5000,4weeks,500,1000,6000,1500,6000,0,Peter,JULY DISBURSEMENT (5).csv
6/7/2026,Jackline Lesemante,Rabecca Echom,118525881,794400120,7000,6weeks,500,2000,10000,1667,10000,0,Peter,JULY DISBURSEMENT (5).csv
6/7/2026,Salome Kibunja,David Gitau,719105265,726580019,10000,6weeks,500,3000,13000,2167,13000,0,Peter,JULY DISBURSEMENT (5).csv
6/7/2026,James Kaboro,Magdaline Maina ,703915750,720024027,7000,6weeks,500,3000,10000,1667,10000,0,Peter,JULY DISBURSEMENT (5).csv
6/7/2026,Jane Njoroge,Samwel Njoroge,720552419,756240295,7000,4weeks,500,2000,9000,2250,9000,0,Peter,JULY DISBURSEMENT (5).csv
6/7/2026,Teresa Gatheru,Grace Njeri,724836941,743320897,10000,4weeks,500,2000,12000,3000,12000,0,Peter,JULY DISBURSEMENT (5).csv
6/7/2026,Caroline Ngugi,Nancy Mukami,743725400,769386968,7000,6weeks,500,3000,10000,1667,9000,1000,Peter,JULY DISBURSEMENT (5).csv
6/7/2026,Ann Njoroge,Teresia Njoroge,715747806,798764337,7000,6weeks,500,3000,10000,1667,10000,0,Peter,JULY DISBURSEMENT (5).csv
7/6/2026,Damaris Nderitu,Veronica Muchiri,724051213,707234349,7000,6weeks,500,3000,10000,1667,10000,0,Peter,JULY DISBURSEMENT (5).csv
7/7/2026,Joyce Wandaka, Tabitha Maina,793621965,728627914,25000,6weeks,500,9050,34050,5675,34050,0,Peter,JULY DISBURSEMENT (5).csv
8/7/2026,Marion Karunge,Ann Waruiru,791046162,714388690,7000,6weeks,500,3000,10000,1667,10000,0,Peter,JULY DISBURSEMENT (5).csv
8/7/2026,Susan Mwaura,Racheal Kiambati,724350985,796102762,14000,6weeks,500,4200,18200,3034,18200,0,Peter,JULY DISBURSEMENT (5).csv
8/7/2026,Rahab Njambi,Catherine Maina,746194202,736819560,7000,6weeks,500,3000,10000,1667,4999,5001,Peter,JULY DISBURSEMENT (5).csv
9/7/2026,Ann Karua,Nancy Mwangi,714734249,700771840,7000,6weeks,500,3000,10000,1667,10000,0,Peter,JULY DISBURSEMENT (5).csv
9/7/2026,Jane Ngata,Charles Munene,743647697,741796731,7000,4weeks,500,2000,9000,2250,9000,0,Peter,JULY DISBURSEMENT (5).csv
10/6/2026,Hillary Kirwa,Norman Ngige,729518016,711063122,7000,6weeks,500,3000,10000,1667,10000,0,Peter,JULY DISBURSEMENT (5).csv
13/7/2026,Mercy Macharia,Mercy Njoiki,715228494,727816849,10000,4weeks,500,3000,12000,2000,12000,0,Peter,JULY DISBURSEMENT (5).csv
13/6/2026,Simon Mtigiugu,Peter  waititu,798632927,720323599,10000,4weeks,500,3000,12000,3000,12000,0,Peter,JULY DISBURSEMENT (5).csv
13/7/2026,Margaret Mugo,Isaac Muhia,721572161,734256765,15000,6weeks,500,4500,19500,3250,19500,0,Peter,JULY DISBURSEMENT (5).csv
13/7/2026,Philomena Nguitui,Francis Nguitui,718400068,700515009,10000,6weeks,500,3000,13000,2167,13000,0,Peter,JULY DISBURSEMENT (5).csv
14/7/2026,Diana Kageha,Tabitha Wandaka,769409406,700469416,9000,4weeks,500,2000,11000,2750,11000,0,Peter,JULY DISBURSEMENT (5).csv
14/7/2026,Virginia wairimu,Rahab Nyambura,718871498,700144012,5000,4weeks,500,1000,6000,1500,6000,0,Peter,JULY DISBURSEMENT (5).csv
14/7/2026,Lydia Kamau,Ann Mwangi,701035799,703322932,12000,4weeks,500,2000,14400,3600,14400,0,Peter,JULY DISBURSEMENT (5).csv
15/7/2026,Beatrice Njaramba,Peter Njaramba,799173612,708387501,10000,4weeks,500,2000,12000,3000,12000,0,Peter,JULY DISBURSEMENT (5).csv
15/7/2026,Lukas kabui,Micheal Gatimu,759900772,710625385,7000,4weeks,500,2000,9000,2250,9000,0,Peter,JULY DISBURSEMENT (5).csv
16/7/2026,John Mwangi,Monica Wanyoike,720241837,794326731,10000,4weeks,500,2000,12000,3000,12000,0,Peter,JULY DISBURSEMENT (5).csv
16/7/2026,Simon Mutunga,Grace Mathaga,723519085,712989540,10000,6weeks,500,3000,13000,2167,13000,0,Peter,JULY DISBURSEMENT (5).csv
16/7/2026,Margaret Wathiegeni,Cecilia Wamuyu,115480067,115944640,5000,4weeks,500,1000,6000,1500,6000,0,Peter,JULY DISBURSEMENT (5).csv
16/7/2026,Daniel Gitau,Glady Njeri,794416300,728397868,5000,4weeks,500,1000,6000,1500,6000,0,Peter,JULY DISBURSEMENT (5).csv
21/7/2026,Jesika Kangala,Jane Nyambura,797775990,748608288,12000,6weeks,500,3600,15600,2600,15600,0,Peter,JULY DISBURSEMENT (5).csv
21/7/2026,Rodah Ngarari,Susan Nderitu,725559308,705102133,5000,4weeks,500,1000,6000,1500,6000,0,Peter,JULY DISBURSEMENT (5).csv
21/7/2026,Robinson Kariuki,Maryann Maina,790082214,712258783,7000,6weeks,500,3000,10000,1667,10000,0,Peter,JULY DISBURSEMENT (5).csv
22/7/2026,Benson Wahome,David Kamau,748485559,791470552,7000,6weeks,500,3000,10000,1667,10000,0,Peter,JULY DISBURSEMENT (5).csv
22/7/2026,Sarah Nderitu,Samuel Maina ,715706681,722948117,20000,4weeks,500,4000,24000,6000,24000,0,Peter,JULY DISBURSEMENT (5).csv
22/7/2026,Glagys Waweru,Milka Wanjiku,717622386,1088117449,12000,4weeks,500,4400,14400,3600,14400,0,Peter,JULY DISBURSEMENT (5).csv
23/7/2026,Harun Ngunjita,Magdaline Maina ,707029040,707029040,20000,6weeks,500,26000,2600,4334,26000,0,Peter,JULY DISBURSEMENT (5).csv
24/7/2026,Magdaline Wacera,Veronica Muchiri,707143090,738427495,7000,6weeks,500,3000,10000,1667,3332,8333,Peter,JULY DISBURSEMENT (5).csv
24/7/2026,Beth Kiarie,Margaret Maina,705757348,769956186,7000,6weeks,500,3000,10000,1667,7666,2334,Peter,JULY DISBURSEMENT (5).csv
24/7/2026,Esther Gachigiri,Rose Muchoki,795157747,757630138,7000,6weeks,500,3000,10000,1667,10000,0,Peter,JULY DISBURSEMENT (5).csv
24/7/2026,Mary Maina,John lebor,110724989,712416909,5000,4weeks,500,1000,6000,1500,6000,0,Peter,JULY DISBURSEMENT (5).csv
27/7/2026,Caroline kimuhu,Stephen Kinyanjui,758849257,748300019,8000,4weeks,500,2000,10000,2500,10000,0,Peter,JULY DISBURSEMENT (5).csv
28/7/2026,Anthony Muthoni,Joyce Ndunge,724479261,728649729,8000,4weeks,500,2000,10000,2500,10000,0,Peter,JULY DISBURSEMENT (5).csv
28/7/2026,Teresa Gatheru,Grace Njeri,724836941,743320897,10000,4weeks,500,2000,12000,3000,12000,0,Peter,JULY DISBURSEMENT (5).csv
28/7/2026,James Njuguna,Joseph Njoroge,718886595,726547536,5000,4weeks,500,1000,6000,1500,6000,0,Peter,JULY DISBURSEMENT (5).csv
28/7/2026,Mary Lokorach,Agnes Barno,701169467,712438585,8000,6weeks,500,3000,11000,1834,11000,0,Peter,JULY DISBURSEMENT (5).csv
28/7/2026,Leah Kanyango,Alice Wachira,721950008,727258550,7000,4weeks,500,2000,9000,2250,9000,0,Peter,JULY DISBURSEMENT (5).csv
28/7/2026,Lucy Karanja,Samuel Kinyua,703418234,114234124,7000,4weeks,500,2000,9000,2250,9000,0,Peter,JULY DISBURSEMENT (5).csv
30/7/2026,Samuel Gichia,Paul Mwangi,702028822,713501528,10000,6weeks,500,3000,13000,2167,13000,0,Peter,JULY DISBURSEMENT (5).csv
21-05-2026,Mercy Wambui Nduati,,790554705,24993751,10000,6weeks,500,30%,13000,2167,16.67%,10833,Peter Nderitu Machira,head_office__current_loans_124454.csv
17-06-2026,Florence Nyambura Mwangi,,758796378,23888450,10000,6weeks,500,30%,13000,4550,35%,8450,Peter Mathenge,head_office__current_loans_124454.csv
18-06-2026,Mary Wangari Ngenyi,,746365638,39779366,7000,6weeks,500,30%,9100,1000,10.99%,8100,Peter Mathenge,head_office__current_loans_124454.csv
19-05-2026,Jane Waithera,,700083991,28514706,7000,6weeks,500,30%,8750,3300,37.71%,5450,Peter Nderitu Machira,head_office__current_loans_124454.csv
16-06-2026,Salome Njoki Kaharu,,743662912,20905006,7000,6weeks,500,30%,9100,4010,44.07%,5090,Peter Mathenge,head_office__current_loans_124454.csv
21-05-2026,Tabitha Nyokabi Njenga,,796291816,21543280,7000,6weeks,500,30%,9100,4844,53.23%,4256,Peter Nderitu Machira,head_office__current_loans_124454.csv
10-06-2026,Jane Mukami Nyiha,,721730653,34602461,7000,6weeks,500,30%,9100,6688,73.49%,2412,Peter Mathenge,head_office__current_loans_124454.csv
19-05-2026,Serah Kimani,,726145455,21626553,7000,6weeks,500,30%,8750,6400,73.14%,2350,Peter Nderitu Machira,head_office__current_loans_124454.csv
